version 1
nodes
0 "Implicit" -1
1 "Rigged Cube_cell" -1
2 "Rigged Cube_cell.001" -1
3 "Rigged Cube_cell.003" -1
4 "Rigged Cube_cell.004" -1
5 "Rigged Cube_cell.005" -1
6 "Rigged Cube_cell.006" -1
7 "Rigged Cube_cell.007_cell.001" -1
8 "Rigged Cube_cell.007_cell.002" -1
9 "Rigged Cube_cell.007_cell.004" -1
10 "Rigged Cube_cell.007_cell.005" -1
11 "Rigged Cube_cell.007_cell.006" -1
12 "Rigged Cube_cell.007_cell.007" -1
13 "Rigged Cube_cell.002_cell" -1
14 "Rigged Cube_cell.002_cell.005" -1
15 "Rigged Cube_cell.002_cell.003_cell.001" -1
16 "Rigged Cube_cell.002_cell.003_cell.004" -1
17 "Rigged Cube_cell.002_cell.003_cell.005" -1
18 "Rigged Cube_cell.002_cell.002_cell" -1
19 "Rigged Cube_cell.002_cell.002_cell.003" -1
20 "Rigged Cube_cell.002_cell.002_cell.004" -1
21 "Rigged Cube_cell.002_cell.001_cell" -1
22 "Rigged Cube_cell.002_cell.001_cell.001" -1
23 "Rigged Cube_cell.002_cell.001_cell.002" -1
24 "Rigged Cube_cell.002_cell.001_cell.003" -1
25 "Rigged Cube_cell.002_cell.001_cell.005" -1
26 "Rigged Cube_cell.002_cell.002_cell.002_cell.001" -1
27 "Rigged Cube_cell.002_cell.002_cell.002_cell.002" -1
28 "Rigged Cube_cell.002_cell.002_cell.002_cell.003" -1
29 "Rigged Cube_cell.002_cell.002_cell.002_cell.004" -1
30 "Rigged Cube_cell.002_cell.002_cell.002_cell.005" -1
31 "Rigged Cube_cell.002_cell.002_cell.002_cell.006" -1
32 "Rigged Cube_cell.002_cell.002_cell.002_cell.007" -1
33 "Rigged Cube_cell.002_cell.002_cell.001_cell" -1
34 "Rigged Cube_cell.002_cell.002_cell.001_cell.001" -1
35 "Rigged Cube_cell.002_cell.002_cell.001_cell.002" -1
36 "Rigged Cube_cell.002_cell.002_cell.001_cell.003" -1
37 "Rigged Cube_cell.002_cell.003_cell.002_cell" -1
38 "Rigged Cube_cell.002_cell.003_cell.002_cell.001" -1
39 "Rigged Cube_cell.002_cell.003_cell.002_cell.002" -1
40 "Rigged Cube_cell.002_cell.003_cell.002_cell.003" -1
41 "Rigged Cube_cell.002_cell.003_cell.002_cell.004" -1
42 "Rigged Cube_cell.002_cell.003_cell.002_cell.005" -1
end
skeleton
time 1
0  0.000000 0.000000 0.000000  0.000000 0.000000 0.000000
1  0.642938 -0.640020 9.254843  1.570796 -0.000000 0.000000
2  0.172336 0.342825 8.542483  1.570796 -0.000000 0.000000
3  0.377008 -0.503853 8.237788  1.570796 -0.000000 0.000000
4  -0.671548 0.522084 8.999755  1.570796 -0.000000 0.000000
5  -0.490876 0.168566 7.989137  1.570796 -0.000000 0.000000
6  -0.628330 -0.366164 8.786304  1.570796 -0.000000 0.000000
7  -0.995846 -0.522264 7.832281  1.570796 -0.000000 0.000000
8  -1.005981 -0.855299 7.603636  1.570796 -0.000000 0.000000
9  -0.997775 -0.394707 8.184109  1.570796 -0.000000 0.000000
10  -1.000406 -0.466091 7.632811  1.570796 -0.000000 0.000000
11  -1.065752 -0.859754 7.421565  1.570796 -0.000000 0.000000
12  -0.999479 -0.812176 8.082716  1.570796 -0.000000 0.000000
13  0.511631 -1.024106 9.262776  1.570796 -0.000000 0.000000
14  0.334357 -1.010440 9.175467  1.570796 -0.000000 0.000000
15  0.389388 -1.038645 9.049715  1.570796 -0.000000 0.000000
16  0.253094 -1.038100 9.046638  1.570796 -0.000000 0.000000
17  0.300331 -1.043557 9.046206  1.570796 -0.000000 0.000000
18  0.761590 -1.043419 9.096562  1.570796 -0.000000 0.000000
19  0.820150 -1.046854 9.133924  1.570796 -0.000000 0.000000
20  0.691538 -1.034934 9.082444  1.570796 -0.000000 0.000000
21  0.267557 -0.986660 9.414498  1.570796 -0.000000 0.000000
22  0.377469 -0.969734 9.427320  1.570796 -0.000000 0.000000
23  0.329091 -0.996443 9.349724  1.570796 -0.000000 0.000000
24  0.251695 -0.985654 9.332725  1.570796 -0.000000 0.000000
25  0.356886 -1.038060 9.448660  1.570796 -0.000000 0.000000
26  0.622169 -1.015916 9.069526  1.570796 -0.000000 0.000000
27  0.641048 -1.035325 9.064775  1.570796 -0.000000 0.000000
28  0.634877 -1.046865 9.065315  1.570796 -0.000000 0.000000
29  0.598736 -1.023172 9.062119  1.570796 -0.000000 0.000000
30  0.612381 -1.037097 9.060836  1.570796 -0.000000 0.000000
31  0.631484 -1.046239 9.052555  1.570796 -0.000000 0.000000
32  0.639512 -1.043854 9.076756  1.570796 -0.000000 0.000000
33  0.562769 -1.048210 9.049459  1.570796 -0.000000 0.000000
34  0.589090 -1.029836 9.059535  1.570796 -0.000000 0.000000
35  0.594285 -1.044501 9.057143  1.570796 -0.000000 0.000000
36  0.581524 -1.042095 9.054647  1.570796 -0.000000 0.000000
37  0.456126 -1.042348 9.050900  1.570796 -0.000000 0.000000
38  0.475334 -1.048805 9.051483  1.570796 -0.000000 0.000000
39  0.477433 -1.043899 9.048806  1.570796 -0.000000 0.000000
40  0.432408 -1.048232 9.045267  1.570796 -0.000000 0.000000
41  0.439986 -1.043347 9.046437  1.570796 -0.000000 0.000000
42  0.463810 -1.029162 9.053949  1.570796 -0.000000 0.000000
time 2
0  0.000000 0.000000 0.000000  0.000000 0.000000 0.000000
1  0.643210 -0.611299 9.264380  1.573412 0.010882 -0.007013
2  0.170644 0.349799 8.533005  1.573604 0.001351 0.003556
3  0.378956 -0.483795 8.178059  1.580575 0.033213 0.019475
4  -0.672441 0.522448 8.990719  1.571906 0.000033 0.004816
5  -0.491199 0.168671 7.979587  1.570294 0.000528 0.001216
6  -0.628330 -0.366164 8.776942  1.570796 -0.000000 0.000000
7  -0.995846 -0.522264 7.822918  1.570796 -0.000000 0.000000
8  -1.005981 -0.855299 7.594274  1.570796 -0.000000 0.000000
9  -0.997775 -0.394707 8.174747  1.570796 -0.000000 0.000000
10  -1.000406 -0.466091 7.623448  1.570796 -0.000000 0.000000
11  -1.065752 -0.859754 7.412203  1.570796 -0.000000 0.000000
12  -0.999479 -0.812176 8.073354  1.570796 -0.000000 0.000000
13  0.500247 -1.021118 9.272469  1.609771 0.081366 0.008801
14  0.323218 -1.009385 9.170864  1.623705 -0.001214 0.029893
15  0.388907 -1.028834 9.050941  0.754015 -0.280730 0.257077
16  0.246267 -1.038448 9.035250  1.402292 0.087233 0.033828
17  0.299409 -1.043949 9.036345  1.489983 0.014940 -0.004304
18  0.766421 -1.049133 9.088472  1.567357 0.012776 0.018296
19  0.821601 -1.047286 9.125853  1.581188 0.017915 0.002942
20  0.715872 -1.024537 9.084659  1.511916 0.102224 -0.092520
21  0.267557 -0.986660 9.405136  1.570796 -0.000000 0.000000
22  0.376942 -0.969101 9.418812  1.583672 0.014965 -0.006848
23  0.328138 -0.995572 9.341536  1.604912 0.009161 0.036390
24  0.250586 -0.984657 9.324677  1.590025 0.011705 0.008441
25  0.356886 -1.038060 9.439298  1.570796 -0.000000 0.000000
26  0.645116 -0.988785 9.074964  -0.587896 2.400599 0.801150
27  0.664282 -1.023699 9.061938  2.040901 -0.125296 -0.573875
28  0.650283 -1.060999 9.067901  1.122503 -0.133772 -1.024395
29  0.596887 -0.970633 9.003227  1.553238 -0.271367 0.008553
30  0.627154 -1.056840 9.060610  0.789957 -0.388993 -1.379322
31  0.677949 -1.086641 8.976707  1.387017 0.119665 -0.096977
32  0.644602 -1.042033 9.078630  1.724093 0.518183 -0.127459
33  0.485689 -1.103820 9.007380  1.415552 -0.033031 0.391929
34  0.552500 -1.016063 9.159793  1.606738 -0.683664 0.399741
35  0.597554 -1.070045 9.035262  -1.656602 -0.299338 -0.042900
36  0.572726 -1.059558 9.040822  1.984204 0.104848 -0.825822
37  0.474619 -1.046170 9.059960  -0.581945 1.969812 -0.490947
38  0.484391 -1.050287 9.047338  2.482933 0.796069 1.360356
39  0.486081 -1.041499 9.039094  1.350652 0.230529 -1.634661
40  0.376491 -1.078346 9.022064  1.395039 -2.203023 -0.378540
41  0.426808 -1.031819 9.002915  1.753733 -0.114790 0.240463
42  0.493257 -1.017756 9.053824  -1.237192 2.900809 0.016927
time 3
0  0.000000 0.000000 0.000000  0.000000 0.000000 0.000000
1  0.644045 -0.583986 9.257560  1.576798 0.022074 -0.014208
2  0.169298 0.358087 8.506169  1.575404 0.001954 0.007185
3  0.381015 -0.464143 8.101358  1.590594 0.065866 0.038742
4  -0.673713 0.522971 8.964819  1.573487 0.000070 0.011664
5  -0.492165 0.169022 7.952628  1.569363 0.002219 0.003897
6  -0.628330 -0.366164 8.750577  1.570796 -0.000000 0.000000
7  -0.995846 -0.522264 7.796554  1.570796 -0.000000 0.000000
8  -1.005981 -0.855299 7.567909  1.570796 -0.000000 0.000000
9  -0.997775 -0.394707 8.148381  1.570796 -0.000000 0.000000
10  -1.000406 -0.466091 7.597084  1.570796 -0.000000 0.000000
11  -1.065752 -0.859754 7.385838  1.570796 -0.000000 0.000000
12  -0.999479 -0.812176 8.046988  1.570796 -0.000000 0.000000
13  0.480444 -1.015375 9.286769  1.684390 0.230500 0.002386
14  0.296826 -1.010350 9.150249  1.738159 0.007480 0.083855
15  0.391283 -1.022111 9.029292  -0.202066 -0.295216 0.372832
16  0.238694 -1.038835 9.006638  1.216658 0.183531 0.069631
17  0.298241 -1.044448 9.009348  1.387234 0.033811 -0.009847
18  0.770869 -1.055425 9.062555  1.533916 0.033052 0.048936
19  0.824424 -1.048110 9.101987  1.591153 0.031859 0.007781
20  0.740828 -1.013050 9.069870  1.448690 0.214699 -0.182368
21  0.266400 -0.985368 9.380940  1.596164 0.017116 -0.002878
22  0.375677 -0.967704 9.395253  1.625412 0.034620 -0.012952
23  0.325567 -0.993645 9.317743  1.684989 0.049026 0.120168
24  0.245970 -0.981645 9.301562  1.662216 0.049214 0.050217
25  0.356873 -1.038104 9.412947  1.573020 -0.000494 -0.001096
26  0.666660 -0.961064 9.063622  2.212359 -0.137877 1.321631
27  0.687176 -1.012856 9.041435  2.466614 -0.114127 -1.143212
28  0.666035 -1.079644 9.050455  0.574025 -0.685648 -1.635299
29  0.595042 -0.918182 8.927418  1.531003 -0.541330 0.023647
30  0.637605 -1.072941 9.040182  -2.263813 -2.112297 0.219948
31  0.724334 -1.126975 8.883970  1.190513 0.220467 -0.215241
32  0.653607 -1.039288 9.069675  2.223716 0.798292 -0.202810
33  0.422835 -1.162786 8.948331  1.253257 -0.019717 0.706739
34  0.544870 -1.004924 9.218962  -0.256421 -1.154085 2.423429
35  0.600818 -1.095545 8.996400  1.361746 -0.096928 0.192537
36  0.563944 -1.076991 9.010002  2.238204 0.274709 -1.662581
37  0.491767 -1.049828 9.052231  -1.237288 -2.652429 0.679673
38  0.491960 -1.051124 9.027328  1.224735 -2.859596 -0.460580
39  0.495616 -1.038872 9.012213  1.190245 0.038524 2.987448
40  0.320334 -1.108496 8.981769  -2.944770 0.315023 -0.906558
41  0.401773 -1.017804 8.941363  1.942311 -0.226616 0.338137
42  0.522654 -1.006369 9.036681  1.954199 -0.384856 0.273764
time 4
0  0.000000 0.000000 0.000000  0.000000 0.000000 0.000000
1  0.644938 -0.556849 9.233793  1.579993 0.032858 -0.021505
2  0.168064 0.366417 8.462372  1.577097 0.002650 0.011208
3  0.383080 -0.444525 8.007771  1.601443 0.098078 0.058323
4  -0.675040 0.523519 8.921953  1.574991 -0.000081 0.018527
5  -0.493197 0.169626 7.908528  1.568543 0.003797 0.006032
6  -0.628330 -0.366164 8.707239  1.570796 -0.000000 0.000000
7  -0.995846 -0.522264 7.753215  1.570796 -0.000000 0.000000
8  -1.005981 -0.855299 7.524570  1.570796 -0.000000 0.000000
9  -0.997826 -0.394912 8.105132  1.570919 0.000297 0.000688
10  -1.000406 -0.466091 7.553745  1.570796 -0.000000 0.000000
11  -1.065752 -0.859754 7.342500  1.570796 -0.000000 0.000000
12  -0.999479 -0.812176 8.003651  1.570796 -0.000000 0.000000
13  0.463636 -1.010799 9.287043  1.724301 0.440754 -0.073778
14  0.270723 -1.012231 9.111283  1.855334 0.013303 0.132321
15  0.393654 -1.015400 8.990662  -1.154582 -0.292732 0.483379
16  0.231133 -1.039221 8.961057  1.032268 0.278852 0.104391
17  0.297076 -1.044946 8.965379  1.284826 0.052560 -0.015464
18  0.775309 -1.061706 9.019663  1.501758 0.053781 0.079422
19  0.827243 -1.048932 9.061144  1.601201 0.045693 0.012612
20  0.765742 -1.001583 9.038089  1.371461 0.322993 -0.277607
21  0.257677 -0.981956 9.341897  1.624021 0.021903 -0.005030
22  0.367659 -0.967435 9.358944  1.641050 0.077501 -0.033262
23  0.322620 -0.991771 9.277000  1.766415 0.093950 0.207635
24  0.240337 -0.978232 9.261936  1.748691 0.087940 0.105076
25  0.356698 -1.038691 9.369787  1.602120 -0.006732 -0.015337
26  0.688168 -0.933390 9.035281  2.873592 -0.290653 -1.313643
27  0.710031 -1.002032 9.003948  2.812413 0.039096 -1.700098
28  0.681760 -1.098257 9.016022  0.659301 -1.221794 -2.680570
29  0.593199 -0.865821 8.834718  1.497740 -0.809637 0.050945
30  0.648039 -1.089014 9.002771  1.701592 -0.371544 1.426149
31  0.770641 -1.167240 8.774372  0.980089 0.297356 -0.353584
32  0.662596 -1.036548 9.043717  2.821655 1.036692 -0.164294
33  0.360089 -1.221653 8.872364  1.103724 0.039814 1.014987
34  0.549936 -0.992541 9.252346  -0.836519 -0.140527 3.125470
35  0.604076 -1.121002 8.940586  -1.808899 -0.111457 -0.111797
36  0.555176 -1.094395 8.962216  -0.859207 2.756082 0.582006
37  0.508886 -1.053481 9.027495  -0.408424 -0.425533 -0.105116
38  0.499516 -1.051958 8.990334  -0.237955 -1.911832 2.386238
39  0.505135 -1.036249 8.968358  1.474071 -0.060555 1.359354
40  0.264273 -1.138596 8.924524  0.281006 -0.924334 -3.071222
41  0.376780 -1.003813 8.862897  2.125240 -0.353324 0.414349
42  0.552002 -0.995002 9.002548  0.728768 0.395574 -2.315791
time 5
0  0.000000 0.000000 0.000000  0.000000 0.000000 0.000000
1  0.645887 -0.529882 9.193110  1.583015 0.043317 -0.028845
2  0.167046 0.374735 8.401535  1.579034 0.003907 0.015450
3  0.389432 -0.425426 7.897937  1.611889 0.121633 0.069736
4  -0.676725 0.524592 8.863416  1.575124 0.002061 0.023981
5  -0.498366 0.170842 7.845089  1.570210 0.014268 0.004955
6  -0.628284 -0.366390 8.647343  1.571102 0.000785 0.000434
7  -0.995846 -0.522264 7.692933  1.570796 -0.000000 0.000000
8  -1.005981 -0.855299 7.464288  1.570796 -0.000000 0.000000
9  -0.997987 -0.395423 8.045097  1.571359 0.001183 0.002673
10  -1.000406 -0.466091 7.493463  1.570796 -0.000000 0.000000
11  -1.065752 -0.859754 7.282217  1.570796 -0.000000 0.000000
12  -0.999479 -0.812176 7.943368  1.570796 -0.000000 0.000000
13  0.455313 -1.008698 9.268636  1.702425 0.627528 -0.201209
14  0.244825 -1.014207 9.055173  1.973299 0.014859 0.178574
15  0.396022 -1.008700 8.935079  -2.101669 -0.280504 0.585636
16  0.223586 -1.039607 8.898535  0.849217 0.372986 0.139007
17  0.295912 -1.045442 8.904466  1.182755 0.071188 -0.021157
18  0.779742 -1.067976 8.959826  1.470881 0.074937 0.109766
19  0.830057 -1.049752 9.003352  1.611328 0.059421 0.017438
20  0.790613 -0.990135 8.989343  1.279101 0.425857 -0.380759
21  0.237295 -0.976568 9.288845  1.661746 0.019144 0.020891
22  0.350928 -0.965552 9.314055  1.660166 0.180217 -0.051372
23  0.319469 -0.990001 9.219225  1.848769 0.137490 0.299521
24  0.234598 -0.974830 9.205257  1.836915 0.119858 0.164290
25  0.356448 -1.039102 9.309461  1.627176 -0.009788 -0.024981
26  0.709639 -0.905763 8.989971  1.483484 -0.060258 2.959640
27  0.732848 -0.991226 8.949508  -0.126385 2.861166 0.898013
28  0.697459 -1.116839 8.964628  1.540750 -1.034125 1.762926
29  0.591360 -0.813549 8.725158  1.434508 -1.075510 0.108970
30  0.658455 -1.105060 8.948406  1.325404 0.639546 0.166924
31  0.816870 -1.207437 8.647943  0.757714 0.345513 -0.508197
32  0.671571 -1.033812 9.000784  -2.702395 1.222363 0.033874
33  0.297449 -1.280419 8.779508  0.979101 0.138315 1.313185
34  0.567127 -0.981010 9.259352  -0.780295 0.971534 -2.756268
35  0.607328 -1.146416 8.867848  1.242618 -0.283457 0.113713
36  0.546423 -1.111769 8.897493  -0.934827 2.814684 -0.345790
37  0.525976 -1.057127 8.985785  0.540676 1.031911 1.563245
38  0.507059 -1.052792 8.936384  2.735584 0.548932 0.129234
39  0.514637 -1.033630 8.907560  1.648247 0.247379 -0.233021
40  0.208308 -1.168645 8.850358  -0.091108 -0.374684 -0.047161
41  0.351830 -0.989845 8.767546  2.307954 -0.490078 0.467025
42  0.581299 -0.983654 8.951456  1.845295 -0.386447 1.493266
time 6
0  0.000000 0.000000 0.000000  0.000000 0.000000 0.000000
1  0.648499 -0.501141 9.137778  1.583900 0.048173 -0.033045
2  0.165990 0.383155 8.323722  1.580949 0.005198 0.019774
3  0.395804 -0.406370 7.771282  1.622673 0.144871 0.081361
4  -0.678424 0.525705 8.788043  1.575201 0.004326 0.029316
5  -0.503560 0.172051 7.764615  1.571949 0.024472 0.003933
6  -0.628235 -0.366634 8.570560  1.571432 0.001632 0.000901
7  -0.995846 -0.522264 7.615734  1.570796 -0.000000 0.000000
8  -1.005981 -0.855299 7.387089  1.570796 -0.000000 0.000000
9  -0.998148 -0.395933 7.968146  1.571798 0.002064 0.004651
10  -1.000406 -0.466091 7.416264  1.570796 -0.000000 0.000000
11  -1.065752 -0.859754 7.205019  1.570796 -0.000000 0.000000
12  -0.999479 -0.812176 7.866169  1.570796 -0.000000 0.000000
13  0.450733 -1.007644 9.231777  1.615743 0.753348 -0.381847
14  0.219119 -1.016236 8.981916  2.091811 0.012384 0.222495
15  0.398385 -1.002012 8.862572  -3.040723 -0.259810 0.684317
16  0.216051 -1.039992 8.819101  0.668163 0.465848 0.174450
17  0.294750 -1.045938 8.826637  1.081019 0.089697 -0.026930
18  0.784168 -1.074236 8.883072  1.441279 0.096494 0.139981
19  0.832866 -1.050571 8.928640  1.621533 0.073043 0.022260
20  0.815442 -0.978707 8.923661  1.170058 0.521770 -0.494516
21  0.213169 -0.970507 9.220092  1.711064 0.017849 0.070640
22  0.332716 -0.962616 9.255128  1.695047 0.288571 -0.051795
23  0.315094 -0.988028 9.144984  1.941974 0.164269 0.419514
24  0.228722 -0.971376 9.131882  1.926300 0.147937 0.224835
25  0.354697 -1.039950 9.232080  1.640254 -0.015090 -0.036316
26  0.729468 -0.880128 8.925477  0.020296 -0.620621 1.427719
27  0.755625 -0.980438 8.878140  -0.106396 2.611883 0.306138
28  0.713131 -1.135389 8.896304  1.102579 -0.543685 1.132207
29  0.589524 -0.761366 8.598766  1.240557 -1.334673 0.298192
30  0.668854 -1.121078 8.877115  0.488292 0.522796 -1.722631
31  0.863019 -1.247565 8.504709  0.528953 0.361399 -0.672021
32  0.680529 -1.031082 8.940907  -1.601241 1.342436 0.575545
33  0.234916 -1.339085 8.669792  0.887851 0.265609 1.603904
34  0.588442 -0.968990 9.245401  1.614940 0.967671 -0.086812
35  0.610575 -1.171786 8.778216  -1.923521 -0.021108 0.077450
36  0.537685 -1.129114 8.815863  2.181896 0.114207 1.919319
37  0.543038 -1.060766 8.927126  -0.745582 -2.876365 0.135686
38  0.514590 -1.053624 8.865508  1.561122 2.297972 -0.083651
39  0.524124 -1.031016 8.829847  1.402746 0.399486 -1.924259
40  0.152437 -1.198642 8.759300  3.051682 0.046268 -1.566356
41  0.326922 -0.975902 8.655338  2.498370 -0.632148 0.492265
42  0.610547 -0.972325 8.883432  2.214040 0.342439 -0.923632
time 7
0  0.000000 0.000000 0.000000  0.000000 0.000000 0.000000
1  0.652571 -0.470784 9.067699  1.582686 0.047972 -0.034390
2  0.164933 0.391566 8.229021  1.582861 0.006473 0.024085
3  0.402165 -0.387345 7.627824  1.633812 0.167834 0.093255
4  -0.680121 0.526816 8.695780  1.575292 0.006579 0.034629
5  -0.508745 0.173258 7.667260  1.573671 0.034634 0.002936
6  -0.628186 -0.366877 8.476892  1.571761 0.002475 0.001367
7  -0.995846 -0.522264 7.521648  1.570796 -0.000000 0.000000
8  -1.005981 -0.855299 7.293004  1.570796 -0.000000 0.000000
9  -0.998309 -0.396442 7.874307  1.572237 0.002940 0.006620
10  -1.000406 -0.466091 7.322178  1.570796 -0.000000 0.000000
11  -1.065752 -0.859754 7.110933  1.570796 -0.000000 0.000000
12  -0.999479 -0.812176 7.772084  1.570796 -0.000000 0.000000
13  0.447012 -1.006752 9.177359  1.466934 0.856071 -0.608263
14  0.193972 -1.018456 8.890972  2.212594 0.010264 0.262180
15  0.400745 -0.995335 8.773170  2.312670 -0.226680 0.777183
16  0.208529 -1.040376 8.722784  0.490300 0.557455 0.211798
17  0.293591 -1.046433 8.731924  0.979616 0.108086 -0.032787
18  0.788586 -1.080485 8.789431  1.412947 0.118425 0.170082
19  0.835670 -1.051389 8.837037  1.631811 0.086560 0.027078
20  0.840229 -0.967298 8.841073  1.042538 0.608842 -0.621632
21  0.188139 -0.964267 9.134879  1.762536 0.013503 0.124765
22  0.315060 -0.959675 9.179266  1.734538 0.382032 -0.039123
23  0.310366 -0.985999 9.053982  2.040071 0.173116 0.548136
24  0.222340 -0.967735 9.042405  2.014525 0.177683 0.282886
25  0.352871 -1.040835 9.137801  1.653919 -0.020112 -0.046813
26  0.747801 -0.856205 8.841901  0.449147 -0.950827 -1.114912
27  0.778364 -0.969669 8.789877  -0.293938 2.460107 -0.408515
28  0.728776 -1.153907 8.811078  0.350228 -0.132901 0.642869
29  0.587691 -0.709271 8.455570  -0.473527 -1.476835 2.007816
30  0.679234 -1.137069 8.788927  1.007366 -0.017102 -2.960608
31  0.909090 -1.287625 8.344701  0.301838 0.343825 -0.835718
32  0.689473 -1.028356 8.864112  -0.199165 1.300110 1.431425
33  0.172489 -1.397652 8.543243  0.836716 0.410241 1.895796
34  0.609720 -0.956990 9.214458  1.644288 -0.140613 0.327417
35  0.613816 -1.197113 8.671719  1.224390 -0.234665 -0.087985
36  0.528961 -1.146428 8.717352  2.279206 -0.126562 1.067647
37  0.560070 -1.064400 8.851548  1.147650 -1.072329 -0.388870
38  0.522107 -1.054455 8.777735  0.494551 -2.690068 0.698150
39  0.533594 -1.028406 8.735249  1.349468 0.135440 2.738530
40  0.096661 -1.228588 8.651380  0.223092 -0.917809 -2.524465
41  0.302057 -0.961981 8.526303  2.708205 -0.774352 0.482386
42  0.639745 -0.961016 8.798506  0.708708 -0.098365 2.970957
time 8
0  0.000000 0.000000 0.000000  0.000000 0.000000 0.000000
1  0.656636 -0.440480 8.980721  1.581478 0.047771 -0.035728
2  0.163878 0.399963 8.117462  1.584772 0.007733 0.028380
3  0.408515 -0.368353 7.467592  1.645317 0.190515 0.105429
4  -0.681816 0.527925 8.586656  1.575399 0.008821 0.039918
5  -0.513922 0.174462 7.553051  1.575378 0.044753 0.001963
6  -0.628137 -0.367120 8.366363  1.572089 0.003314 0.001831
7  -0.995846 -0.522264 7.410705  1.570796 -0.000000 0.000000
8  -1.005981 -0.855299 7.182060  1.570796 -0.000000 0.000000
9  -0.998486 -0.396866 7.763630  1.572225 0.003727 0.008284
10  -1.000406 -0.466091 7.211235  1.570796 -0.000000 0.000000
11  -1.065752 -0.859754 6.999989  1.570796 -0.000000 0.000000
12  -0.999462 -0.812261 7.661120  1.571186 0.000109 0.000071
13  0.443298 -1.005861 9.106014  1.252478 0.929050 -0.883710
14  0.168921 -1.020686 8.783079  2.333453 0.004597 0.299557
15  0.403101 -0.988669 8.666902  1.391177 -0.184742 0.858695
16  0.201020 -1.040759 8.609612  0.317309 0.647899 0.252297
17  0.292433 -1.046928 8.620353  0.878543 0.126356 -0.038730
18  0.792996 -1.086723 8.678929  1.385880 0.140701 0.200088
19  0.838469 -1.052205 8.728572  1.642162 0.099975 0.031895
20  0.864974 -0.955908 8.741608  0.894914 0.684752 -0.764571
21  0.163108 -0.958029 9.032815  1.813424 0.007173 0.178507
22  0.297477 -0.956749 9.086493  1.777427 0.473344 -0.020225
23  0.305732 -0.983902 8.946050  2.135936 0.162900 0.669113
24  0.215829 -0.964156 8.936213  2.104440 0.203095 0.344006
25  0.351049 -1.041719 9.026664  1.667619 -0.025021 -0.057269
26  0.766102 -0.832323 8.741447  -0.184630 -0.225345 -2.858004
27  0.801064 -0.958918 8.684745  -0.573965 2.505858 -1.179857
28  0.744395 -1.172394 8.708978  -0.539777 0.110936 0.063425
29  0.585861 -0.657265 8.295600  1.850876 -1.891225 -0.320951
30  0.689597 -1.153034 8.683870  2.015433 0.104122 2.192677
31  0.955083 -1.327618 8.167947  0.084283 0.294374 -0.990130
32  0.698402 -1.025634 8.770431  0.679175 1.088415 1.782564
33  0.110168 -1.456119 8.399893  0.833793 0.559750 2.203057
34  0.630962 -0.945011 9.166547  0.866067 -1.093511 1.241066
35  0.617052 -1.222398 8.548383  -1.972382 -0.179656 0.178276
36  0.520253 -1.163714 8.601991  2.465779 -0.257531 0.177154
37  0.577073 -1.068027 8.759082  1.445396 0.529982 0.602309
38  0.529612 -1.055284 8.673092  1.633537 -0.478532 -0.545094
39  0.543049 -1.025800 8.623793  1.680243 0.046479 1.181055
40  0.040981 -1.258484 8.526623  0.807164 -1.145838 0.033113
41  0.277234 -0.948085 8.380469  2.955550 -0.909907 0.423054
42  0.668893 -0.949725 8.696705  1.903859 -0.291046 0.526508
time 9
0  0.000000 0.000000 0.000000  0.000000 0.000000 0.000000
1  0.660694 -0.410226 8.876873  1.580276 0.047568 -0.037060
2  0.162847 0.408341 7.989084  1.586694 0.008978 0.032621
3  0.414854 -0.349394 7.290615  1.657196 0.212910 0.117895
4  -0.683507 0.529032 8.460699  1.575520 0.011053 0.045185
5  -0.519111 0.175670 7.422009  1.577026 0.054796 0.001101
6  -0.628088 -0.367363 8.239003  1.572416 0.004150 0.002293
7  -0.995846 -0.522264 7.282931  1.570796 -0.000000 0.000000
8  -1.005981 -0.855299 7.054286  1.570796 -0.000000 0.000000
9  -0.998671 -0.397250 7.636133  1.572011 0.004474 0.009805
10  -1.000406 -0.466091 7.083461  1.570796 -0.000000 0.000000
11  -1.065752 -0.859754 6.872216  1.570796 -0.000000 0.000000
12  -0.999438 -0.812384 7.533317  1.571752 0.000266 0.000173
13  0.440108 -1.004955 9.017226  0.988875 0.952806 -1.197497
14  0.143912 -1.022913 8.658352  2.453914 -0.004757 0.334520
15  0.405452 -0.982015 8.543796  0.477585 -0.139724 0.931627
16  0.193523 -1.041142 8.479614  0.151320 0.737283 0.297460
17  0.291277 -1.047421 8.491954  0.777796 0.144506 -0.044764
18  0.797399 -1.092951 8.551599  1.360070 0.163294 0.230019
19  0.841264 -1.053020 8.603272  1.652581 0.113288 0.036712
20  0.889677 -0.944538 8.625292  0.726509 0.746776 -0.924762
21  0.138119 -0.951802 8.913906  1.863676 -0.000938 0.231790
22  0.279407 -0.953844 8.977407  1.829296 0.553428 0.012155
23  0.301767 -0.981266 8.820783  2.208662 0.126723 0.735799
24  0.208669 -0.961127 8.813683  2.200658 0.224479 0.417461
25  0.349229 -1.042601 8.898698  1.681352 -0.029816 -0.067684
26  0.784372 -0.808482 8.624147  -1.820701 -0.366841 2.219051
27  0.823726 -0.948186 8.562774  2.411517 0.412986 1.301927
28  0.759987 -1.190850 8.590034  -1.443661 0.050920 -0.602172
29  0.584034 -0.605348 8.118883  1.729347 -2.149975 -0.203853
30  0.699943 -1.168971 8.561975  2.543647 0.724901 1.102507
31  1.000998 -1.367542 7.974474  -0.118386 0.216849 -1.128639
32  0.707315 -1.022917 8.659889  1.223242 0.802298 1.808338
33  0.047953 -1.514487 8.239767  0.890651 0.699457 2.544773
34  0.652168 -0.933052 9.101701  -0.728669 -0.549477 2.960120
35  0.620282 -1.247639 8.408239  1.208798 -0.053499 -0.034777
36  0.511559 -1.180970 8.469807  2.608741 -0.212817 -0.723622
37  0.594047 -1.071648 8.649754  0.267290 2.543986 -0.105353
38  0.537104 -1.056112 8.551608  2.016137 0.785203 0.795037
39  0.552487 -1.023200 8.495507  1.821599 0.313582 -0.380081
40  -0.014606 -1.288329 8.385060  -1.875172 -0.393806 -0.608943
41  0.252453 -0.934212 8.217866  -3.015646 -1.028245 0.290542
42  0.697992 -0.938454 8.578059  1.851342 0.560281 -1.724810
time 10
0  0.000000 0.000000 0.000000  0.000000 0.000000 0.000000
1  0.664745 -0.380024 8.756183  1.579079 0.047366 -0.038386
2  0.161846 0.416698 7.843918  1.588628 0.010208 0.036798
3  0.421183 -0.330466 7.096919  1.669459 0.235010 0.130665
4  -0.685195 0.530137 8.317938  1.575656 0.013275 0.050429
5  -0.524320 0.176881 7.274160  1.578607 0.064753 0.000375
6  -0.628040 -0.367605 8.094843  1.572742 0.004981 0.002754
7  -0.995846 -0.522264 7.138357  1.570796 -0.000000 0.000000
8  -1.005981 -0.855299 6.909712  1.570796 -0.000000 0.000000
9  -0.998856 -0.397616 7.491836  1.571791 0.005225 0.011282
10  -1.000406 -0.466091 6.938887  1.570796 -0.000000 0.000000
11  -1.065752 -0.859754 6.727641  1.570796 -0.000000 0.000000
12  -0.999413 -0.812524 7.388710  1.572331 0.000420 0.000306
13  0.438279 -1.003997 8.910116  0.732167 0.913875 -1.503204
14  0.118945 -1.025136 8.516817  2.573876 -0.017319 0.366802
15  0.407800 -0.975372 8.403881  -0.426752 -0.089665 0.999765
16  0.186040 -1.041525 8.332820  -0.005051 0.825655 0.349245
17  0.290124 -1.047914 8.346754  0.677372 0.162538 -0.050893
18  0.801794 -1.099168 8.407466  1.335513 0.186175 0.259897
19  0.844054 -1.053834 8.461167  1.663067 0.126502 0.041529
20  0.914338 -0.933187 8.492157  0.538743 0.792014 -1.101475
21  0.113172 -0.945585 8.778181  1.913202 -0.010776 0.284566
22  0.260011 -0.950998 8.852942  1.899551 0.601980 0.070713
23  0.297809 -0.978634 8.678711  2.278062 0.084169 0.797721
24  0.201522 -0.958104 8.674343  2.298285 0.238367 0.492623
25  0.347413 -1.043481 8.753931  1.695116 -0.034499 -0.078058
26  0.802612 -0.784681 8.490028  0.056844 -2.220170 -2.073307
27  0.846349 -0.937471 8.423991  2.427991 0.118113 0.746082
28  0.775553 -1.209274 8.454273  -2.161247 -0.324439 -1.199850
29  0.582210 -0.553518 7.925448  1.680725 -2.410630 -0.159909
30  0.710271 -1.184880 8.423267  1.640850 0.836107 -0.925834
31  1.046835 -1.407398 7.764313  -0.304353 0.116142 -1.247960
32  0.716213 -1.020205 8.532517  1.647610 0.489949 1.695229
33  -0.014156 -1.572755 8.062895  -2.122219 2.331076 -0.201049
34  0.673338 -0.921114 9.019945  -0.872363 0.532762 -2.917443
35  0.623507 -1.272837 8.251315  -1.910701 -0.281975 0.008588
36  0.502881 -1.198197 8.320830  2.567784 -0.062580 -1.582553
37  0.610993 -1.075263 8.523593  -0.546314 -2.332218 1.075354
38  0.544583 -1.056938 8.413314  0.828181 2.949209 -0.616017
39  0.561909 -1.020603 8.350422  1.563707 0.368181 -2.053152
40  -0.070098 -1.318123 8.226721  1.523162 -0.269879 -1.331860
41  0.227714 -0.920363 8.038520  -2.610208 -1.112019 0.059129
42  0.727041 -0.927202 8.442596  1.080889 -0.370535 2.372980
time 11
0  0.000000 0.000000 0.000000  0.000000 0.000000 0.000000
1  0.668789 -0.349874 8.618679  1.577887 0.047162 -0.039706
2  0.160864 0.425038 7.681988  1.590570 0.011423 0.040931
3  0.427500 -0.311571 6.886535  1.682115 0.256810 0.143750
4  -0.686881 0.531241 8.158401  1.575805 0.015486 0.055651
5  -0.529332 0.178682 7.108882  1.579343 0.073387 -0.001602
6  -0.631037 -0.368247 7.934910  1.571889 0.000931 -0.004054
7  -0.995846 -0.522264 6.977010  1.570796 -0.000000 0.000000
8  -1.005981 -0.855299 6.748365  1.570796 -0.000000 0.000000
9  -0.999114 -0.397872 7.330709  1.571770 0.005197 0.012059
10  -1.000406 -0.466091 6.777540  1.570796 -0.000000 0.000000
11  -1.065752 -0.859754 6.566294  1.570796 -0.000000 0.000000
12  -0.999385 -0.812755 7.227315  1.572973 0.000558 0.000606
13  0.436563 -1.003031 8.786045  0.513581 0.832197 -1.759805
14  0.096931 -1.027561 8.358232  2.685093 -0.047420 0.394249
15  0.410143 -0.968740 8.247187  -1.322343 -0.032800 1.059826
16  0.178569 -1.041906 8.169256  -0.148518 0.912916 0.410388
17  0.288972 -1.048406 8.184783  0.577266 0.180450 -0.057120
18  0.806182 -1.105374 8.246559  1.312202 0.209316 0.289746
19  0.846839 -1.054646 8.302286  1.673617 0.139617 0.046348
20  0.938956 -0.921855 8.342229  0.336242 0.817881 -1.290737
21  0.088269 -0.939378 8.625669  1.961922 -0.022282 0.336798
22  0.240538 -0.948165 8.711795  1.977330 0.641953 0.136991
23  0.293857 -0.976006 8.519861  2.344124 0.035942 0.854597
24  0.194386 -0.955085 8.518222  2.396593 0.244624 0.568588
25  0.345600 -1.044360 8.592391  1.708910 -0.039072 -0.088390
26  0.820820 -0.760921 8.339119  0.716518 -2.246711 1.577830
27  0.868934 -0.926775 8.268426  2.592189 -0.156804 0.200096
28  0.791092 -1.227667 8.301725  0.535081 -2.283804 1.366842
29  0.580390 -0.501777 7.715324  1.653076 -2.671013 -0.137416
30  0.720581 -1.200763 8.267777  1.464365 -0.136943 -2.145210
31  1.092594 -1.447187 7.537490  -0.474733 -0.002790 -1.347396
32  0.725096 -1.017497 8.388345  2.041701 0.190754 1.488311
33  -0.076160 -1.630925 7.869306  -1.925376 2.271126 0.252070
34  0.694471 -0.909195 8.921311  0.825239 1.326448 -0.956260
35  0.626726 -1.297993 8.077640  1.248614 -0.090556 0.149491
36  0.494216 -1.215395 8.155087  -0.820431 3.086625 0.722836
37  0.627909 -1.078872 8.380629  0.305277 -0.240314 -0.122439
38  0.552050 -1.057763 8.258236  1.423704 -2.053675 0.201947
39  0.571316 -1.018011 8.188564  1.533678 0.045141 2.655573
40  -0.125495 -1.347866 8.051631  -1.356471 -0.680614 -1.794472
41  0.203018 -0.906537 7.842460  -2.124663 -1.139109 -0.255014
42  0.756041 -0.915969 8.290346  1.907965 -0.110817 -0.004003
time 12
0  0.000000 0.000000 0.000000  0.000000 0.000000 0.000000
1  0.672826 -0.319774 8.464392  1.576700 0.046958 -0.041020
2  0.159911 0.433358 7.503325  1.592522 0.012622 0.045003
3  0.433807 -0.292708 6.659490  1.695176 0.278301 0.157163
4  -0.688563 0.532342 7.982117  1.575969 0.017686 0.060850
5  -0.534044 0.181388 6.925851  1.578786 0.080010 -0.005520
6  -0.637370 -0.369587 7.760498  1.567525 -0.008789 -0.017787
7  -0.995846 -0.522264 6.798918  1.570796 -0.000000 0.000000
8  -1.005981 -0.855299 6.570273  1.570796 -0.000000 0.000000
9  -1.000073 -0.397915 7.152106  1.573856 -0.002893 0.007725
10  -1.000406 -0.466091 6.599448  1.570796 -0.000000 0.000000
11  -1.065752 -0.859754 6.388203  1.570796 -0.000000 0.000000
12  -0.999676 -0.812950 7.048844  1.574444 -0.002557 -0.001431
13  0.434850 -1.002067 8.645166  0.340479 0.720701 -1.959117
14  0.078999 -1.030434 8.182699  2.784972 -0.098045 0.415447
15  0.412483 -0.962120 8.073739  -2.211708 0.026100 1.109949
16  0.171110 -1.042287 7.988952  -0.274638 0.998709 0.484981
17  0.287822 -1.048896 8.006069  0.477473 0.198242 -0.063450
18  0.810563 -1.111570 8.068909  1.290131 0.232686 0.319591
19  0.849620 -1.055457 8.126656  1.684228 0.152635 0.051171
20  0.963534 -0.910543 8.175538  0.126936 0.822815 -1.485244
21  0.063407 -0.933183 8.456396  2.009761 -0.035395 0.388456
22  0.221099 -0.945338 8.553870  2.061192 0.676296 0.208737
23  0.289913 -0.973383 8.344264  2.406993 -0.017266 0.906245
24  0.187262 -0.952072 8.345348  2.494799 0.243252 0.644408
25  0.343790 -1.045237 8.414108  1.722730 -0.043535 -0.098681
26  0.838997 -0.737201 8.171448  -0.154167 -2.923632 0.141019
27  0.891480 -0.916097 8.096107  2.884565 -0.329085 -0.403013
28  0.806605 -1.246029 8.132418  0.940587 -1.852116 0.064903
29  0.578572 -0.450124 7.488539  1.633999 -2.930617 -0.124291
30  0.730874 -1.216619 8.095534  -0.977408 -2.321332 -0.550023
31  1.138275 -1.486907 7.294034  -0.632517 -0.135515 -1.427535
32  0.733964 -1.014794 8.227398  2.458369 -0.048135 1.190564
33  -0.138058 -1.688996 7.659027  -1.703112 2.278929 0.726413
34  0.715569 -0.897297 8.805826  1.650656 0.328307 0.140767
35  0.629940 -1.323106 7.887241  -1.808769 -0.130987 -0.083471
36  0.485567 -1.232563 7.972609  -1.187560 3.101065 -0.098708
37  0.644797 -1.082475 8.220889  0.314723 1.118999 1.137214
38  0.559504 -1.058587 8.086403  2.601098 -0.414172 -0.258222
39  0.580706 -1.015423 8.009964  1.844586 -0.067763 1.092237
40  -0.180798 -1.377559 7.859821  1.660291 -1.136373 -1.557492
41  0.178363 -0.892735 7.629715  -1.652355 -1.100350 -0.555882
42  0.784992 -0.904756 8.121337  1.432358 0.506126 -2.271787
time 13
0  0.000000 0.000000 0.000000  0.000000 0.000000 0.000000
1  0.676857 -0.289726 8.293347  1.575519 0.046753 -0.042327
2  0.158966 0.441663 7.307950  1.594475 0.013806 0.049049
3  0.440104 -0.273877 6.415812  1.708652 0.299478 0.170915
4  -0.690243 0.533442 7.789114  1.576147 0.019875 0.066027
5  -0.538755 0.184090 6.726110  1.578198 0.086592 -0.009403
6  -0.643661 -0.370929 7.569636  1.562242 -0.018868 -0.031044
7  -0.995846 -0.522264 6.604112  1.570796 -0.000000 0.000000
8  -1.005968 -0.855226 6.375192  1.571620 -0.000555 -0.000074
9  -1.001022 -0.397920 6.956810  1.575705 -0.010803 0.003387
10  -1.000406 -0.466091 6.404642  1.570796 -0.000000 0.000000
11  -1.065752 -0.859754 6.193396  1.570796 -0.000000 0.000000
12  -1.000306 -0.813206 6.853580  1.575624 -0.008519 -0.005583
13  0.433140 -1.001105 8.487510  0.204922 0.590081 -2.108989
14  0.061384 -1.033346 7.990508  2.883951 -0.150690 0.430674
15  0.414819 -0.955511 7.883569  -3.095067 0.084449 1.154400
16  0.163665 -1.042667 7.791936  -0.376810 1.082247 0.579546
17  0.286674 -1.049387 7.810641  0.377989 0.215914 -0.069887
18  0.814936 -1.117756 7.874541  1.269296 0.256257 0.349462
19  0.852395 -1.056266 7.934307  1.694900 0.165558 0.055999
20  0.988069 -0.899250 7.992112  -0.079591 0.806832 -1.676027
21  0.038588 -0.926997 8.270394  2.056651 -0.050047 0.439515
22  0.201693 -0.942515 8.379195  2.150731 0.704453 0.285476
23  0.285975 -0.970764 8.151947  2.466963 -0.074786 0.952579
24  0.180151 -0.949064 8.155749  2.592124 0.234391 0.719146
25  0.341983 -1.046113 8.219110  1.736576 -0.047890 -0.108928
26  0.857144 -0.713522 7.987044  1.449847 -0.408240 2.181733
27  0.913988 -0.905437 7.907063  -3.048365 -0.331382 -1.046317
28  0.822091 -1.264359 7.946381  -1.543428 -0.989293 1.633027
29  0.576758 -0.398558 7.245121  -1.522725 0.047671 3.025174
30  0.741149 -1.232448 7.906565  2.554452 -0.345784 1.017677
31  1.183878 -1.526561 7.033975  -0.781800 -0.278285 -1.489057
32  0.742817 -1.012096 8.049707  2.917854 -0.170305 0.810355
33  -0.199851 -1.746968 7.432087  1.623040 0.789948 -1.976406
34  0.736632 -0.885419 8.673520  1.434785 -0.734506 0.575052
35  0.633149 -1.348176 7.680148  1.370169 -0.258074 0.097617
36  0.476932 -1.249702 7.773422  1.596612 -0.105454 2.258312
37  0.661656 -1.086072 8.044403  -1.258901 3.028899 0.138218
38  0.566945 -1.059409 7.897844  2.646499 1.105046 0.449400
39  0.590080 -1.012840 7.814650  1.927512 0.163918 -0.468577
40  -0.236008 -1.407201 7.651320  -2.085227 -1.002640 -0.779331
41  0.153750 -0.878956 7.400314  -1.270891 -1.011399 -0.763291
42  0.813893 -0.893561 7.935596  1.401986 -0.462794 1.926506
time 14
0  0.000000 0.000000 0.000000  0.000000 0.000000 0.000000
1  0.680881 -0.259729 8.105576  1.574343 0.046548 -0.043628
2  0.158028 0.449954 7.095891  1.596428 0.014974 0.053068
3  0.446389 -0.255078 6.155530  1.722553 0.320330 0.185019
4  -0.691920 0.534540 7.579422  1.576339 0.022054 0.071182
5  -0.543464 0.186788 6.509688  1.577581 0.093131 -0.013251
6  -0.649954 -0.372269 7.362134  1.556934 -0.029072 -0.044205
7  -0.995816 -0.522244 6.392586  1.570942 -0.000029 0.000213
8  -1.005944 -0.855100 6.163214  1.573075 -0.001515 -0.000192
9  -1.001954 -0.397870 6.744858  1.577191 -0.018476 -0.000941
10  -1.000406 -0.466091 6.193148  1.570796 -0.000000 0.000000
11  -1.065752 -0.859754 5.981902  1.570796 -0.000000 0.000000
12  -1.001063 -0.813581 6.641766  1.576086 -0.014769 -0.009646
13  0.431433 -1.000144 8.313102  0.095486 0.448012 -2.220366
14  0.043883 -1.036265 7.781644  2.982703 -0.204549 0.439886
15  0.417150 -0.948913 7.676703  2.311889 0.145360 1.194815
16  0.156232 -1.043047 7.578237  -0.444393 1.161997 0.704927
17  0.285528 -1.049876 7.598526  0.278807 0.233464 -0.076436
18  0.819301 -1.123931 7.663486  1.249691 0.279998 0.379387
19  0.855166 -1.057075 7.725266  1.705629 0.178388 0.060832
20  1.012562 -0.887976 7.791980  -0.274841 0.771564 -1.855199
21  0.013810 -0.920823 8.067690  2.102532 -0.066170 0.489962
22  0.182320 -0.939697 8.187799  2.245179 0.725929 0.366373
23  0.282043 -0.968149 7.942938  2.524444 -0.135985 0.993562
24  0.173051 -0.946061 7.949455  2.687855 0.218312 0.791927
25  0.340179 -1.046988 8.007425  1.750446 -0.052138 -0.119132
26  0.875260 -0.689882 7.785934  0.135949 -0.934322 1.235901
27  0.936458 -0.894795 7.701323  -2.764621 -0.165841 -1.648439
28  0.837551 -1.282658 7.743641  -2.021984 -0.536639 1.092572
29  0.574946 -0.347080 6.985098  1.605284 2.836317 -0.112289
30  0.751407 -1.248250 7.700898  1.827617 0.067844 -0.083774
31  1.229404 -1.566147 6.757339  -0.927567 -0.427936 -1.531808
32  0.751655 -1.009402 7.855300  -2.899117 -0.134202 0.400944
33  -0.261539 -1.804841 7.188515  1.737670 0.671889 -1.599087
34  0.757658 -0.873562 8.524420  -0.392972 -1.024679 2.538919
35  0.636351 -1.373204 7.456388  -1.681926 -0.054194 0.079565
36  0.468312 -1.266812 7.557556  1.345023 -0.300909 1.485867
37  0.678487 -1.089662 7.851198  1.119690 -1.208535 -1.439466
38  0.574374 -1.060230 7.692587  1.216813 2.572166 0.009595
39  0.599439 -1.010261 7.602648  1.644496 0.173251 -2.069454
40  -0.291123 -1.436793 7.426154  1.230792 -0.681147 -0.869272
41  0.129179 -0.865201 7.154285  -0.977524 -0.894798 -0.877426
42  0.842746 -0.882385 7.733153  1.971281 0.047169 -0.329266
time 15
0  0.000000 0.000000 0.000000  0.000000 0.000000 0.000000
1  0.684898 -0.229783 7.901105  1.573173 0.046342 -0.044924
2  0.157098 0.458229 6.867175  1.598381 0.016127 0.057061
3  0.452664 -0.236311 5.878673  1.736890 0.340852 0.199486
4  -0.693594 0.535636 7.353067  1.576543 0.024222 0.076315
5  -0.548171 0.189482 6.276614  1.576935 0.099629 -0.017065
6  -0.656240 -0.373610 7.138012  1.551691 -0.039374 -0.057302
7  -0.995668 -0.522142 6.164276  1.571665 -0.000173 0.001272
8  -1.005918 -0.854973 5.934571  1.574543 -0.002472 -0.000306
9  -1.002885 -0.397818 6.516249  1.578698 -0.026102 -0.005270
10  -1.000406 -0.466091 5.964995  1.570796 -0.000000 0.000000
11  -1.065752 -0.859754 5.753750  1.570796 -0.000000 0.000000
12  -1.001996 -0.814025 6.413364  1.576187 -0.020744 -0.013130
13  0.429728 -0.999185 8.121972  0.002399 0.299634 -2.302063
14  0.026473 -1.039187 7.556134  3.081878 -0.258978 0.442931
15  0.419478 -0.942326 7.453171  1.441100 0.208984 1.227767
16  0.148811 -1.043426 7.347883  -0.459672 1.235031 0.879297
17  0.284384 -1.050364 7.369754  0.179923 0.250891 -0.083100
18  0.823659 -1.130095 7.435771  1.231316 0.303881 0.409399
19  0.857933 -1.057881 7.499562  1.716414 0.191124 0.065673
20  1.037014 -0.876721 7.575170  -0.453415 0.719734 -2.017972
21  -0.010925 -0.914658 7.848312  2.147352 -0.083693 0.539790
22  0.162979 -0.936884 7.979710  2.343405 0.740335 0.450222
23  0.278119 -0.965540 7.717267  2.579945 -0.200265 1.029170
24  0.165964 -0.943063 7.726493  2.781394 0.195393 0.861989
25  0.338378 -1.047861 7.779082  1.764338 -0.056279 -0.129293
26  0.893344 -0.666283 7.568149  0.792231 -1.080648 -1.328133
27  0.958890 -0.884172 7.478913  0.525744 3.044145 0.949064
28  0.852985 -1.300927 7.524228  -2.743531 -0.163168 0.646812
29  0.573138 -0.295690 6.708499  1.591359 2.579803 -0.111768
30  0.761648 -1.264025 7.478563  0.910675 -0.144144 -1.156106
31  1.274853 -1.605666 6.464155  -1.076124 -0.581634 -1.553848
32  0.760478 -1.006713 7.644205  -2.487509 0.051094 0.035629
33  -0.323123 -1.862616 6.928339  1.785185 0.530187 -1.273855
34  0.778648 -0.861724 8.358555  -0.884715 -0.027689 -3.069381
35  0.639549 -1.398189 7.215991  1.579458 -0.197739 -0.070890
36  0.459707 -1.283893 7.325038  1.242314 -0.437094 0.665668
37  0.695289 -1.093247 7.641304  0.490889 -0.075087 0.341974
38  0.581790 -1.061049 7.470661  0.320234 -2.472438 0.722635
39  0.608781 -1.007686 7.373989  1.573618 -0.163200 2.678086
40  -0.346145 -1.466335 7.184352  -1.609984 -0.573444 -1.170701
41  0.104650 -0.851469 6.891655  -0.741951 -0.766155 -0.925992
42  0.871549 -0.871229 7.514035  1.165520 0.377896 -2.596618
time 16
0  0.000000 0.000000 0.000000  0.000000 0.000000 0.000000
1  0.688908 -0.199888 7.679964  1.572008 0.046135 -0.046213
2  0.156176 0.466490 6.621832  1.600334 0.017265 0.061028
3  0.458929 -0.217576 5.585268  1.751674 0.361033 0.214329
4  -0.695265 0.536730 7.110079  1.576762 0.026379 0.081427
5  -0.552876 0.192172 6.026917  1.576261 0.106085 -0.020845
6  -0.662535 -0.374947 6.897250  1.546610 -0.049731 -0.070356
7  -0.995507 -0.522066 5.919271  1.572440 -0.000346 0.002354
8  -1.005893 -0.854847 5.689300  1.576006 -0.003424 -0.000421
9  -1.003826 -0.397741 6.271075  1.580182 -0.033494 -0.009670
10  -1.000406 -0.466091 5.720212  1.570796 -0.000000 0.000000
11  -1.065752 -0.859754 5.508966  1.570796 -0.000000 0.000000
12  -1.002933 -0.814469 6.168325  1.576308 -0.026751 -0.016592
13  0.428027 -0.998228 7.914150  -0.081809 0.148445 -2.359965
14  0.009119 -1.042108 7.313997  -3.101046 -0.313366 0.439651
15  0.421802 -0.935750 7.213000  0.573428 0.271126 1.253098
16  0.141404 -1.043804 7.100902  -0.395849 1.295777 1.130121
17  0.283242 -1.050852 7.124352  0.081329 0.268194 -0.089884
18  0.828010 -1.136249 7.191425  1.214167 0.327874 0.439532
19  0.860694 -1.058686 7.257224  1.727253 0.203770 0.070522
20  1.061425 -0.865485 7.341709  -0.613266 0.654431 -2.162924
21  -0.035618 -0.908505 7.612289  2.191063 -0.102545 0.589000
22  0.143672 -0.934075 7.754957  2.443968 0.747444 0.535506
23  0.274201 -0.962934 7.474960  2.634060 -0.267070 1.059355
24  0.158889 -0.940070 7.486892  2.872288 0.166101 0.928709
25  0.336580 -1.048732 7.534108  1.778250 -0.060315 -0.139409
26  0.911399 -0.642724 7.333715  0.148437 -0.369001 -2.733590
27  0.981283 -0.873566 7.239863  0.524028 2.765866 0.400236
28  0.868393 -1.319164 7.288169  2.703317 0.071532 0.128861
29  0.571333 -0.244386 6.415352  1.574462 2.324431 -0.116319
30  0.771871 -1.279774 7.239588  0.635816 -0.747090 -2.307173
31  1.320224 -1.645117 6.154450  -1.236395 -0.736468 -1.550013
32  0.769286 -1.004028 7.416450  -2.148702 0.337914 -0.257398
33  -0.384601 -1.920293 6.651587  1.778757 0.381786 -0.980778
34  0.799603 -0.849907 8.175954  -0.692805 1.023798 -2.570734
35  0.642741 -1.423131 6.958984  -1.490208 -0.207011 0.141360
36  0.451116 -1.300945 7.075897  1.239869 -0.422410 -0.195886
37  0.712062 -1.096825 7.414748  -1.061040 2.157527 -1.385027
38  0.589193 -1.061867 7.232094  1.665633 -0.546716 -0.402512
39  0.618108 -1.005116 7.128700  1.844837 -0.281213 1.080968
40  -0.401073 -1.495827 6.925943  1.808796 -0.690030 -1.404891
41  0.080162 -0.837761 6.612454  -0.539670 -0.634646 -0.930841
42  0.900303 -0.860091 7.278272  1.549279 -0.486039 1.615491
time 17
0  0.000000 0.000000 0.000000  0.000000 0.000000 0.000000
1  0.692911 -0.170043 7.442181  1.570848 0.045928 -0.047496
2  0.155261 0.474737 6.359889  1.602286 0.018387 0.064970
3  0.465182 -0.198872 5.275343  1.766916 0.380865 0.229560
4  -0.696934 0.537822 6.850486  1.576993 0.028525 0.086517
5  -0.557579 0.194858 5.760623  1.575561 0.112499 -0.024595
6  -0.669621 -0.376018 6.639740  1.541266 -0.062787 -0.084756
7  -0.995317 -0.522023 5.657571  1.573175 -0.000495 0.003389
8  -1.005868 -0.854720 5.427426  1.577462 -0.004371 -0.000538
9  -1.004796 -0.397631 6.009392  1.581731 -0.040480 -0.014148
10  -1.000406 -0.466091 5.458827  1.570796 -0.000000 0.000000
11  -1.065752 -0.859754 5.247581  1.570796 -0.000000 0.000000
12  -1.003978 -0.814881 5.906553  1.576006 -0.033961 -0.019586
13  0.426328 -0.997272 7.689662  -0.162951 -0.003023 -2.397463
14  -0.008194 -1.045025 7.055256  -2.998998 -0.367076 0.429815
15  0.424121 -0.929186 6.956220  -0.290383 0.331264 1.274641
16  0.134009 -1.044182 6.837323  -0.230511 1.334593 1.480617
17  0.282102 -1.051339 6.862349  -0.016981 0.285372 -0.096793
18  0.832353 -1.142393 6.930476  1.198245 0.351948 0.469819
19  0.863451 -1.059490 6.998279  1.738143 0.216327 0.075381
20  1.085793 -0.854269 7.091628  -0.754731 0.578553 -2.291029
21  -0.059369 -0.902652 7.359917  2.239331 -0.118404 0.640802
22  0.124397 -0.931272 7.513566  2.545244 0.747214 0.620521
23  0.270363 -0.960260 7.216009  2.686471 -0.334744 1.079189
24  0.151752 -0.937155 7.230719  2.960339 0.130600 0.992043
25  0.334785 -1.049602 7.272532  1.792181 -0.064248 -0.149480
26  0.929422 -0.619205 7.082662  -1.263541 -0.332315 2.490893
27  1.003639 -0.862979 6.984201  0.358333 2.559666 -0.234140
28  0.883774 -1.337370 7.035493  1.841088 0.061223 -0.472509
29  0.569531 -0.193171 6.105685  1.548061 2.070302 -0.131737
30  0.782076 -1.295496 6.984001  1.534961 -0.681469 2.109362
31  1.365518 -1.684502 5.828254  -1.422854 -0.888713 -1.509014
32  0.778078 -1.001348 7.172064  -1.860179 0.678664 -0.489683
33  -0.445976 -1.977872 6.358286  1.729397 0.239471 -0.702297
34  0.820523 -0.838110 7.976645  1.490171 0.908207 -0.168498
35  0.645928 -1.448032 6.685395  1.796906 -0.058750 0.013197
36  0.442540 -1.317968 6.810161  1.205899 -0.254840 -1.019569
37  0.728807 -1.100397 7.171559  0.251120 -3.110936 0.180859
38  0.596584 -1.062684 6.976913  2.088271 0.607457 0.629053
39  0.627419 -1.002551 6.866810  1.886830 -0.045537 -0.462425
40  -0.455908 -1.525268 6.650955  -1.176801 -0.875878 -1.409197
41  0.055717 -0.824075 6.316709  -0.355002 -0.506057 -0.904995
42  0.929009 -0.848972 7.025891  2.044856 0.173962 -0.535416
time 18
0  0.000000 0.000000 0.000000  0.000000 0.000000 0.000000
1  0.696907 -0.140249 7.187783  1.569693 0.045721 -0.048773
2  0.154350 0.482969 6.081374  1.604236 0.019495 0.068892
3  0.471425 -0.180201 4.948927  1.782626 0.400338 0.245191
4  -0.698599 0.538913 6.574315  1.577237 0.030661 0.091585
5  -0.562276 0.197540 5.477763  1.574838 0.118878 -0.028325
6  -0.676936 -0.377007 6.365658  1.535854 -0.076844 -0.099428
7  -0.995103 -0.521964 5.379269  1.574043 -0.000675 0.004588
8  -1.005843 -0.854594 5.148980  1.578912 -0.005315 -0.000657
9  -1.005765 -0.397521 5.731135  1.583302 -0.047423 -0.018626
10  -1.000406 -0.466091 5.180867  1.570796 -0.000000 0.000000
11  -1.065752 -0.859754 4.969622  1.570796 -0.000000 0.000000
12  -1.005142 -0.815283 5.628123  1.575305 -0.042043 -0.022085
13  0.424632 -0.996318 7.448537  -0.245969 -0.152712 -2.415922
14  -0.025477 -1.047938 6.779937  -2.894449 -0.419460 0.413157
15  0.426437 -0.922633 6.682858  -1.149667 0.392384 1.292389
16  0.126626 -1.044559 6.557173  0.001063 1.340472 1.896363
17  0.280964 -1.051825 6.583773  -0.115014 0.302423 -0.103829
18  0.836689 -1.148526 6.652953  1.183552 0.376073 0.500300
19  0.866204 -1.060293 6.722756  1.749084 0.228795 0.080251
20  1.110121 -0.843071 6.824953  -0.879336 0.494545 -2.404483
21  -0.082743 -0.896918 7.091060  2.288755 -0.134159 0.693243
22  0.105155 -0.928473 7.255569  2.645597 0.739811 0.703545
23  0.266602 -0.957521 6.940444  2.738398 -0.402271 1.088912
24  0.144557 -0.934315 6.957998  3.045339 0.089407 1.051556
25  0.332994 -1.050471 6.994383  1.806128 -0.068078 -0.159506
26  0.947415 -0.595726 6.815017  0.418822 -2.419765 -1.432079
27  1.025956 -0.852409 6.711956  0.079831 2.516515 -0.956209
28  0.899130 -1.355545 6.766229  1.109140 -0.230761 -1.035449
29  0.567732 -0.142042 5.779526  1.480686 1.817895 -0.188981
30  0.792265 -1.311190 6.711829  1.712090 0.250604 1.006911
31  1.410735 -1.723820 5.485594  -1.661739 -1.032210 -1.407310
32  0.786856 -0.998672 6.911076  -1.587018 1.039230 -0.676386
33  -0.507245 -2.035353 6.048466  1.644588 0.113809 -0.425753
34  0.841406 -0.826333 7.760656  1.604329 -0.144450 0.257159
35  0.649109 -1.472889 6.395254  -1.196812 -0.235834 -0.025613
36  0.433978 -1.334962 6.527859  1.070197 -0.027021 -1.800225
37  0.745524 -1.103963 6.911765  2.089756 -1.032307 -1.292213
38  0.603962 -1.063499 6.705149  0.809426 2.616212 -0.828916
39  0.636714 -0.999989 6.588347  1.578209 -0.002845 -1.973720
40  -0.510650 -1.554659 6.359416  1.953378 -0.935532 -1.182996
41  0.031312 -0.810413 6.004448  -0.178093 -0.384640 -0.855777
42  0.957666 -0.837872 6.756921  1.069899 0.272836 -2.784696
time 19
0  0.000000 0.000000 0.000000  0.000000 0.000000 0.000000
1  0.700897 -0.110506 6.916799  1.568543 0.045513 -0.050044
2  0.153440 0.491187 5.786314  1.606184 0.020589 0.072800
3  0.477658 -0.161561 4.606047  1.798816 0.419443 0.261234
4  -0.700262 0.540001 6.281596  1.577494 0.032786 0.096632
5  -0.566965 0.200217 5.178366  1.574096 0.125226 -0.032046
6  -0.684239 -0.377994 6.075024  1.530670 -0.090919 -0.113977
7  -0.994888 -0.521903 5.084419  1.574921 -0.000860 0.005797
8  -1.005813 -0.854520 4.853995  1.580176 -0.006302 -0.000962
9  -1.006732 -0.397410 5.436334  1.584895 -0.054324 -0.023105
10  -1.000410 -0.466039 4.886356  1.571027 0.000033 0.000098
11  -1.065752 -0.859754 4.675117  1.570796 -0.000000 0.000000
12  -1.006307 -0.815685 5.333150  1.574626 -0.050077 -0.024556
13  0.422939 -0.995365 7.190804  -0.335653 -0.298678 -2.414929
14  -0.042731 -1.050846 6.488068  -2.786679 -0.469806 0.389376
15  0.428749 -0.916091 6.392941  -2.006809 0.453674 1.302940
16  0.119256 -1.044935 6.260481  0.193116 1.311768 2.272448
17  0.279828 -1.052310 6.288653  -0.212778 0.319346 -0.110999
18  0.841018 -1.154649 6.358882  1.170091 0.400218 0.531013
19  0.868951 -1.061094 6.430683  1.760073 0.241177 0.085134
20  1.134407 -0.831893 6.541713  -0.988945 0.404354 -2.505856
21  -0.106077 -0.891194 6.805642  2.337062 -0.151463 0.745139
22  0.085946 -0.925678 6.980991  2.743550 0.725588 0.783010
23  0.262859 -0.954775 6.648324  2.791644 -0.469913 1.092229
24  0.137363 -0.931491 6.668726  3.127210 0.043376 1.106667
25  0.331205 -1.051338 6.699688  1.820091 -0.071807 -0.169486
26  0.965377 -0.572287 6.530808  -3.091756 -1.262779 0.149118
27  1.048236 -0.841857 6.423155  -0.133248 2.655308 -1.632088
28  0.914459 -1.373689 6.480404  0.583482 -0.698415 -1.536114
29  0.565936 -0.091000 5.436903  -0.201514 1.601661 -1.861516
30  0.802436 -1.326859 6.423102  1.062461 0.891083 -0.508375
31  1.455876 -1.763070 5.126499  -2.001132 -1.154412 -1.199143
32  0.795619 -0.996001 6.633512  -1.251182 1.394846 -0.780834
33  -0.568411 -2.092736 5.722154  1.530392 0.014251 -0.143450
34  0.862255 -0.814575 7.528016  1.016644 -1.110609 1.025609
35  0.652285 -1.497705 6.088586  2.067629 -0.159417 0.142050
36  0.425431 -1.351927 6.229018  0.844569 0.145999 -2.597193
37  0.762212 -1.107524 6.635394  0.646256 0.067308 0.076497
38  0.611328 -1.064313 6.416828  1.456960 -2.549452 0.025197
39  0.645993 -0.997432 6.293339  1.440877 -0.294452 2.820162
40  -0.565299 -1.584001 6.051355  -1.115082 -0.840373 -1.044520
41  0.006949 -0.796774 5.675699  -0.002600 -0.274011 -0.787394
42  0.986274 -0.826791 6.471389  1.578479 -0.499295 1.419999
time 20
0  0.000000 0.000000 0.000000  0.000000 0.000000 0.000000
1  0.704880 -0.080814 6.629258  1.567398 0.045304 -0.051310
2  0.152532 0.499391 5.474738  1.608129 0.021668 0.076692
3  0.483880 -0.142953 4.246732  1.815495 0.438171 0.277699
4  -0.701922 0.541088 5.972356  1.577764 0.034900 0.101658
5  -0.571647 0.202889 4.862459  1.573335 0.131543 -0.035760
6  -0.691527 -0.378980 5.767872  1.525717 -0.104997 -0.128408
7  -0.994672 -0.521843 4.773051  1.575795 -0.001046 0.007001
8  -1.005769 -0.854480 4.542410  1.581160 -0.007367 -0.001412
9  -1.007697 -0.397308 5.125117  1.586559 -0.061036 -0.027565
10  -1.000416 -0.465944 4.575212  1.571005 -0.000106 0.000254
11  -1.065752 -0.859754 4.364094  1.570796 -0.000000 0.000000
12  -1.007483 -0.816086 5.021747  1.573999 -0.057863 -0.027000
13  0.421249 -0.994415 6.916491  -0.437265 -0.438736 -2.392302
14  -0.059955 -1.053749 6.179677  -2.675007 -0.517352 0.358192
15  0.431057 -0.909560 6.086500  -2.863406 0.511730 1.306844
16  0.111899 -1.045311 5.947276  0.285362 1.258576 2.549338
17  0.278693 -1.052794 5.977015  -0.310279 0.336138 -0.118306
18  0.845339 -1.160761 6.048294  1.157867 0.424353 0.562000
19  0.871694 -1.061894 6.122088  1.771109 0.253473 0.090030
20  1.158652 -0.820734 6.241936  -1.085292 0.309492 -2.597651
21  -0.129372 -0.885480 6.503691  2.384193 -0.170241 0.796488
22  0.066770 -0.922889 6.689862  2.837920 0.705056 0.857637
23  0.259123 -0.952033 6.339683  2.847203 -0.537402 1.089347
24  0.130180 -0.928673 6.362929  -3.077084 -0.006882 1.157245
25  0.329419 -1.052203 6.388476  1.834067 -0.075436 -0.179420
26  0.983309 -0.548888 6.230064  0.573166 -2.369760 0.978943
27  1.070477 -0.831324 6.117826  2.965717 0.246462 0.939866
28  0.929762 -1.391803 6.178046  0.433633 -1.192973 -2.261765
29  0.564143 -0.040044 5.077844  1.707976 1.310936 0.057500
30  0.812590 -1.342500 6.117848  0.646862 0.438017 -2.037314
31  1.500939 -1.802255 4.750995  -2.497613 -1.229160 -0.829989
32  0.804367 -0.993335 6.339402  -1.217481 1.730183 -1.198372
33  -0.629473 -2.150022 5.379379  1.394016 -0.050981 0.147152
34  0.883068 -0.802838 7.278754  -0.765718 -0.692502 2.964656
35  0.655455 -1.522478 5.765422  -0.884214 -0.081546 -0.026309
36  0.416899 -1.368864 5.913667  0.603958 0.179294 2.857177
37  0.778871 -1.111078 6.342474  1.050716 1.225527 1.535427
38  0.618681 -1.065125 6.111979  2.858041 -0.884634 -0.858840
39  0.655256 -0.994879 5.981813  1.678204 -0.410500 1.224215
40  -0.619855 -1.613292 5.726799  2.257553 -0.740843 -1.096358
41  -0.017372 -0.783159 5.330492  0.175522 -0.177537 -0.702577
42  1.014833 -0.815729 6.169325  2.065880 0.255670 -0.655196
time 21
0  0.000000 0.000000 0.000000  0.000000 0.000000 0.000000
1  0.708856 -0.051172 6.325187  1.566259 0.045095 -0.052569
2  0.151626 0.507581 5.146672  1.610071 0.022733 0.080569
3  0.490091 -0.124376 3.871009  1.832675 0.456510 0.294598
4  -0.703579 0.542173 5.646623  1.578046 0.037003 0.106663
5  -0.576320 0.205558 4.530070  1.572555 0.137830 -0.039465
6  -0.698744 -0.380012 5.444509  1.521223 -0.118618 -0.142747
7  -0.994458 -0.521783 4.445195  1.576665 -0.001232 0.008200
8  -1.005714 -0.854455 4.214284  1.581998 -0.008477 -0.001932
9  -1.008724 -0.397169 4.797319  1.586581 -0.068664 -0.031371
10  -1.000420 -0.465825 4.247385  1.570400 -0.000509 0.000398
11  -1.065752 -0.859754 4.036581  1.570796 -0.000000 0.000000
12  -1.008667 -0.816486 4.693910  1.573413 -0.065483 -0.029421
13  0.419562 -0.993465 6.625626  -0.557093 -0.570059 -2.343960
14  -0.077150 -1.056647 5.854791  -2.558849 -0.561286 0.319396
15  0.433361 -0.903040 5.763561  2.565089 0.567024 1.307322
16  0.104554 -1.045686 5.617584  0.291109 1.191786 2.740935
17  0.277561 -1.053277 5.648890  -0.407525 0.352798 -0.125754
18  0.849653 -1.166863 5.721215  1.146889 0.448446 0.593304
19  0.874432 -1.062693 5.796999  1.782190 0.265685 0.094941
20  1.182856 -0.809593 5.925650  -1.169794 0.211129 -2.682129
21  -0.152627 -0.879775 6.185235  2.430097 -0.190416 0.847298
22  0.047626 -0.920104 6.382209  2.927889 0.678832 0.926503
23  0.255393 -0.949296 6.014547  2.906130 -0.604296 1.079676
24  0.123010 -0.925859 6.040632  -3.000919 -0.060816 1.203256
25  0.327637 -1.053068 6.060775  1.848054 -0.078966 -0.189307
26  1.001210 -0.525528 5.912814  -0.552495 -2.784091 -0.043203
27  1.092681 -0.820808 5.795999  3.084249 -0.002218 0.417199
28  0.945039 -1.409886 5.859185  -1.601722 -1.912171 -1.078349
29  0.562353 0.010824 4.702377  1.645763 1.061756 0.004987
30  0.822726 -1.358115 5.796094  1.276002 -0.053101 -3.040991
31  1.545926 -1.841372 4.359111  -3.083539 -1.223408 -0.369379
32  0.813101 -0.990673 6.028774  -0.819620 2.022510 -1.283136
33  -0.690431 -2.207211 5.020168  1.245481 -0.076028 0.443493
34  0.903845 -0.791121 7.012897  -0.897622 0.340453 -2.911622
35  0.658620 -1.547210 5.425789  2.432386 -0.251037 0.020700
36  0.408381 -1.385771 5.581833  0.471038 0.075798 2.038512
37  0.795503 -1.114626 6.033035  -1.076392 2.980376 0.191037
38  0.626021 -1.065936 5.790630  2.235278 0.390160 -0.135869
39  0.664504 -0.992331 5.653800  1.744144 -0.147993 -0.297966
40  -0.674318 -1.642534 5.385776  -0.597963 -0.724669 -1.213912
41  -0.041652 -0.769566 4.968852  0.358527 -0.098418 -0.603660
42  1.043344 -0.804686 5.850756  1.080935 0.221085 -2.885629
time 22
0  0.000000 0.000000 0.000000  0.000000 0.000000 0.000000
1  0.712825 -0.021580 6.004614  1.565125 0.044886 -0.053822
2  0.150721 0.515758 4.802146  1.612010 0.023784 0.084431
3  0.496292 -0.105831 3.478907  1.850364 0.474449 0.311942
4  -0.705233 0.543256 5.304426  1.578340 0.039095 0.111647
5  -0.580986 0.208221 4.181229  1.571757 0.144086 -0.043163
6  -0.705949 -0.381041 5.104678  1.516941 -0.132245 -0.156986
7  -0.994243 -0.521722 4.100877  1.577531 -0.001420 0.009392
8  -1.005659 -0.854436 3.869700  1.582815 -0.009587 -0.002474
9  -1.009749 -0.397029 4.453063  1.586633 -0.076254 -0.035162
10  -1.000425 -0.465701 3.903093  1.569817 -0.000908 0.000551
11  -1.065752 -0.859754 3.692607  1.570796 -0.000000 0.000000
12  -1.009849 -0.816886 4.349611  1.572850 -0.073073 -0.031824
13  0.417878 -0.992518 6.318236  -0.702712 -0.688650 -2.263944
14  -0.094316 -1.059540 5.513439  -2.437794 -0.600747 0.272926
15  0.435661 -0.896531 5.424152  1.712249 0.622004 1.303292
16  0.097221 -1.046061 5.271434  0.239046 1.118049 2.876322
17  0.276430 -1.053760 5.304303  -0.504523 0.369324 -0.133348
18  0.853960 -1.172954 5.377673  1.137168 0.472466 0.624970
19  0.877166 -1.063490 5.455445  1.793315 0.277815 0.099869
20  1.207018 -0.798472 5.592884  -1.243492 0.110185 -2.761296
21  -0.175842 -0.874080 5.850301  2.474727 -0.211912 0.897586
22  0.028514 -0.917324 6.058061  3.013012 0.647588 0.989051
23  0.251669 -0.946563 5.672947  2.969653 -0.670087 1.062370
24  0.115852 -0.923050 5.701866  -2.927141 -0.117913 1.244710
25  0.325857 -1.053930 5.716612  1.862052 -0.082398 -0.199146
26  1.019081 -0.502209 5.579084  1.109563 -0.459961 2.329743
27  1.114847 -0.810310 5.457699  -2.944045 -0.184822 -0.121515
28  0.960290 -1.427938 5.523846  1.362543 -0.809088 1.331830
29  0.560566 0.061607 4.310530  1.620761 0.813114 -0.009804
30  0.832845 -1.373704 5.457869  2.165198 -0.012634 2.171470
31  1.590837 -1.880423 3.950875  2.727403 -1.140713 -0.022251
32  0.821819 -0.988015 5.701655  -0.442889 2.264863 -1.429319
33  -0.751285 -2.264302 4.644549  1.097203 -0.058869 0.739529
34  0.924587 -0.779424 6.730473  -0.056103 1.260419 -1.845308
35  0.661780 -1.571899 5.069715  -0.531757 -0.122419 0.120830
36  0.399877 -1.402650 5.233545  0.520877 -0.070155 1.237952
37  0.812106 -1.118168 5.707103  1.340847 -1.082297 -1.813703
38  0.633350 -1.066746 5.452808  0.377175 1.820819 -1.158510
39  0.673736 -0.989787 5.309325  1.449781 -0.008239 -1.762743
40  -0.728689 -1.671726 5.028314  -0.328457 -2.363124 1.855923
41  -0.065891 -0.755997 4.590809  0.547027 -0.039563 -0.493317
42  1.071806 -0.793661 5.515710  1.577509 -0.512912 1.327062
time 23
0  0.000000 0.000000 0.000000  0.000000 0.000000 0.000000
1  0.716788 0.007961 5.667569  1.563995 0.044676 -0.055070
2  0.149818 0.523920 4.441188  1.613946 0.024822 0.088278
3  0.502482 -0.087318 3.070452  1.868573 0.491978 0.329740
4  -0.706885 0.544337 4.945791  1.578646 0.041176 0.116611
5  -0.585643 0.210880 3.815962  1.570940 0.150312 -0.046853
6  -0.713141 -0.382069 4.748405  1.512870 -0.145873 -0.171130
7  -0.994017 -0.521672 3.740100  1.578365 -0.001579 0.010548
8  -1.005604 -0.854417 3.508682  1.583629 -0.010693 -0.003014
9  -1.010785 -0.396879 4.092401  1.586740 -0.083680 -0.038958
10  -1.000429 -0.465578 3.542367  1.569235 -0.001306 0.000703
11  -1.065752 -0.859754 3.332199  1.570796 -0.000000 0.000000
12  -1.011029 -0.817285 3.988879  1.572310 -0.080632 -0.034209
13  0.416197 -0.991572 5.994351  -0.882172 -0.788761 -2.145404
14  -0.111453 -1.062428 5.155649  -2.311691 -0.634851 0.218964
15  0.437958 -0.890033 5.068303  0.858457 0.675325 1.291333
16  0.089901 -1.046435 4.908854  0.149864 1.040833 2.976347
17  0.275302 -1.054242 4.943284  -0.601282 0.385716 -0.141091
18  0.858259 -1.179036 5.017697  1.128714 0.496381 0.657044
19  0.879895 -1.064286 5.097453  1.804483 0.289863 0.104814
20  1.231140 -0.787369 5.243665  -1.307058 0.007407 -2.836947
21  -0.199018 -0.868395 5.498919  2.518041 -0.234651 0.947375
22  0.009435 -0.914549 5.717445  -0.048425 2.529581 -2.096552
23  0.247952 -0.943835 5.314909  -0.102386 -2.407405 -2.105252
24  0.108706 -0.920246 5.346656  -2.855347 -0.177691 1.281626
25  0.324081 -1.054791 5.356016  1.876058 -0.085735 -0.208938
26  1.036921 -0.478928 5.228903  -0.161038 -0.826043 1.541183
27  1.136976 -0.799830 5.102957  -2.596738 -0.240865 -0.688136
28  0.975515 -1.445959 5.172060  0.765032 -0.414963 0.923532
29  0.558782 0.112303 3.902331  1.604928 0.565435 -0.014498
30  0.842947 -1.389266 5.103199  2.557348 0.515541 1.088133
31  1.635671 -1.919408 3.526314  2.409115 -1.015407 0.169311
32  0.830523 -0.985362 5.358075  -0.027544 2.455482 -1.573207
33  -0.812036 -2.321296 4.252550  0.961564 -0.001984 1.029083
34  0.945294 -0.767746 6.431511  1.558633 0.581595 -0.029424
35  0.664934 -1.596547 4.697228  2.837883 -0.111431 -0.038604
36  0.391388 -1.419500 4.868831  0.737417 -0.142407 0.432701
37  0.828681 -1.121704 5.364707  0.101568 -0.303084 0.162802
38  0.640665 -1.067554 5.098543  0.782704 3.011308 -0.000077
39  0.682952 -0.987247 4.948417  1.260781 -0.220105 3.054184
40  -0.782967 -1.700868 4.654442  -0.113207 -0.837620 -1.260563
41  -0.090089 -0.742450 4.196390  0.740090 -0.003290 -0.374996
42  1.100220 -0.782655 5.164215  2.038108 0.284235 -0.700590
time 24
0  0.000000 0.000000 0.000000  0.000000 0.000000 0.000000
1  0.720744 0.037453 5.314077  1.562871 0.044465 -0.056311
2  0.148916 0.532068 4.063824  1.615879 0.025845 0.092111
3  0.508661 -0.068836 2.645674  1.887309 0.509085 0.348002
4  -0.708533 0.545416 4.570749  1.578964 0.043247 0.121553
5  -0.590293 0.213535 3.434297  1.570105 0.156507 -0.050536
6  -0.720321 -0.383095 4.375720  1.509006 -0.159500 -0.185185
7  -0.993786 -0.521626 3.362908  1.579185 -0.001728 0.011686
8  -1.005549 -0.854399 3.131260  1.584441 -0.011793 -0.003554
9  -1.011824 -0.396726 3.715344  1.586884 -0.091025 -0.042747
10  -1.000434 -0.465454 3.165235  1.568655 -0.001703 0.000855
11  -1.065752 -0.859754 2.955385  1.570796 -0.000000 0.000000
12  -1.012206 -0.817684 3.611742  1.571793 -0.088161 -0.036578
13  0.414518 -0.990627 5.653998  -1.100487 -0.862621 -1.984241
14  -0.128561 -1.065311 4.781449  -2.180754 -0.662716 0.158030
15  0.440250 -0.883547 4.696039  0.002909 0.724187 1.272426
16  0.082594 -1.046808 4.529873  0.036261 0.961913 3.053628
17  0.274175 -1.054723 4.565860  -0.697808 0.401970 -0.148988
18  0.862551 -1.185106 4.641315  1.121544 0.520159 0.689578
19  0.882619 -1.065080 4.723051  1.815692 0.301832 0.109779
20  1.255220 -0.776285 4.878021  -1.360806 -0.096562 -2.910747
21  -0.222154 -0.862719 5.131115  2.559999 -0.258555 0.996700
22  -0.009611 -0.911779 5.360391  0.026900 2.568823 -2.047114
23  0.244241 -0.941112 4.940460  -0.025126 -2.345692 -2.141360
24  0.101573 -0.917446 4.975033  -2.785071 -0.239703 1.314013
25  0.322307 -1.055651 4.979014  1.890071 -0.088976 -0.218682
26  1.054731 -0.455688 4.862299  0.133724 -1.331607 -0.509211
27  1.159066 -0.789368 4.731799  -2.240176 -0.149403 -1.236416
28  0.990715 -1.463949 4.803853  0.040140 -0.097318 0.510771
29  0.557001 0.162912 3.477807  1.592240 0.318809 -0.014552
30  0.853032 -1.404801 4.732115  1.863528 0.725272 -0.528346
31  1.680429 -1.958326 3.085457  2.185173 -0.871415 0.263010
32  0.839211 -0.982714 4.998059  -2.717022 0.535094 1.437694
33  -0.872684 -2.378194 3.844199  0.848406 0.088397 1.309194
34  0.965966 -0.756088 6.116039  1.559248 -0.448881 0.333893
35  0.668083 -1.621152 4.308356  -0.096895 -0.249153 0.049599
36  0.382914 -1.436322 4.487719  1.026626 -0.075025 -0.358715
37  0.845227 -1.125234 5.005874  1.059528 0.838726 1.113564
38  0.647969 -1.068361 4.727861  0.111623 -2.061471 0.944846
39  0.692152 -0.984712 4.571105  1.464880 -0.351465 1.508565
40  -0.837153 -1.729961 4.264187  0.074662 -2.293909 1.959260
41  -0.114246 -0.728927 3.785623  0.935521 0.009016 -0.252968
42  1.128586 -0.771668 4.796299  1.115062 0.218841 -2.911243
time 25
0  0.000000 0.000000 0.000000  0.000000 0.000000 0.000000
1  0.724693 0.066894 4.944169  1.561752 0.044255 -0.057547
2  0.148016 0.540203 3.670084  1.617809 0.026855 0.095928
3  0.514830 -0.050385 2.204599  1.906582 0.525759 0.366737
4  -0.710179 0.546494 4.179325  1.579294 0.045306 0.126475
5  -0.594935 0.216185 3.036263  1.569252 0.162672 -0.054211
6  -0.727489 -0.384120 3.986650  1.505348 -0.173121 -0.199157
7  -0.993555 -0.521580 2.969338  1.580001 -0.001877 0.012819
8  -1.005494 -0.854380 2.737461  1.585249 -0.012887 -0.004093
9  -1.012861 -0.396572 3.321909  1.587052 -0.098337 -0.046521
10  -1.000438 -0.465331 2.771727  1.568078 -0.002097 0.001007
11  -1.065752 -0.859754 2.562194  1.570796 -0.000000 0.000000
12  -1.013382 -0.818081 3.218228  1.571299 -0.095660 -0.038929
13  0.412843 -0.989684 5.297206  -1.352356 -0.901545 -1.786467
14  -0.145639 -1.068189 4.390867  -2.045638 -0.683522 0.091074
15  0.442538 -0.877071 4.307390  -0.852664 0.769442 1.249462
16  0.075298 -1.047181 4.134517  -0.093912 0.882185 3.115722
17  0.273050 -1.055203 4.172060  -0.794109 0.418085 -0.157044
18  0.866836 -1.191167 4.248554  1.115675 0.543765 0.722620
19  0.885339 -1.065873 4.332267  1.826941 0.313721 0.114764
20  1.279260 -0.765220 4.495981  -1.404699 -0.201140 -2.984326
21  -0.245251 -0.857053 4.746919  2.600566 -0.283546 1.045600
22  -0.028625 -0.909013 4.986925  -3.043883 0.530488 1.137545
23  0.240536 -0.938393 4.549630  0.061747 -2.287220 -2.189162
24  0.094451 -0.914652 4.587022  -2.715796 -0.303532 1.341841
25  0.320537 -1.056509 4.585635  1.904089 -0.092124 -0.228376
26  1.072511 -0.432487 4.479300  0.249607 -0.788549 -2.374753
27  1.181120 -0.778923 4.344254  -1.945067 0.056313 -1.729009
28  1.005888 -1.481910 4.419253  -0.758817 0.078158 0.007878
29  0.555224 0.213436 3.036986  1.580339 0.073276 -0.011481
30  0.863100 -1.420310 4.344644  1.378322 -0.019491 -1.733575
31  1.725111 -1.997179 2.628331  2.011093 -0.719889 0.301239
32  0.847885 -0.980070 4.621638  -2.242842 0.402638 1.315967
33  -0.933229 -2.434994 3.419524  0.764452 0.203859 1.581637
34  0.986602 -0.744451 5.784085  0.369744 -1.243115 1.701569
35  0.671226 -1.645716 3.903126  -3.011631 -0.098589 0.100865
36  0.374454 -1.453115 4.090236  1.280914 0.105674 -1.109102
37  0.861746 -1.128758 4.630632  -0.143862 2.689884 -0.176196
38  0.655260 -1.069167 4.340791  1.817468 -0.482147 -0.113040
39  0.701337 -0.982181 4.177415  1.619155 -0.091463 0.002965
40  -0.891247 -1.759005 3.857577  0.303653 -0.813744 -1.141673
41  -0.138361 -0.715427 3.358536  1.130454 -0.002817 -0.131968
42  1.156904 -0.760700 4.411991  1.577533 -0.520477 1.332698
time 26
0  0.000000 0.000000 0.000000  0.000000 0.000000 0.000000
1  0.728635 0.096285 4.557870  1.560638 0.044043 -0.058778
2  0.147118 0.548324 3.259994  1.619735 0.027851 0.099730
3  0.520989 -0.031966 1.747255  1.926397 0.541986 0.385952
4  -0.711822 0.547569 3.771548  1.579636 0.047355 0.131377
5  -0.599568 0.218831 2.621887  1.568381 0.168807 -0.057880
6  -0.734644 -0.385143 3.581223  1.501894 -0.186734 -0.213050
7  -0.993325 -0.521534 2.559419  1.580814 -0.002028 0.013947
8  -1.005440 -0.854361 2.327313  1.586055 -0.013975 -0.004631
9  -1.013896 -0.396420 2.912125  1.587244 -0.105616 -0.050283
10  -1.000443 -0.465208 2.361869  1.567504 -0.002489 0.001159
11  -1.065752 -0.859754 2.152653  1.570796 -0.000000 0.000000
12  -1.014556 -0.818479 2.808365  1.570826 -0.103128 -0.041265
13  0.411170 -0.988743 4.924001  -1.616577 -0.899400 -1.573857
14  -0.162689 -1.071063 3.983930  -1.907469 -0.696576 0.019502
15  0.444823 -0.870606 3.902384  -1.708993 0.812952 1.220701
16  0.068016 -1.047552 3.722815  -0.235502 0.802077 -3.115862
17  0.271928 -1.055683 3.761910  -0.890193 0.434060 -0.165261
18  0.871113 -1.197217 3.839443  1.111127 0.567167 0.756226
19  0.888054 -1.066665 3.925129  1.838230 0.325534 0.119771
20  1.303258 -0.754174 4.097571  1.703272 -2.835849 0.082210
21  -0.268309 -0.851397 4.346357  2.639705 -0.309546 1.094126
22  -0.047607 -0.906252 4.597075  -2.977157 0.485742 1.174520
23  0.236838 -0.935679 4.142446  0.160299 -2.233039 -2.250455
24  0.087342 -0.911862 4.182653  -2.646948 -0.368783 1.365026
25  0.318769 -1.057366 4.175907  1.918111 -0.095180 -0.238022
26  1.090261 -0.409325 4.079933  -0.983032 -0.475196 3.122473
27  1.203135 -0.768496 3.940349  -1.737109 0.320411 -2.185055
28  1.021036 -1.499839 4.018290  -1.554097 0.016056 -0.551758
29  0.553449 0.263874 2.579896  1.567697 -0.171131 -0.005435
30  0.873151 -1.435793 3.940812  -1.574751 -2.299448 0.294234
31  1.769717 -2.035965 2.154963  1.862995 -0.566260 0.305511
32  0.856545 -0.977431 4.228837  -1.763820 0.272832 1.183810
33  -0.993670 -2.491699 2.978553  0.714678 0.335064 1.852733
34  1.007204 -0.732833 5.435677  -0.865546 -0.471284 3.119775
35  0.674365 -1.670238 3.481567  0.395558 -0.141135 -0.040347
36  0.366008 -1.469879 3.676410  1.443501 0.312588 -1.848647
37  0.878236 -1.132276 4.239011  -0.060718 -2.377515 0.667414
38  0.662538 -1.069971 3.937361  2.465053 0.596469 0.625606
39  0.710507 -0.979654 3.767377  1.403613 0.148953 -1.463851
40  -0.945249 -1.787999 3.434639  -2.551544 -0.779475 -1.162218
41  -0.162436 -0.701949 2.915157  1.322145 -0.037695 -0.016578
42  1.185173 -0.749750 4.011317  2.014263 0.265132 -0.672068
time 27
0  0.000000 0.000000 0.000000  0.000000 0.000000 0.000000
1  0.732571 0.125626 4.155210  1.559529 0.043832 -0.060002
2  0.146221 0.556431 2.833583  1.621659 0.028834 0.103518
3  0.527137 -0.013578 1.273671  1.946761 0.557756 0.405653
4  -0.713463 0.548643 3.347446  1.579988 0.049393 0.136259
5  -0.604194 0.221472 2.191198  1.567492 0.174912 -0.061543
6  -0.741788 -0.386164 3.159467  1.498642 -0.200336 -0.226871
7  -0.993095 -0.521488 2.133178  1.581623 -0.002180 0.015070
8  -1.005385 -0.854342 1.900844  1.586857 -0.015059 -0.005169
9  -1.014930 -0.396267 2.486019  1.587459 -0.112864 -0.054031
10  -1.000447 -0.465086 1.935689  1.566932 -0.002880 0.001310
11  -1.065752 -0.859754 1.726789  1.570796 -0.000000 0.000000
12  -1.015728 -0.818875 2.382179  1.570375 -0.110566 -0.043584
13  0.409500 -0.987803 4.534413  -1.863900 -0.856418 -1.376141
14  -0.179709 -1.073931 3.560667  -1.767794 -0.701378 -0.054873
15  0.447104 -0.864153 3.481047  -2.568859 0.853055 1.182913
16  0.060745 -1.047924 3.294794  -0.384887 0.721759 -3.071679
17  0.270807 -1.056161 3.335439  -0.986067 0.449894 -0.173646
18  0.875383 -1.203257 3.414008  1.107924 0.590328 0.790448
19  0.890764 -1.067455 3.501665  1.849556 0.337269 0.124802
20  1.327216 -0.743147 3.682821  1.680768 -2.731845 0.003783
21  -0.291328 -0.845750 3.929458  2.677383 -0.336478 1.142333
22  -0.066557 -0.903495 4.190869  -2.914021 0.439054 1.205741
23  0.233146 -0.932970 3.718936  -2.869060 -0.957164 0.814596
24  0.080244 -0.909077 3.761953  -2.577884 -0.435082 1.383399
25  0.317005 -1.058221 3.749856  1.932135 -0.098145 -0.247618
26  1.107980 -0.386203 3.664227  0.722390 -2.701721 -0.675907
27  1.225114 -0.758087 3.520113  1.507201 2.552802 0.478038
28  1.036158 -1.517738 3.600989  -2.225677 -0.285308 -1.055514
29  0.551677 0.314226 2.106565  1.552651 -0.414364 0.004403
30  0.883184 -1.451250 3.520648  -0.737863 -2.367395 -1.501257
31  1.814248 -2.074685 1.665382  1.727708 -0.413732 0.286242
32  0.865189 -0.974796 3.819687  -1.290138 0.148717 1.015785
33  -1.054010 -2.548306 2.521312  0.704376 0.472097 2.132638
34  1.027770 -0.721234 5.070842  -0.857405 0.542081 -2.794158
35  0.677497 -1.694718 3.043706  -2.504254 -0.234173 0.065798
36  0.357576 -1.486615 3.246269  1.504893 0.447431 -2.627122
37  0.894699 -1.135788 3.831037  1.167974 -0.686029 -0.323785
38  0.669804 -1.070774 3.517598  1.056576 2.427722 -0.771657
39  0.719660 -0.977131 3.341017  1.187260 0.017359 -2.946887
40  -0.999159 -1.816944 2.995403  0.904665 -0.773844 -1.205449
41  -0.186469 -0.688495 2.455513  1.508699 -0.093443 0.089327
42  1.213395 -0.738819 3.594306  1.131840 0.252130 -2.858396
time 28
0  0.000000 0.000000 0.000000  0.000000 0.000000 0.000000
1  0.736500 0.154917 3.736216  1.558425 0.043620 -0.061221
2  0.144221 0.568264 2.391659  1.629992 0.030213 0.111887
3  0.514429 0.039242 1.135607  1.896986 0.595938 0.367055
4  -0.715100 0.549715 2.907047  1.580352 0.051420 0.141120
5  -0.608812 0.224108 1.744222  1.566586 0.180987 -0.065199
6  -0.748919 -0.387183 2.721410  1.495591 -0.213923 -0.240625
7  -0.992866 -0.521443 1.690643  1.582428 -0.002332 0.016188
8  -1.005330 -0.854323 1.458081  1.587657 -0.016136 -0.005705
9  -1.015962 -0.396114 2.043619  1.587699 -0.120080 -0.057766
10  -1.000452 -0.464963 1.493215  1.566362 -0.003269 0.001461
11  -1.065752 -0.859754 1.284631  1.570796 -0.000000 0.000000
12  -1.016898 -0.819271 1.939700  1.569946 -0.117973 -0.045888
13  0.407833 -0.986865 4.128469  -2.074316 -0.779008 -1.213753
14  -0.196701 -1.076795 3.121105  -1.628429 -0.697680 -0.129973
15  0.449380 -0.857710 3.043408  -0.290258 2.254194 -2.003677
16  0.053487 -1.048295 2.850483  -0.539387 0.641268 -3.032786
17  0.269688 -1.056639 2.892675  -1.081738 0.465584 -0.182201
18  0.879646 -1.209287 2.972278  1.106089 0.613212 0.825345
19  0.893470 -1.068244 3.061902  1.860920 0.348930 0.129858
20  1.351133 -0.732138 3.251757  1.670762 -2.629173 -0.080258
21  -0.314308 -0.840113 3.496249  2.713564 -0.364267 1.190284
22  -0.085474 -0.900744 3.768336  -2.853956 0.390894 1.231552
23  0.229460 -0.930265 3.279127  -2.741660 -0.998683 0.721551
24  0.073159 -0.906296 3.324949  -2.507879 -0.502062 1.396692
25  0.315243 -1.059075 3.307511  1.946159 -0.101021 -0.257164
26  1.125670 -0.363120 3.232209  -0.475368 -2.384741 -1.466757
27  1.247055 -0.747696 3.083572  1.463489 2.340715 -0.104122
28  1.051254 -1.535607 3.167379  0.403643 -2.416957 1.644593
29  0.551012 0.360753 1.616241  1.580821 -0.642465 -0.015676
30  0.893201 -1.466680 3.084181  2.136864 -0.160551 0.647621
31  1.858702 -2.113340 1.159615  1.597118 -0.264698 0.248297
32  0.873819 -0.972165 3.394213  -0.823500 0.054853 0.794712
33  -1.114246 -2.604818 2.047831  0.740654 0.603876 2.434632
34  1.048302 -0.709656 4.689610  0.556081 1.247197 -1.195930
35  0.680625 -1.719157 2.589571  0.908383 -0.093041 0.087469
36  0.349159 -1.503322 2.799842  -1.617097 2.701315 -0.287669
37  0.911133 -1.139294 3.406738  0.646678 0.552969 0.361347
38  0.677058 -1.071576 3.081530  1.362622 -2.798261 0.145771
39  0.728798 -0.974613 2.898364  1.351750 -0.158348 1.864845
40  -1.052978 -1.845840 2.539894  -1.923004 -0.793547 -1.229633
41  -0.210462 -0.675063 1.979632  1.689504 -0.167159 0.182831
42  1.241568 -0.727906 3.160985  1.550816 -0.517991 1.434445
time 29
0  0.000000 0.000000 0.000000  0.000000 0.000000 0.000000
1  0.740422 0.184159 3.300916  1.557326 0.043408 -0.062433
2  0.130694 0.618120 1.980456  1.687724 0.046752 0.127423
3  0.511777 0.044802 1.089673  1.719382 0.592651 0.228666
4  -0.716735 0.550785 2.450378  1.580727 0.053436 0.145961
5  -0.624243 0.227575 1.292707  1.579374 0.204236 -0.053302
6  -0.756038 -0.388200 2.267078  1.492738 -0.227493 -0.254317
7  -0.992637 -0.521397 1.231843  1.583229 -0.002486 0.017300
8  -1.005269 -0.854309 0.999064  1.588481 -0.017245 -0.006283
9  -1.016992 -0.395962 1.584952  1.587961 -0.127263 -0.061489
10  -1.000456 -0.464841 1.034475  1.565794 -0.003656 0.001612
11  -1.065759 -0.859750 0.826195  1.570055 0.000070 0.000508
12  -1.018065 -0.819666 1.480955  1.569537 -0.125350 -0.048177
13  0.406168 -0.985929 3.706196  -2.243555 -0.675813 -1.091361
14  -0.213664 -1.079654 2.665271  -1.491245 -0.685513 -0.203674
15  0.451653 -0.851278 2.589495  1.987654 0.917002 1.088976
16  0.046241 -1.048665 2.389908  -0.696976 0.560586 -2.997625
17  0.268571 -1.057116 2.433645  -1.177212 0.481130 -0.190933
18  0.883902 -1.215306 2.514281  1.105651 0.635783 0.860974
19  0.896171 -1.069032 2.605868  1.872320 0.360517 0.134940
20  1.375010 -0.721148 2.804407  1.675322 -2.528757 -0.172703
21  -0.337248 -0.834485 3.046758  2.748210 -0.392837 1.238055
22  -0.104359 -0.897997 3.329503  -2.796447 0.341684 1.252291
23  0.225780 -0.927565 2.823047  -2.598872 -1.031421 0.611995
24  0.066086 -0.903520 2.871670  -2.436099 -0.569353 1.404496
25  0.313485 -1.059928 2.848900  1.960183 -0.103809 -0.266659
26  1.143329 -0.340076 2.783907  2.350124 -1.381418 0.299232
27  1.268959 -0.737322 2.630755  1.272348 2.263757 -0.819776
28  1.066325 -1.553445 2.717488  0.152526 -1.952326 1.059888
29  0.548831 0.457402 1.184986  0.740834 -0.640282 0.403545
30  0.903200 -1.482084 2.631437  1.362437 0.189822 -0.342148
31  1.903081 -2.151929 0.637688  1.465506 -0.121379 0.193572
32  0.882434 -0.969539 2.952445  -0.368645 0.026887 0.523605
33  -1.174380 -2.661234 1.558136  0.831584 0.717028 2.773052
34  1.068799 -0.698097 4.292006  1.570217 0.412316 0.003032
35  0.683747 -1.743554 2.119189  -1.929674 -0.157503 -0.041353
36  0.340756 -1.520001 2.337154  1.605764 0.300239 2.094065
37  0.927540 -1.142794 2.966141  -1.064978 2.062359 -0.540478
38  0.684299 -1.072376 2.629185  -0.063564 -2.241729 1.743478
39  0.737921 -0.972099 2.439444  1.604442 0.024814 0.406019
40  -1.106705 -1.874686 2.068142  1.521061 -0.815129 -1.220110
41  -0.234414 -0.661654 1.487541  1.865338 -0.255578 0.261849
42  1.269694 -0.717012 2.711383  2.030806 0.208379 -0.568163
time 30
0  0.000000 0.000000 0.000000  0.000000 0.000000 0.000000
1  0.746713 0.210720 2.854676  1.559265 0.037634 -0.065963
2  0.101243 0.715301 1.606641  1.799031 0.082708 0.152908
3  0.522762 -0.006449 1.032821  1.553773 0.501213 0.120526
4  -0.718367 0.551854 1.977466  1.581113 0.055441 0.150783
5  -0.650751 0.236376 0.831281  1.600934 0.232563 -0.034402
6  -0.763612 -0.393947 1.802901  1.491073 -0.230296 -0.260276
7  -0.992408 -0.521351 0.756803  1.584027 -0.002640 0.018408
8  -1.005207 -0.854294 0.523809  1.589306 -0.018353 -0.006866
9  -1.018020 -0.395811 1.110047  1.588247 -0.134415 -0.065200
10  -1.000460 -0.464719 0.559496  1.565230 -0.004041 0.001762
11  -1.065767 -0.859746 0.351519  1.569223 0.000149 0.001079
12  -1.019231 -0.820060 1.005971  1.569149 -0.132698 -0.050451
13  0.404507 -0.984994 3.267622  -2.376890 -0.554417 -1.004101
14  -0.230597 -1.082508 2.193194  -1.357933 -0.665179 -0.274029
15  0.453922 -0.844858 2.119335  1.122580 0.943303 1.034521
16  0.039008 -1.049034 1.913098  -0.856154 0.479697 -2.965007
17  0.267456 -1.057592 1.958377  -1.272498 0.496530 -0.199845
18  0.888150 -1.221315 2.040044  1.106639 0.658001 0.897396
19  0.898868 -1.069818 2.133592  1.883756 0.372030 0.140050
20  1.398846 -0.710177 2.340800  1.697413 -2.431825 -0.277127
21  -0.360150 -0.828867 2.581013  2.781283 -0.422112 1.285723
22  -0.123212 -0.895254 2.874397  -2.740991 0.291809 1.268263
23  0.222107 -0.924869 2.350725  -2.442632 -1.053703 0.488060
24  0.059024 -0.900750 2.402143  -2.361563 -0.636568 1.406235
25  0.311729 -1.060779 2.374050  1.974204 -0.106509 -0.276103
26  1.160958 -0.317071 2.319349  0.112251 -2.102468 0.866520
27  1.290825 -0.726966 2.161690  -2.027136 0.782844 1.632547
28  1.081370 -1.571253 2.251343  1.298607 -1.814268 -0.901278
29  0.544737 0.611882 0.821422  -0.570089 0.078060 0.556085
30  0.913183 -1.497462 2.162444  0.664664 -0.054669 -1.441598
31  1.947385 -2.190452 0.099631  1.328306 0.013830 0.122240
32  0.891035 -0.966918 2.494408  0.055376 0.092456 0.228468
33  -1.234412 -2.717553 1.052255  -2.162024 2.346086 0.014593
34  1.089260 -0.686557 3.878061  1.546176 -0.591386 0.357518
35  0.686864 -1.767909 1.632589  1.489278 -0.221020 0.079080
36  0.332368 -1.536652 1.858235  1.789611 0.104136 1.379294
37  0.943919 -1.146288 2.509275  -0.961915 -3.028786 0.330486
38  0.691529 -1.073174 2.160591  1.998095 -0.013733 -0.326660
39  0.747028 -0.969590 1.964286  1.519516 0.319475 -1.044536
40  -1.160341 -1.903484 1.580173  -1.318078 -0.819386 -1.193651
41  -0.258326 -0.648268 0.979269  2.038301 -0.355341 0.324721
42  1.297771 -0.706136 2.245527  1.152213 0.311753 -2.723215
time 31
0  0.000000 0.000000 0.000000  0.000000 0.000000 0.000000
1  0.757683 0.232453 2.401821  1.566689 0.020213 -0.074335
2  0.078503 0.822217 1.206563  1.897485 0.121583 0.181844
3  0.523937 -0.050397 1.009830  1.573549 0.419008 0.171916
4  -0.755112 0.573354 1.603219  1.686886 0.215970 0.172729
5  -0.711836 0.295081 0.589805  1.569857 -0.008566 -0.007057
6  -0.775656 -0.408932 1.388119  1.551285 -0.192197 -0.296911
7  -0.962116 -0.531377 0.299728  1.504568 -0.130599 0.065839
8  -0.968349 -0.838908 0.152863  1.557054 -0.324984 0.093706
9  -1.014193 -0.375643 0.763037  1.647608 -0.279753 -0.017001
10  -1.012863 -0.454350 0.228338  1.604943 -0.159351 0.075372
11  -1.068644 -0.850590 -0.124538  2.561898 -0.318273 0.014208
12  -1.029564 -0.824222 0.596613  1.489512 -0.028352 -0.046380
13  0.402848 -0.984061 2.812776  -2.482077 -0.420372 -0.944661
14  -0.247503 -1.085357 1.704901  -1.229822 -0.637201 -0.339453
15  0.456188 -0.838448 1.632956  0.254522 0.964614 0.972539
16  0.031787 -1.049403 1.420080  -1.015878 0.398620 -2.933985
17  0.266342 -1.058067 1.466898  -1.367602 0.511783 -0.208944
18  0.892391 -1.227314 1.549594  1.109083 0.679826 0.934669
19  0.901560 -1.070603 1.645099  1.895226 0.383473 0.145190
20  1.422641 -0.699224 1.860962  1.741117 -2.340084 -0.398142
21  -0.365300 -0.831640 2.106700  -0.065123 -2.677626 -1.808678
22  -0.142033 -0.892517 2.403046  -2.687112 0.241619 1.279743
23  0.218440 -0.922178 1.862186  -2.277589 -1.064189 0.354585
24  0.051975 -0.897983 1.916396  -2.283102 -0.703286 1.401110
25  0.309977 -1.061628 1.882988  1.988222 -0.109125 -0.285497
26  1.178558 -0.294106 1.838562  -1.111941 -2.480655 0.271389
27  1.312654 -0.716628 1.676403  -2.011907 0.578173 1.091522
28  1.096390 -1.589031 1.768972  -1.868842 -0.951364 1.416419
29  0.540651 0.766099 0.441458  -2.001242 0.418630 -0.124016
30  0.923148 -1.512813 1.677230  0.730249 -0.567015 -2.618971
31  1.982888 -2.206787 0.072022  -1.484294 0.456125 -2.014846
32  0.899621 -0.964301 2.020132  0.423914 0.255426 -0.058303
33  -1.294342 -2.773777 0.530215  1.167903 0.823864 -2.710408
34  1.109687 -0.675038 3.447801  0.019726 -1.257569 2.071011
35  0.689976 -1.792223 1.129797  -1.338694 -0.096380 0.072971
36  0.323993 -1.553274 1.363111  2.054684 -0.058200 0.660829
37  0.960269 -1.149776 2.036168  1.103799 -1.106928 -1.434278
38  0.698745 -1.073972 1.675774  2.122332 1.042393 0.588688
39  0.756120 -0.967084 1.472918  1.275798 0.271957 -2.555633
40  -1.213885 -1.932232 1.076015  2.145912 -0.807597 -1.177529
41  -0.282196 -0.634905 0.454842  2.211751 -0.463102 0.369662
42  1.325801 -0.695279 1.763444  1.464891 -0.501594 1.628302
time 32
0  0.000000 0.000000 0.000000  0.000000 0.000000 0.000000
1  0.781651 0.243140 1.967159  1.598986 0.036209 -0.087906
2  0.098367 0.948013 0.853737  1.941999 0.067433 0.274705
3  0.499951 -0.118067 1.005774  1.570292 0.396154 0.112769
4  -0.848448 0.618532 1.623318  2.004654 0.553105 0.360903
5  -0.779190 0.386900 0.594344  1.567653 0.009277 0.027612
6  -0.818740 -0.415726 1.348548  1.510256 0.028743 -0.409385
7  -0.739997 -0.497722 0.163337  1.266648 -0.520064 0.567341
8  -0.889190 -0.920846 0.204589  1.106145 -0.618074 0.548811
9  -1.023830 -0.268387 0.693359  0.772535 -0.949211 0.955393
10  -1.141537 -0.370152 0.251193  1.163920 -0.623374 0.770576
11  -1.093268 -0.718630 -0.076441  3.103138 0.362723 -1.009116
12  -1.109208 -0.843539 0.613732  1.044820 -0.197002 -0.124325
13  0.401192 -0.983129 2.341684  -2.566094 -0.277484 -0.906591
14  -0.264379 -1.088201 1.200420  -1.107786 -0.602262 -0.398811
15  0.458449 -0.832049 1.130385  -0.613970 0.979207 0.906661
16  0.024578 -1.049771 0.910882  -1.175526 0.317429 -2.903792
17  0.265231 -1.058542 0.959237  -1.462531 0.526887 -0.218233
18  0.896625 -1.233303 1.042960  1.113017 0.701216 0.972856
19  0.904248 -1.071387 1.140419  1.906731 0.394844 0.150361
20  1.446396 -0.688290 1.364921  1.811714 -2.255961 -0.541487
21  -0.287772 -0.876551 1.647519  -1.573547 -0.461940 0.935677
22  -0.160822 -0.889784 1.915478  -2.634361 0.191437 1.286962
23  0.214779 -0.919491 1.357460  -2.110644 -1.062230 0.218651
24  0.044938 -0.895222 1.414456  -2.199292 -0.769028 1.388047
25  0.308227 -1.062476 1.375743  2.002234 -0.111656 -0.294838
26  1.222301 -0.245757 1.436282  0.216293 -2.934371 -0.031201
27  1.334447 -0.706307 1.174923  -1.855301 0.338173 0.646986
28  1.111384 -1.606778 1.270403  -2.409817 -0.570261 1.047412
29  0.536571 0.920054 0.045122  2.972075 -0.158459 -0.608357
30  0.933097 -1.528139 1.175822  1.516539 -0.429144 2.218854
31  2.017227 -2.216599 0.163790  1.547791 -0.574211 -0.037910
32  0.908192 -0.961688 1.529644  0.724355 0.498061 -0.321456
33  -1.354170 -2.829906 -0.007956  1.356632 0.795409 -2.295179
34  1.130080 -0.663538 3.001254  -0.889744 -0.402698 -3.099162
35  0.693082 -1.816496 0.610842  2.142005 -0.160764 -0.034579
36  0.315633 -1.569869 0.851811  2.343338 -0.115390 -0.085707
37  0.976593 -1.153259 1.546846  0.115305 -0.242350 0.162033
38  0.705950 -1.074768 1.174764  0.684579 2.570361 -0.468013
39  0.765196 -0.964583 0.965366  1.363708 0.031855 2.310433
40  -1.267339 -1.960932 0.555695  -0.645852 -0.794543 -1.182281
41  -0.306359 -0.621233 0.030672  2.326046 -0.855049 0.428058
42  1.353784 -0.684440 1.265162  2.071656 0.116063 -0.392053
time 33
0  0.000000 0.000000 0.000000  0.000000 0.000000 0.000000
1  0.873686 0.186846 1.779763  1.692336 0.432065 -0.017688
2  0.038915 1.059681 0.866444  1.954995 0.090133 0.339185
3  0.440637 -0.240341 1.001270  1.569110 0.384967 -0.089615
4  -0.940132 0.675314 1.632462  2.468274 0.798891 0.739603
5  -0.867814 0.470282 0.601265  1.566779 -0.009072 0.076811
6  -0.870933 -0.430793 1.308167  1.443778 0.236676 -0.500927
7  -0.498979 -0.462317 0.090952  0.861010 -0.641580 1.237941
8  -0.798645 -1.006621 0.253624  0.492870 -0.714681 1.219110
9  -1.035873 -0.158065 0.608004  -0.271307 -0.425405 2.125414
10  -1.289337 -0.278602 0.234350  0.543775 -0.649164 1.568617
11  -1.125658 -0.583681 0.008622  -0.220273 2.374860 0.792676
12  -1.188766 -0.866253 0.613243  0.630009 -0.419777 -0.047175
13  0.399539 -0.982199 1.854375  -2.634408 -0.128355 -0.885087
14  -0.281227 -1.091040 0.679778  -0.992240 -0.561132 -0.451421
15  0.460706 -0.825661 0.611650  -1.479362 0.988489 0.841126
16  0.017382 -1.050139 0.385531  -1.334847 0.236252 -2.873789
17  0.264121 -1.059015 0.435420  -1.557291 0.541842 -0.227718
18  0.900852 -1.239282 0.520169  1.118473 0.722127 1.012017
19  0.906931 -1.072170 0.619577  1.918270 0.406145 0.155565
20  1.470111 -0.677375 0.852705  -1.226464 -0.958706 2.428092
21  -0.208762 -0.922280 1.172491  -0.054958 -0.151117 0.783508
22  -0.179580 -0.887055 1.411721  -2.582316 0.141566 1.290117
23  0.211125 -0.916809 0.836574  -1.949291 -1.048081 0.087922
24  0.037912 -0.892465 0.896351  -2.108389 -0.833225 1.365618
25  0.306480 -1.063323 0.852342  2.016239 -0.114105 -0.304128
26  1.352372 -0.101122 1.339947  -0.102160 -3.011276 -0.131544
27  1.356202 -0.696004 0.657277  -1.604993 0.111097 0.227362
28  1.126352 -1.624496 0.755663  -3.058122 -0.232096 0.694872
29  0.534626 1.018776 0.047801  0.648061 -0.301748 0.012155
30  0.943028 -1.543438 0.658248  1.886388 0.331867 1.265996
31  2.051509 -2.226393 0.238385  -1.480936 0.576350 -1.827606
32  0.916749 -0.959080 1.022971  0.954126 0.794883 -0.571190
33  -1.378952 -2.848273 0.076386  -2.869259 -0.520090 -0.965072
34  1.150437 -0.652057 2.538448  -0.821028 0.582520 -2.734762
35  0.696183 -1.840728 0.075750  -0.683597 -0.218134 0.081516
36  0.307287 -1.586434 0.324361  2.563868 -0.050014 -0.838737
37  0.992888 -1.156735 1.041338  0.894602 0.829822 1.035642
38  0.713142 -1.075562 0.657587  0.920330 -2.531212 0.069072
39  0.774257 -0.962086 0.441659  1.671867 0.058277 0.909461
40  -1.320702 -1.989583 0.019242  -0.275942 -2.350358 1.943527
41  -0.331807 -0.606258 0.055347  -0.600955 -0.768143 -2.857112
42  1.381719 -0.673620 0.750708  1.220550 0.391796 -2.500803
time 34
0  0.000000 0.000000 0.000000  0.000000 0.000000 0.000000
1  1.014673 0.156854 1.710766  1.599450 0.610645 0.051364
2  -0.005235 1.169619 0.871392  1.971141 0.100380 0.397402
3  0.382553 -0.300687 1.009781  1.609945 0.324855 -0.153587
4  -1.044136 0.729332 1.631997  -0.079756 2.335252 -1.886941
5  -0.954300 0.552181 0.599087  1.570557 -0.010066 0.126641
6  -0.923038 -0.445834 1.250836  1.351939 0.435835 -0.613732
7  -0.359987 -0.386402 0.056934  0.720654 -0.748208 1.610101
8  -0.708253 -1.092250 0.285558  -0.004445 -0.452506 1.776804
9  -1.064840 0.005793 0.545984  -0.496509 -0.279225 2.163859
10  -1.412683 -0.237129 0.192848  0.252048 -0.385585 1.810449
11  -1.157993 -0.448960 0.076523  -1.005065 2.526433 -0.884375
12  -1.268189 -0.888928 0.595737  0.136448 -0.532584 0.183755
13  0.396250 -0.989398 1.352685  -2.643177 0.085909 -0.878747
14  -0.298046 -1.093875 0.143002  -0.883200 -0.514608 -0.496980
15  0.455952 -0.862859 0.088182  1.806205 1.089018 -0.405795
16  0.022791 -1.049763 -0.050452  0.249876 2.871472 0.418376
17  0.246839 -1.068308 -0.036450  0.081416 -0.428132 -0.983141
18  0.903995 -1.242803 0.009942  0.415262 0.167693 1.040333
19  0.909609 -1.072951 0.082603  1.929843 0.417378 0.160803
20  1.493785 -0.666478 0.324341  -1.085799 -1.016131 2.222608
21  -0.129885 -0.967930 0.681252  1.409139 0.129779 0.964267
22  -0.198305 -0.884331 0.891801  -2.530589 0.092293 1.289369
23  0.207476 -0.914132 0.299554  -1.799597 -1.022824 -0.031370
24  0.030899 -0.889713 0.362108  -2.008247 -0.895174 1.331980
25  0.304737 -1.064168 0.312812  2.030237 -0.116472 -0.313365
26  1.484691 0.046688 1.236314  1.526657 -0.155037 2.959475
27  1.377920 -0.685718 0.123492  -1.286680 -0.064044 -0.212927
28  1.141295 -1.642183 0.224779  2.511286 0.011899 0.264836
29  0.536852 1.117210 0.047334  -1.462997 0.146302 -0.084947
30  0.952943 -1.558712 0.124536  1.590625 0.995035 0.044280
31  2.085732 -2.236171 0.295834  1.620510 -0.719029 -0.290285
32  0.925291 -0.956476 0.500141  1.085578 1.121042 -0.859765
33  -1.403692 -2.866608 0.143567  0.234422 -0.405677 -3.085277
34  1.170761 -0.640596 2.059409  0.618949 1.209930 -1.135646
35  0.699973 -1.749541 -0.008857  0.833779 -1.915144 -0.259502
36  0.298253 -1.629246 0.002081  0.406233 -2.660012 0.550264
37  1.009156 -1.160205 0.519670  -0.363300 2.562349 -0.278616
38  0.720322 -1.076356 0.124270  2.462160 -1.167120 -0.849607
39  0.784817 -0.957906 -0.082104  -0.785378 -0.680739 1.400335
40  -1.384920 -2.102838 0.044930  -0.142960 2.230231 0.870092
41  -0.293575 -0.635053 0.044863  -0.784750 0.435035 3.106550
42  1.409606 -0.662818 0.220111  1.327802 -0.456074 1.905566
time 35
0  0.000000 0.000000 0.000000  0.000000 0.000000 0.000000
1  1.159662 0.128922 1.638392  1.470166 0.753010 0.084545
2  -0.047892 1.277549 0.866156  1.986990 0.097637 0.451812
3  0.356040 -0.328272 1.035743  1.630496 0.290965 -0.182258
4  -1.148404 0.783175 1.614799  0.405009 2.524952 -1.499898
5  -1.035297 0.650173 0.593806  1.570309 -0.001228 0.186241
6  -0.975054 -0.460849 1.176584  1.222677 0.621210 -0.761149
7  -0.276094 -0.327572 0.067755  0.797814 -0.929038 1.659856
8  -0.618015 -1.177734 0.300420  -0.249171 -0.008442 2.073772
9  -1.095975 0.150909 0.469839  -0.706528 -0.176235 2.055477
10  -1.524735 -0.182441 0.192849  0.251627 -0.196507 1.747370
11  -1.190587 -0.319140 0.125838  1.829179 -0.218142 1.517395
12  -1.347477 -0.911566 0.561242  -0.370868 -0.465260 0.436478
13  0.389905 -1.011746 0.838196  -2.526813 0.402410 -0.849336
14  -0.221022 -1.184773 0.109705  0.451863 0.587946 -1.106259
15  0.411732 -0.895239 0.053950  -0.755943 -0.400645 0.293299
16  0.074856 -1.065833 0.040333  -1.644743 3.020691 -0.042901
17  0.203611 -1.110933 0.025507  1.239677 -0.069462 -1.856909
18  0.810205 -1.244742 0.091446  -0.144724 -2.718122 -0.982957
19  0.902828 -1.098150 0.045539  2.243196 0.610713 1.543769
20  1.454890 -0.668466 0.015936  2.500103 0.049363 2.050135
21  -0.051143 -1.013504 0.173830  2.909756 0.123173 1.306493
22  -0.216998 -0.881612 0.355747  -2.478816 0.043898 1.284846
23  0.203829 -0.909781 -0.001361  -0.687029 -1.031164 -1.134481
24  0.038322 -0.898629 0.070977  -1.316973 0.352581 1.216371
25  0.343287 -1.054722 0.026794  2.829469 0.781386 -0.688560
26  1.616785 0.194248 1.115839  -0.038870 -0.161259 2.933665
27  1.423114 -0.632965 0.044174  -1.311860 -0.904105 1.150300
28  1.122018 -1.683136 0.025638  1.967247 0.394835 1.936649
29  0.543118 1.213068 0.047744  2.725782 -0.173464 -0.355982
30  0.937579 -1.536909 0.032468  2.262996 -0.479877 -1.110816
31  2.119896 -2.245932 0.336168  -1.348024 0.688671 -1.490344
32  0.933819 -0.953877 -0.038819  0.672538 1.430874 -1.660923
33  -1.428390 -2.884913 0.193615  -0.765163 2.353360 1.558549
34  1.191049 -0.629155 1.564167  1.564788 0.400769 -0.028728
35  0.723159 -1.618085 0.112838  -0.939686 -0.519513 1.262046
36  0.286630 -1.708951 0.098367  -2.114259 0.264771 1.349959
37  1.025396 -1.163670 -0.018129  -0.063465 -2.595839 0.456877
38  0.648741 -1.100983 0.027018  0.823870 -0.930191 -0.418899
39  0.829273 -0.938764 0.074355  0.562743 0.282904 1.770453
40  -1.443591 -2.232107 0.155565  1.502691 0.912691 -2.264645
41  -0.261751 -0.663351 0.041654  1.231548 2.148009 -1.174290
42  1.406510 -0.593574 0.030934  0.099644 3.101443 1.305761
time 36
0  0.000000 0.000000 0.000000  0.000000 0.000000 0.000000
1  1.304404 0.101038 1.549124  1.311022 0.894651 0.074302
2  -0.088910 1.380972 0.858998  1.998154 0.083289 0.502085
3  0.336734 -0.356508 1.051941  1.650135 0.256801 -0.202841
4  -1.234595 0.835858 1.602556  -2.466549 0.340153 1.808534
5  -1.123874 0.753277 0.591765  1.567474 0.001540 0.252137
6  -1.020571 -0.473869 1.096130  1.016963 0.760702 -0.949333
7  -0.203929 -0.274080 0.081336  0.884578 -1.053691 1.655373
8  -0.527930 -1.263072 0.298238  -0.379015 0.497828 2.225845
9  -1.132598 0.278093 0.405141  -0.880081 -0.000169 1.890447
10  -1.634516 -0.120724 0.182455  0.254381 0.022384 1.723069
11  -1.223625 -0.196996 0.155905  0.939509 -1.224080 2.287450
12  -1.435167 -0.935572 0.500311  -0.801505 -0.370956 0.556277
13  0.383571 -1.034056 0.307564  -2.333504 0.689282 -0.748157
14  -0.148011 -1.308164 0.214302  1.498151 1.080637 -1.202617
15  0.356212 -0.922491 0.142856  2.167427 0.128728 0.557604
16  0.159763 -1.094041 0.115972  -0.590112 0.501288 2.989631
17  0.168833 -1.151225 0.106081  2.433067 -0.251833 -1.937324
18  0.710378 -1.247289 0.181777  0.218364 0.192972 2.671599
19  0.884427 -1.132131 0.101074  -1.916088 0.095453 -2.151588
20  1.370094 -0.692327 0.101170  0.092472 0.468662 0.437166
21  -0.043932 -1.107242 0.050700  1.634501 -0.064610 1.013575
22  -0.276772 -0.890039 0.050600  -0.600490 -2.057268 -0.876312
23  0.198772 -0.905164 0.038837  -0.401716 -0.883895 -1.462930
24  0.084046 -0.855307 0.047413  -0.817060 2.166116 1.336347
25  0.408288 -1.014094 0.091441  1.825153 0.551950 -1.985453
26  1.748655 0.341556 0.978551  1.493825 -2.979235 -0.213650
27  1.427227 -0.576542 0.109600  -2.095498 -0.835973 1.636154
28  1.071684 -1.748412 0.133184  -0.854923 2.408458 -1.083189
29  0.552088 1.306087 0.045435  0.526926 -0.279101 0.121412
30  0.907813 -1.500478 0.132212  0.381006 0.604317 -1.586737
31  2.154003 -2.255677 0.359415  1.886590 -0.810636 -0.744613
32  1.050188 -0.868133 0.040601  0.007328 0.454103 -1.075953
33  -1.453046 -2.903186 0.226559  -2.313716 -0.991376 -1.081051
34  1.211303 -0.617732 1.052748  1.579716 -0.577240 0.311032
35  0.746305 -1.486852 0.217309  -0.117008 0.093087 0.806060
36  0.275027 -1.788520 0.177472  -0.891204 -0.837280 -2.501437
37  0.916076 -1.223171 0.032048  -0.144099 -2.824663 -1.106381
38  0.527841 -1.125389 0.190209  -1.117244 0.375075 2.314477
39  0.875548 -0.919002 0.220193  0.869518 -0.106886 2.727473
40  -1.502161 -2.361157 0.248994  0.040622 0.912691 -2.264647
41  -0.236205 -0.690732 0.042348  -2.736900 0.450310 1.058135
42  1.351238 -0.479216 0.203749  -1.761155 0.036340 -1.834970
time 37
0  0.000000 0.000000 0.000000  0.000000 0.000000 0.000000
1  1.448901 0.073201 1.442989  1.095308 1.027554 -0.003323
2  -0.127555 1.476581 0.861017  1.996826 0.075326 0.550846
3  0.328462 -0.386687 1.051798  1.681130 0.216182 -0.197941
4  -1.287826 0.886093 1.613502  -2.351588 0.081087 1.849762
5  -1.230748 0.856847 0.592537  1.571190 0.001032 0.316852
6  -1.074571 -0.484517 1.004021  0.775350 0.846842 -1.179518
7  -0.137966 -0.224816 0.090170  0.957323 -1.159520 1.636753
8  -0.437998 -1.348265 0.279041  -0.516334 1.022462 2.260145
9  -1.179830 0.387768 0.377896  -1.035508 0.299277 1.650150
10  -1.741511 -0.057484 0.163221  0.254421 0.274225 1.722113
11  -1.256782 -0.077385 0.169747  -0.796629 -0.584844 -1.997397
12  -1.522909 -0.959571 0.422240  -1.189924 -0.232776 0.580609
13  0.445395 -1.060659 0.045861  -0.117310 2.564547 1.361833
14  -0.075124 -1.431344 0.301703  -2.611705 1.392453 -0.122684
15  0.300787 -0.949697 0.214592  -1.128076 0.511220 0.574216
16  0.144147 -1.159400 0.106127  -2.217246 -0.110522 1.796631
17  0.132482 -1.209305 0.131809  -1.893360 -1.349820 -1.366895
18  0.610720 -1.249833 0.254937  0.470060 2.324358 -0.879947
19  0.866057 -1.166054 0.139496  1.476883 -0.481653 1.046916
20  1.288460 -0.716174 0.168229  -1.713367 -0.593477 -0.560610
21  -0.071396 -1.187788 0.148066  0.329800 -0.626473 1.007151
22  -0.416229 -0.935784 0.215353  1.743416 0.636452 -1.881368
23  0.193724 -0.900554 0.061948  -0.232450 -0.698473 -1.674392
24  0.128392 -0.797440 0.069178  2.387559 -0.218258 -1.687407
25  0.503657 -0.934179 0.052742  -0.188635 1.736494 2.339757
26  1.880301 0.488615 0.824478  -0.154658 -2.978794 -0.216445
27  1.428314 -0.520188 0.158909  -1.868690 -0.699378 1.893631
28  1.021436 -1.813576 0.223530  -0.344549 2.237310 -0.522531
29  0.558595 1.397960 0.047150  -1.494823 0.189427 0.008917
30  0.878098 -1.464108 0.214769  -1.864767 -0.175672 2.582562
31  2.188052 -2.265405 0.365604  -1.062096 0.682528 -0.996468
32  1.169526 -0.786969 0.136510  0.854663 1.049705 -1.475213
33  -1.477660 -2.921428 0.242430  0.677854 0.057546 -3.085347
34  1.231523 -0.606330 0.525180  0.177560 -1.301670 1.915025
35  0.769412 -1.355842 0.304584  -0.640723 0.533074 0.319688
36  0.263444 -1.867954 0.239425  -1.683425 0.388076 -1.267424
37  0.807693 -1.290925 0.113982  0.896762 -0.450849 1.531838
38  0.407147 -1.149754 0.336104  1.138163 0.244292 -1.114995
39  0.921743 -0.899274 0.348766  0.735986 -0.229823 -2.651758
40  -1.560632 -2.489987 0.325246  -1.382077 0.912691 -2.264647
41  -0.215594 -0.717525 0.042396  -2.758760 -0.216417 0.749389
42  1.296059 -0.365053 0.359252  -0.450219 0.036340 -1.834969
time 38
0  0.000000 0.000000 0.000000  0.000000 0.000000 0.000000
1  1.593152 0.045412 1.320016  0.779532 1.136767 -0.189299
2  -0.164567 1.567737 0.861216  1.987599 0.076686 0.600082
3  0.323202 -0.385329 1.056572  1.784594 0.168038 -0.136828
4  -1.325051 0.933689 1.628450  -2.286086 -0.113577 1.892054
5  -1.345279 0.964584 0.592865  1.570918 0.000132 0.364350
6  -1.128479 -0.495147 0.895050  0.492101 0.888122 -1.451387
7  -0.077755 -0.179633 0.094638  0.988272 -1.248229 1.637234
8  -0.381411 -1.432901 0.255372  -1.352764 1.456670 1.633965
9  -1.225618 0.488245 0.335387  -1.263908 0.550809 1.389091
10  -1.841967 0.003881 0.149004  0.232463 0.557082 1.711837
11  -1.290194 0.040133 0.172971  -1.007987 0.109413 -1.359610
12  -1.607074 -0.971978 0.367395  -1.544179 -0.203939 0.545006
13  0.493534 -1.109052 0.035589  -0.093576 2.628303 0.991146
14  0.001474 -1.556872 0.371696  -0.777422 0.916558 0.739938
15  0.245456 -0.976856 0.269189  1.801989 0.742185 0.456736
16  0.133139 -1.225166 0.083418  -1.957080 -0.617462 0.835959
17  0.079331 -1.272611 0.124858  -0.238648 -0.591315 0.627830
18  0.511232 -1.252372 0.310954  0.368424 0.688780 1.428847
19  0.847718 -1.199919 0.160835  -1.044454 0.312453 -1.520514
20  1.215786 -0.718266 0.230745  2.256032 -2.203993 0.111629
21  -0.070051 -1.265563 0.218544  -1.733046 -0.726458 2.194597
22  -0.555449 -0.981451 0.362807  -2.429440 -0.472662 -0.604877
23  0.188684 -0.895952 0.068001  -0.130043 -0.494964 -1.819028
24  0.166179 -0.735831 0.098964  1.967973 -0.912377 -1.323860
25  0.571574 -0.872601 0.078024  -2.290480 0.920606 -0.352176
26  2.011723 0.635423 0.653648  1.299171 -0.162800 2.924503
27  1.429400 -0.463929 0.191116  1.771520 -2.443241 -0.277110
28  0.971274 -1.878630 0.296704  0.061238 2.154684 0.257592
29  0.565381 1.487648 0.047090  2.758153 -0.086136 -0.397035
30  0.848433 -1.427800 0.280166  1.229394 -0.245924 0.452937
31  2.222043 -2.275117 0.354764  2.267744 -0.697075 -1.300400
32  1.279842 -0.727660 0.202647  2.198099 0.219271 -0.421187
33  -1.502232 -2.939640 0.241255  -0.066108 2.619320 2.020382
34  1.250503 -0.595289 0.037202  -0.987570 -0.631071 -3.035157
35  0.792480 -1.225054 0.374692  -1.111801 0.956130 0.050828
36  0.251880 -1.947253 0.284254  -3.060822 0.582700 -0.776582
37  0.699494 -1.358563 0.178759  -1.155614 -0.749028 1.142403
38  0.286658 -1.174078 0.464732  -0.887127 -0.871004 1.580470
39  0.967861 -0.879580 0.460102  0.790082 -0.472159 -2.313192
40  -1.619004 -2.618598 0.384351  0.376260 2.228902 0.876945
41  -0.200303 -0.743739 0.043099  -2.362687 -0.680430 0.269333
42  1.240974 -0.251084 0.497473  0.890991 0.036340 -1.834970
time 39
0  0.000000 0.000000 0.000000  0.000000 0.000000 0.000000
1  1.737157 0.017669 1.180234  0.331086 1.195438 -0.513925
2  -0.199484 1.654316 0.860466  1.970568 0.085984 0.649358
3  0.320152 -0.386573 1.057331  1.875206 0.112540 -0.081807
4  -1.357186 0.980708 1.632153  -2.240006 -0.289145 1.934974
5  -1.459392 1.068197 0.592557  1.571058 0.000366 0.407094
6  -1.191035 -0.481420 0.817104  0.375438 0.824954 -1.548423
7  -0.024622 -0.134083 0.094201  0.906798 -1.319074 1.745169
8  -0.343799 -1.520351 0.216610  2.860448 1.177233 -0.236719
9  -1.271328 0.588551 0.275931  -1.606501 0.698662 1.004009
10  -1.932422 0.062090 0.152100  0.191538 0.856836 1.681397
11  -1.323470 0.157174 0.160127  -0.832499 0.805670 -0.700847
12  -1.688808 -0.968752 0.371075  -1.711060 -0.315016 0.455558
13  0.537681 -1.153425 0.033482  -0.062496 2.778418 0.674555
14  0.083690 -1.686019 0.424191  -0.164646 0.196782 0.453927
15  0.190218 -1.003970 0.306674  -1.595490 0.845533 0.276040
16  0.122150 -1.290820 0.043729  -1.291590 -0.532479 -0.389535
17  0.026270 -1.335809 0.100902  -2.960663 0.190710 0.639522
18  0.411913 -1.254907 0.349858  -2.270120 0.178542 1.430824
19  0.829410 -1.233727 0.165119  1.356488 0.117398 1.963352
20  1.155074 -0.689137 0.294102  -1.709421 0.313059 2.418899
21  -0.055579 -1.336414 0.270359  -0.015226 2.988646 -0.646321
22  -0.685693 -1.051379 0.445134  -0.270495 0.394910 -1.911809
23  0.183748 -0.891870 0.058897  -0.091345 -0.329234 -1.903777
24  0.204093 -0.676588 0.107728  0.458028 -1.024560 0.082581
25  0.639376 -0.811127 0.086245  -1.635903 0.492815 -0.391698
26  2.142922 0.781982 0.466091  -0.427490 -0.162856 2.924204
27  1.430484 -0.407766 0.206250  -1.408103 -0.330032 -2.429751
28  0.921196 -1.943574 0.352736  0.797274 2.341130 1.008293
29  0.572820 1.575421 0.044032  0.677300 -0.359699 0.021836
30  0.818819 -1.391553 0.328435  -1.500788 0.809967 2.401394
31  2.255976 -2.284812 0.326925  -0.787103 0.452673 -0.537574
32  1.378130 -0.699668 0.233689  0.145680 2.341309 2.085651
33  -1.526763 -2.957820 0.223064  -1.214586 -1.329201 -1.849432
34  1.259171 -0.589449 0.041234  -2.166921 -0.489346 -2.016683
35  0.815509 -1.094489 0.427663  -1.206387 1.153336 -0.510977
36  0.240337 -2.026417 0.311988  -2.157243 0.356153 -0.493550
37  0.591479 -1.426087 0.226407  -0.185636 -2.017489 -2.114149
38  0.166374 -1.198360 0.576124  -0.401190 1.113077 -3.016281
39  1.013900 -0.859919 0.554230  -1.854604 -2.103170 0.337798
40  -1.677276 -2.746991 0.426337  -0.967475 2.228902 0.876945
41  -0.189902 -0.769342 0.043076  -1.655769 -0.660074 -0.482556
42  1.185983 -0.137308 0.618440  2.262570 0.036340 -1.834970
time 40
0  0.000000 0.000000 0.000000  0.000000 0.000000 0.000000
1  1.880918 -0.010026 1.023671  -0.164720 1.177115 -0.889741
2  -0.231343 1.735512 0.861311  1.947955 0.079195 0.693237
3  0.319313 -0.390609 1.058238  1.955060 0.062664 -0.029660
4  -1.386481 1.027327 1.622212  -2.206484 -0.453752 1.979669
5  -1.571073 1.167862 0.592799  1.571115 0.000863 0.446513
6  -1.257821 -0.454295 0.747169  0.356104 0.720541 -1.542645
7  0.019877 -0.088497 0.090226  0.722428 -1.365513 1.934514
8  -0.311733 -1.606362 0.180608  2.911427 1.108798 -0.039013
9  -1.315928 0.681634 0.223944  -1.957910 0.813316 0.619097
10  -2.022723 0.120200 0.138173  0.104873 1.153028 1.595861
11  -1.356464 0.273382 0.132538  0.341576 1.194765 0.934721
12  -1.770618 -0.963880 0.372716  -1.808883 -0.461044 0.360866
13  0.579249 -1.194948 0.028111  -0.047023 3.001010 0.366536
14  0.165767 -1.814947 0.459579  0.459836 -0.462304 -0.240247
15  0.135075 -1.031037 0.327077  1.312625 0.863061 0.115047
16  0.113453 -1.352300 0.004252  -1.610416 0.083347 -1.259912
17  -0.026702 -1.398899 0.059967  0.557260 0.744724 0.502901
18  0.312763 -1.257438 0.371678  1.403779 -0.146754 1.771255
19  0.811134 -1.267477 0.152378  -1.866959 -0.582771 -1.214278
20  1.094466 -0.660057 0.340333  2.398770 0.708135 0.961201
21  -0.038893 -1.399794 0.316329  1.628472 0.745065 1.815785
22  -0.811379 -1.134610 0.485407  1.924585 0.245924 0.416494
23  0.181026 -0.890108 0.047156  -0.256412 -0.451486 -1.817771
24  0.242354 -0.620535 0.096370  -0.219032 -0.384179 0.639503
25  0.707063 -0.749758 0.077433  -0.962242 0.100067 -0.465439
26  2.273897 0.928292 0.261834  0.948646 -2.978744 -0.217467
27  1.431566 -0.351699 0.204339  -1.491370 0.320676 -1.802106
28  0.871204 -2.008407 0.391654  -2.108016 0.353754 -1.782443
29  0.579133 1.661510 0.046371  -1.267511 0.102928 0.155674
30  0.789255 -1.355368 0.359603  2.264541 -0.700867 -1.120473
31  2.289851 -2.294490 0.282114  2.506618 -0.345789 -1.664470
32  1.476251 -0.671724 0.247660  -1.215576 0.540789 -1.308455
33  -1.551251 -2.975969 0.187886  1.045767 0.472774 -3.008261
34  1.268825 -0.587772 0.042458  -2.746439 0.129922 -1.579151
35  0.838498 -0.964146 0.463526  -1.702048 1.023961 -1.050967
36  0.228812 -2.105447 0.322657  -1.465329 0.268315 -1.059589
37  0.483648 -1.493496 0.256956  -0.069061 -1.376280 1.831026
38  0.046294 -1.222600 0.670309  1.084607 -0.514294 -0.749423
39  1.059860 -0.840292 0.631180  -1.037878 -2.175045 -0.861999
40  -1.735449 -2.875165 0.451233  0.869979 0.912691 -2.264647
41  -0.183778 -0.794516 0.041839  -1.260310 -0.183906 -0.939212
42  1.131086 -0.023726 0.722184  -2.618571 0.036340 -1.834970
time 41
0  0.000000 0.000000 0.000000  0.000000 0.000000 0.000000
1  2.024435 -0.037674 0.850357  -0.554108 1.089531 -1.160916
2  -0.261716 1.810720 0.862782  1.916518 0.074492 0.733915
3  0.321215 -0.396581 1.061814  2.031742 0.023352 0.020822
4  -1.414731 1.073858 1.596259  0.962320 -2.526009 -1.117982
5  -1.679358 1.263887 0.592891  1.570773 0.000325 0.483635
6  -1.324494 -0.427216 0.660335  0.337783 0.616665 -1.534817
7  0.053080 -0.046555 0.091732  0.715272 -1.377563 1.919021
8  -0.282919 -1.686752 0.151523  -3.063455 1.237611 0.370604
9  -1.357452 0.760409 0.204724  -2.385586 1.052489 0.179160
10  -2.111017 0.177785 0.113210  -0.308106 1.467462 1.180423
11  -1.389152 0.388883 0.089865  1.282706 0.670735 2.345429
12  -1.852389 -0.958545 0.358941  -1.895468 -0.626941 0.287782
13  0.617799 -1.230941 0.026880  -0.003218 -3.099387 0.073448
14  0.247704 -1.943656 0.477887  1.271614 -0.534716 -1.455330
15  0.080026 -1.058059 0.330428  -2.002815 0.840470 0.013643
16  0.111219 -1.399997 0.005784  -1.508099 -0.026846 -1.705867
17  -0.075809 -1.453023 0.034150  -1.693960 0.553429 0.551675
18  0.213781 -1.259964 0.376442  -1.235303 -0.038419 2.125389
19  0.792888 -1.301170 0.122640  1.612753 1.278168 1.407701
20  1.033960 -0.631026 0.369467  0.951010 -0.254751 -0.001792
21  -0.021693 -1.461077 0.348233  0.029514 0.344914 0.943839
22  -0.936851 -1.217700 0.508592  0.332290 -0.523782 2.336759
23  0.179977 -0.887728 0.024355  -0.573905 -0.616612 -1.606353
24  0.280802 -0.568113 0.066681  -0.503072 0.347012 0.753980
25  0.774634 -0.688494 0.051619  -0.294740 -0.314690 -0.608976
26  2.404651 1.074353 0.040905  -0.855498 -2.978734 -0.217498
27  1.432646 -0.295727 0.185414  -1.331580 0.710336 -0.427638
28  0.821297 -2.073130 0.413488  -2.188477 -0.116372 -1.470688
29  0.585416 1.745583 0.045462  3.054249 0.104156 -0.352004
30  0.759741 -1.319245 0.373700  1.903993 2.463015 0.327643
31  2.323669 -2.304153 0.220362  -0.640584 0.037726 -0.275861
32  1.574205 -0.643828 0.244588  0.929101 0.416040 -1.247999
33  -1.575698 -2.994088 0.135749  -2.804700 0.187220 -0.872110
34  1.279646 -0.591043 0.043584  0.025914 2.474168 1.753215
35  0.861449 -0.834024 0.482310  -2.226809 0.995501 -1.354903
36  0.217307 -2.184342 0.316290  -2.346647 -0.041082 -1.771333
37  0.376000 -1.560790 0.270436  0.137560 -1.991229 -0.590379
38  -0.073582 -1.246800 0.747315  -1.136073 -0.261742 2.018236
39  1.105743 -0.820697 0.690982  -1.622457 -2.288886 -0.725168
40  -1.793524 -3.003122 0.459068  -0.394491 0.912691 -2.264648
41  -0.177453 -0.819509 0.043877  -1.103123 0.367760 -1.197613
42  1.076281 0.089663 0.808733  -1.185964 0.036340 -1.834970
time 42
0  0.000000 0.000000 0.000000  0.000000 0.000000 0.000000
1  2.166971 -0.057364 0.687181  -0.903727 1.078642 -1.393488
2  -0.290961 1.881043 0.862367  1.878702 0.065863 0.770873
3  0.323814 -0.403453 1.059601  2.109411 -0.011066 0.070060
4  -1.441174 1.120388 1.555136  0.978381 -2.368566 -1.068600
5  -1.784825 1.356074 0.593015  1.571016 -0.000212 0.517990
6  -1.391053 -0.400183 0.556630  0.319905 0.513358 -1.525281
7  0.081157 -0.006843 0.091176  0.716446 -1.365670 1.881154
8  -0.256991 -1.761718 0.125591  0.582465 1.676946 -2.196264
9  -1.398053 0.838670 0.171631  0.008868 2.042222 2.558112
10  -2.193719 0.233889 0.089078  -2.407168 1.318897 -0.935214
11  -1.421781 0.503362 0.033137  1.516229 -0.128237 3.028183
12  -1.934014 -0.952849 0.329413  -1.981959 -0.808442 0.240753
13  0.652801 -1.262275 0.029019  -0.014420 -3.056581 -0.194440
14  0.329501 -2.072146 0.479147  1.390166 -0.083148 -2.446137
15  0.025070 -1.085034 0.316754  1.019455 0.808039 -0.035506
16  0.108655 -1.443763 0.004646  -1.516452 -0.010476 -2.099999
17  -0.122379 -1.501940 0.010306  3.071007 0.006205 0.723351
18  0.114968 -1.262486 0.364180  -0.659288 2.854315 -0.864435
19  0.774674 -1.334806 0.075934  0.999279 -1.040573 2.127764
20  0.973558 -0.602045 0.381534  -1.504046 -1.801965 1.316192
21  -0.004523 -1.522257 0.363065  -1.052200 -0.499974 0.859216
22  -1.062110 -1.300648 0.514720  -1.574614 0.843625 1.570083
23  0.179933 -0.886552 0.009774  -0.803836 -0.646470 -1.431282
24  0.315880 -0.521033 0.031465  -1.220893 1.044529 0.304131
25  0.837627 -0.630474 0.027012  0.240478 -0.547327 -0.836562
26  2.489488 1.240303 0.025504  0.834073 -2.513775 -0.658981
27  1.433724 -0.239850 0.149503  -1.347365 -0.218831 0.908371
28  0.771475 -2.137743 0.418266  -2.257543 -0.582725 -1.080844
29  0.592272 1.826970 0.044249  1.136573 -0.388244 -0.212625
30  0.730277 -1.283183 0.370755  1.171428 -0.475733 -0.122757
31  2.357429 -2.313798 0.141696  2.626160 0.134116 -1.792497
32  1.671992 -0.615978 0.224504  0.001823 2.749789 1.942636
33  -1.600104 -3.012176 0.066683  0.307765 -1.181627 -3.134487
34  1.291904 -0.598859 0.043622  -0.393449 2.093810 1.779269
35  0.884360 -0.704123 0.484043  0.862875 2.145916 1.556147
36  0.205822 -2.263103 0.292915  0.774965 -2.420250 0.487644
37  0.268534 -1.627970 0.266874  1.120493 -0.888535 2.467207
38  -0.193254 -1.270958 0.807172  0.699420 1.010267 -1.792534
39  1.151548 -0.801136 0.733663  0.913378 -0.316564 3.055075
40  -1.851500 -3.130861 0.449872  1.522377 2.228902 0.876945
41  -0.170875 -0.844266 0.043715  -1.125230 0.925961 -1.484511
42  1.021570 0.202859 0.878117  0.277301 0.036340 -1.834970
time 43
0  0.000000 0.000000 0.000000  0.000000 0.000000 0.000000
1  2.308920 -0.071012 0.527666  -1.342572 1.101550 -1.714411
2  -0.319594 1.946363 0.860807  1.833740 0.056389 0.804555
3  0.311070 -0.402263 1.055153  2.202595 -0.027416 0.128828
4  -1.465531 1.167060 1.499261  0.977307 -2.214916 -1.006834
5  -1.887726 1.444249 0.593015  1.571196 0.000326 0.549749
6  -1.457500 -0.373196 0.436084  0.302051 0.410649 -1.514198
7  0.104506 0.032459 0.088282  0.711790 -1.312729 1.829698
8  -0.231229 -1.829243 0.107603  2.283101 1.670213 -0.416535
9  -1.432383 0.913169 0.145429  2.582612 0.910900 -1.167354
10  -2.267890 0.286973 0.077635  -2.420425 0.971855 -0.986646
11  -1.455181 0.615402 -0.032501  -0.773042 -2.123254 -0.185111
12  -2.015399 -0.946836 0.284061  -2.087810 -1.002494 0.233296
13  0.686051 -1.290126 0.027295  -0.005721 -3.103538 -0.454629
14  0.411160 -2.200418 0.463386  0.826624 0.145471 2.965655
15  -0.029793 -1.111964 0.286086  -2.203091 0.779514 -0.052175
16  0.106830 -1.482597 0.005032  -1.513655 -0.013585 -2.414640
17  -0.162048 -1.543191 0.004837  -3.047768 -0.013063 0.758556
18  0.016323 -1.265004 0.334921  -0.155967 0.517207 2.120801
19  0.756788 -1.364974 0.023788  -1.536460 -0.184980 -1.341937
20  0.930098 -0.579412 0.371090  -1.515507 -2.537762 -0.416558
21  0.012618 -1.583332 0.360853  0.266200 -2.147341 -1.236521
22  -1.187156 -1.383456 0.503820  -2.712306 -0.949108 0.925802
23  0.180092 -0.887175 0.010386  -0.812959 -0.586592 -1.426247
24  0.339019 -0.484851 0.023722  0.112125 2.177685 1.982323
25  0.889840 -0.579744 0.028503  0.240401 -0.406234 -0.871958
26  2.558045 1.416688 0.074875  -0.779010 -0.403121 2.597067
27  1.434801 -0.184068 0.096635  0.339152 -2.101190 -0.383806
28  0.721737 -2.202245 0.406018  -2.740954 -0.984579 -0.393102
29  0.599263 1.906971 0.045633  -0.832945 -0.144043 0.278370
30  0.700864 -1.247183 0.350796  -1.554277 0.070737 2.202895
31  2.391132 -2.323428 0.046146  -0.528099 -0.464489 -0.218898
32  1.769614 -0.588177 0.187436  -0.888359 0.388103 -1.179391
33  -1.638278 -3.017893 0.042781  0.865907 0.526841 -2.940332
34  1.305252 -0.608416 0.043265  -1.230905 1.836585 1.351015
35  0.906885 -0.577503 0.467189  -2.193606 1.093084 -1.416213
36  0.194357 -2.341731 0.252562  -0.692527 -0.506862 2.101698
37  0.161252 -1.695035 0.246299  -0.913413 -0.725682 2.211488
38  -0.312723 -1.295076 0.849909  0.872512 -0.885662 -0.427437
39  1.197274 -0.781609 0.759254  1.321298 0.387792 -2.942483
40  -1.909377 -3.258383 0.423674  0.337471 2.228902 0.876945
41  -0.164041 -0.868945 0.041756  0.916296 1.787660 0.342585
42  0.966952 0.315863 0.930365  1.771321 0.036340 -1.834970
time 44
0  0.000000 0.000000 0.000000  0.000000 0.000000 0.000000
1  2.431088 -0.089458 0.420759  -1.591730 1.040498 -1.877877
2  -0.348218 2.007050 0.856941  1.782110 0.045788 0.835217
3  0.301312 -0.404304 1.056334  2.280143 -0.082781 0.223685
4  -1.487542 1.213977 1.429002  0.945548 -2.064938 -0.918695
5  -1.988102 1.528237 0.593210  1.570904 0.000138 0.578246
6  -1.485267 -0.343402 0.429993  0.283688 0.374334 -1.520866
7  0.119231 0.080787 0.081803  0.729813 -1.199537 1.780908
8  -0.207529 -1.886281 0.110622  2.339059 1.665991 -0.270366
9  -1.454480 0.980451 0.148988  2.328201 0.641062 -1.442996
10  -2.333781 0.335018 0.080896  -2.472988 0.696631 -1.072286
11  -1.488715 0.720855 -0.093327  0.487407 -3.078288 -1.120859
12  -2.096436 -0.940521 0.223030  -2.269077 -1.205424 0.316335
13  0.708537 -1.308696 0.026499  -0.017481 3.069543 -0.719453
14  0.492680 -2.328471 0.430634  0.056853 -0.072433 2.285900
15  -0.084562 -1.138847 0.238451  0.883563 0.759017 -0.052111
16  0.105727 -1.516773 0.005244  -1.524832 -0.011209 -2.677282
17  -0.196599 -1.579927 0.005100  -3.140374 0.003496 0.780383
18  -0.082155 -1.267517 0.288693  0.269434 2.615918 -1.334544
19  0.748777 -1.383052 0.014702  -0.959418 -0.204566 -1.179375
20  0.889179 -0.557959 0.342500  0.077667 -0.052055 2.108058
21  0.029730 -1.644304 0.341627  -1.226220 -2.862406 -0.518432
22  -1.311989 -1.466123 0.475919  0.940021 -0.145893 -2.247182
23  0.180350 -0.887812 0.010367  -0.831349 -0.522370 -1.416616
24  0.355846 -0.455915 0.036200  2.448781 0.431296 -1.529884
25  0.939913 -0.531370 0.023156  0.229095 -0.166628 -0.872287
26  2.626485 1.592773 0.107145  0.711624 -0.421050 2.628690
27  1.435875 -0.128380 0.026838  -0.121364 2.889713 0.858287
28  0.672084 -2.266639 0.376773  2.531053 -0.902631 0.737557
29  0.606062 1.985775 0.042255  -2.662522 0.269234 -0.075896
30  0.671500 -1.211243 0.313854  1.822647 0.487949 -0.278190
31  2.448154 -2.308011 0.047689  -1.814863 0.853727 -0.649815
32  1.867069 -0.560422 0.133412  1.400276 0.386401 -1.168667
33  -1.686197 -3.016287 0.043120  2.879990 0.905983 -0.756421
34  1.318952 -0.617629 0.042698  0.437468 1.236563 -2.864241
35  0.927980 -0.463328 0.427085  -0.652938 0.908751 0.296875
36  0.182910 -2.420224 0.195259  -0.575827 0.500918 1.168633
37  0.054151 -1.761987 0.208742  0.186359 -2.472838 -1.190894
38  -0.431988 -1.319152 0.875555  -1.151719 0.022425 2.147808
39  1.242924 -0.762114 0.767782  -1.293610 2.168860 0.040823
40  -1.967156 -3.385689 0.380502  -0.807544 2.228902 0.876945
41  -0.156366 -0.892898 0.043078  -0.264501 2.209453 -1.053444
42  0.912427 0.428675 0.965506  0.154599 3.105253 1.306623
time 45
0  0.000000 0.000000 0.000000  0.000000 0.000000 0.000000
1  2.520280 -0.112455 0.415641  -1.570783 0.939593 -1.825163
2  -0.377315 2.063525 0.849795  1.724277 0.033386 0.863114
3  0.292586 -0.409641 1.043188  2.346690 -0.149493 0.310727
4  -1.507129 1.261167 1.344488  0.849165 -1.920024 -0.769930
5  -2.085950 1.608050 0.593222  1.570536 -0.000822 0.603109
6  -1.506575 -0.315859 0.429761  0.264121 0.342253 -1.528305
7  0.131109 0.127979 0.070620  0.718924 -1.040640 1.763482
8  -0.204465 -1.945983 0.104816  2.292988 1.646582 -0.209362
9  -1.475164 1.046652 0.141118  2.201427 0.330329 -1.588535
10  -2.390698 0.377624 0.101474  -2.520753 0.538412 -1.143127
11  -1.510532 0.811790 -0.105392  2.669853 -0.206277 1.153761
12  -2.176978 -0.933914 0.146651  0.308089 -1.747903 -2.348469
13  0.720450 -1.319263 0.027221  -0.033831 2.995596 -0.994886
14  0.574061 -2.456307 0.380920  -0.688891 -0.465391 1.891963
15  -0.139238 -1.165686 0.173879  -2.294209 0.746322 -0.045101
16  0.105399 -1.546177 0.005245  -1.525977 -0.007790 -2.907315
17  -0.227626 -1.612964 0.005069  -3.138967 0.002831 0.796382
18  -0.180466 -1.270026 0.225525  0.808066 0.356511 1.683493
19  0.747206 -1.400251 0.008866  -0.323319 0.071632 -1.184097
20  0.848330 -0.536542 0.296940  -1.662266 0.141201 1.322809
21  0.046813 -1.705172 0.305415  0.864925 0.587636 2.357015
22  -1.436611 -1.548649 0.431048  2.448051 0.218772 -0.635237
23  0.180664 -0.888557 0.010210  -0.852499 -0.446240 -1.406830
24  0.371220 -0.432527 0.060101  2.222337 -0.083491 -1.456458
25  0.986597 -0.486900 0.017615  0.258417 0.037807 -0.884315
26  2.694809 1.768559 0.122341  -0.969396 -2.716824 -0.516071
27  1.423156 -0.089587 0.015436  -2.917144 0.126715 1.291249
28  0.622515 -2.330923 0.330559  2.186223 -0.408712 1.327820
29  0.613206 2.062414 0.045150  1.841248 -0.148571 -0.465485
30  0.642187 -1.175365 0.259955  0.864967 -2.073151 0.504434
31  2.508650 -2.288668 0.049955  -0.590714 2.720520 0.991986
32  1.964359 -0.532715 0.062462  -2.557148 0.387597 -1.161094
33  -1.737539 -3.012407 0.043114  -3.013503 -0.292656 -0.064337
34  1.333016 -0.626969 0.042851  -0.162834 0.936667 -3.056989
35  0.949040 -0.349347 0.370031  -0.398239 0.119870 0.799012
36  0.171484 -2.498585 0.121035  -2.328175 0.656372 -0.686334
37  -0.031556 -1.818830 0.175416  1.524123 -0.081905 2.529579
38  -0.551051 -1.343188 0.884139  0.876747 0.881503 -1.574631
39  1.288495 -0.742653 0.759279  -0.330729 1.081610 0.678559
40  -2.024837 -3.512778 0.320385  1.228999 0.912691 -2.264647
41  -0.148462 -0.916237 0.044541  -0.306934 2.756565 -1.367269
42  0.857994 0.541296 0.983569  -1.431175 0.036340 -1.834970
time 46
0  0.000000 0.000000 0.000000  0.000000 0.000000 0.000000
1  2.604966 -0.132122 0.411865  -1.571272 0.843657 -1.793495
2  -0.407418 2.116191 0.838619  1.660459 0.019574 0.888596
3  0.284161 -0.415546 1.013675  2.407430 -0.224667 0.390799
4  -1.524184 1.308637 1.245834  0.574089 -1.789133 -0.446362
5  -2.181156 1.683647 0.593192  1.570612 -0.000569 0.624625
6  -1.523460 -0.290425 0.428639  0.242679 0.310606 -1.535535
7  0.141168 0.171463 0.055886  0.717542 -0.836016 1.729902
8  -0.238757 -2.010846 0.102159  2.227845 1.567807 -0.129748
9  -1.486490 1.105285 0.155861  2.151826 0.080483 -1.687760
10  -2.445085 0.418722 0.114396  -2.530623 0.414352 -1.190787
11  -1.519184 0.893691 -0.075455  -2.513144 -0.269492 -0.045915
12  -2.245097 -0.933297 0.101641  -0.415843 -1.529752 -1.721718
13  0.728118 -1.327216 0.027333  -0.035415 2.987483 -1.268137
14  0.653288 -2.587315 0.313568  -1.377019 -0.858294 1.645825
15  -0.193822 -1.192478 0.092399  0.826157 0.739661 -0.036530
16  0.105524 -1.570510 0.005396  -1.515483 -0.013733 -3.126758
17  -0.255079 -1.642225 0.005070  -3.139043 0.002868 0.808247
18  -0.278609 -1.272531 0.145446  -1.708707 0.162808 1.754480
19  0.744937 -1.413079 0.000970  0.072854 0.247272 -1.118747
20  0.807550 -0.515162 0.234440  2.971474 -0.246765 0.649442
21  0.063867 -1.765936 0.252246  -0.875364 0.708759 1.217035
22  -1.561020 -1.631035 0.369235  1.515967 -1.892911 1.223285
23  0.181045 -0.889456 0.009921  -0.876723 -0.352022 -1.397503
24  0.384669 -0.409276 0.076180  2.007681 -0.499099 -1.278206
25  1.028849 -0.447131 0.016239  0.234472 0.031711 -0.955338
26  2.763016 1.944047 0.120493  0.446811 -2.717269 -0.516589
27  1.402217 -0.060995 0.032336  2.932697 -0.306097 -1.011623
28  0.575047 -2.391708 0.268108  1.786887 0.126765 1.708695
29  0.620530 2.138627 0.042343  -0.056166 -0.450075 0.086413
30  0.612923 -1.139547 0.189131  2.087936 2.122320 0.336968
31  2.569036 -2.268976 0.046123  1.692445 -0.767549 -2.111818
32  2.057140 -0.504938 0.002531  1.468730 0.018290 -0.666581
33  -1.789358 -3.007751 0.046001  -0.958879 -1.851266 -1.749467
34  1.347003 -0.636565 0.043051  -0.525216 0.647773 -2.978801
35  0.970064 -0.235560 0.296055  -0.531464 -0.726234 1.222382
36  0.160076 -2.576812 0.029920  0.668407 -2.710240 1.294741
37  -0.070520 -1.850922 0.183569  -0.177844 -0.271806 3.027822
38  -0.669912 -1.367182 0.875691  0.830940 -0.923013 -0.374561
39  1.333989 -0.723225 0.733771  -1.103820 0.100309 0.263214
40  -2.082419 -3.639651 0.243351  0.163985 0.912691 -2.264647
41  -0.140442 -0.939359 0.044292  2.978273 -0.131773 1.504310
42  0.803654 0.653725 0.984583  0.155687 0.036340 -1.834970
time 47
0  0.000000 0.000000 0.000000  0.000000 0.000000 0.000000
1  2.686275 -0.149534 0.404128  -1.571205 0.745823 -1.761954
2  -0.438920 2.165480 0.822509  1.590789 0.004372 0.911950
3  0.275092 -0.431738 0.990827  2.465606 -0.290471 0.460559
4  -1.538828 1.356332 1.132894  -0.202724 -1.719264 0.375420
5  -2.273818 1.755194 0.593277  1.570580 -0.000715 0.643097
6  -1.535920 -0.267008 0.426538  0.218767 0.278491 -1.542316
7  0.143817 0.208634 0.061070  0.717091 -0.700012 1.736507
8  -0.271464 -2.070127 0.102315  0.254715 1.569496 -1.978322
9  -1.494330 1.160830 0.168617  2.151679 -0.141994 -1.782767
10  -2.496578 0.457901 0.121451  -2.511429 0.326846 -1.229086
11  -1.528723 0.968983 -0.038748  -2.584822 0.808001 -0.705459
12  -2.295351 -0.943932 0.115610  -1.671561 -1.513361 -0.506379
13  0.731340 -1.333163 0.026862  -0.022900 3.040971 -1.534495
14  0.727681 -2.726003 0.227675  1.164787 -1.893520 -1.632063
15  -0.245267 -1.215356 0.014070  -1.798934 -0.111311 0.317496
16  0.105013 -1.590086 0.005628  -1.516388 -0.012212 2.967582
17  -0.278970 -1.667725 0.005070  -3.139467 0.002873 0.816577
18  -0.376586 -1.275032 0.048486  2.068246 0.103784 1.897590
19  0.743721 -1.418210 0.002299  0.046031 0.219891 -1.140666
20  0.766839 -0.493818 0.155028  1.478749 -0.804230 0.226302
21  0.080892 -1.826597 0.182150  -2.031305 -0.073326 0.791804
22  -1.685218 -1.713281 0.290509  -0.835701 0.585902 -2.968302
23  0.181510 -0.890550 0.009422  -0.905113 -0.232577 -1.389459
24  0.395714 -0.385416 0.083487  1.740550 -0.837161 -0.976256
25  1.067033 -0.411153 0.016052  0.216738 0.034677 -1.018442
26  2.831108 2.119236 0.101630  -1.322050 -0.424264 2.625076
27  1.381314 -0.032453 0.032188  0.092909 -2.974652 -0.298446
28  0.532359 -2.444488 0.190383  1.973596 0.691405 1.810075
29  0.627483 2.214324 0.042553  -1.764086 0.123775 0.297848
30  0.583709 -1.103791 0.101408  1.334126 -0.199273 -0.206704
31  2.628852 -2.248795 0.049047  -0.519911 -0.821198 -0.363533
32  2.138234 -0.477385 0.004194  1.216294 0.228189 1.623774
33  -1.841170 -3.004158 0.042235  0.900439 -0.338505 3.011893
34  1.360982 -0.646268 0.042627  -0.869999 0.400241 -2.821524
35  0.991053 -0.121966 0.205187  1.122373 -2.001683 -0.223588
36  0.143974 -2.634414 0.012052  -1.012320 -0.560893 2.679130
37  -0.109059 -1.882630 0.175562  -1.699326 -0.116899 -2.787306
38  -0.788570 -1.391136 0.850238  -1.151231 -0.051879 2.114693
39  1.379406 -0.703830 0.691289  -1.669229 -0.821104 -0.090954
40  -2.139904 -3.766308 0.149431  -0.860919 0.912691 -2.264647
41  -0.132223 -0.962466 0.042494  -2.947920 -0.576029 1.088913
42  0.749406 0.765962 0.968577  1.773689 0.036340 -1.834970
time 48
0  0.000000 0.000000 0.000000  0.000000 0.000000 0.000000
1  2.764357 -0.164784 0.391903  -1.571103 0.641523 -1.731455
2  -0.469641 2.213436 0.824692  1.559761 -0.009364 0.929762
3  0.265675 -0.455446 0.973291  2.525305 -0.344867 0.523322
4  -1.551643 1.403557 1.005463  -1.008048 -1.786399 1.222404
5  -2.363823 1.822973 0.592937  1.571349 -0.000505 0.659045
6  -1.543940 -0.245423 0.423289  0.191810 0.245212 -1.548395
7  0.144568 0.241222 0.068867  0.714790 -0.621756 1.761484
8  -0.302108 -2.124667 0.102561  0.341042 1.570616 -1.775142
9  -1.500479 1.214239 0.173443  2.194065 -0.359673 -1.894419
10  -2.545115 0.494791 0.123556  -2.466585 0.273865 -1.264892
11  -1.537754 1.042768 -0.014195  -1.089516 2.376771 0.639961
12  -2.344103 -0.953930 0.117401  -1.814097 -1.513979 -0.399082
13  0.734533 -1.333528 0.026812  3.120118 0.091266 1.358052
14  0.797653 -2.861201 0.142836  0.674185 -1.316454 -1.776681
15  -0.285748 -1.221347 0.002973  -1.667197 -0.009201 0.395483
16  0.103685 -1.605282 0.005684  -1.518762 -0.012848 2.832642
17  -0.299304 -1.689472 0.005069  -3.139775 0.002873 0.821954
18  -0.465003 -1.300395 0.027622  -0.656739 -0.055389 1.842842
19  0.742123 -1.421606 0.003124  0.052423 0.216767 -1.077538
20  0.726198 -0.472510 0.058732  0.478811 -1.446739 -0.476564
21  0.092171 -1.885024 0.115452  -0.012753 -2.494043 -2.135431
22  -1.809205 -1.795387 0.194898  2.983072 0.414743 1.159028
23  0.182063 -0.891857 0.008645  -0.940171 -0.079875 -1.384277
24  0.403632 -0.361198 0.084143  1.271817 -1.087908 -0.446763
25  1.101259 -0.378866 0.016586  0.215333 0.026273 -1.079684
26  2.899084 2.294127 0.065781  0.007510 -0.424274 2.625084
27  1.359861 -0.004190 0.017333  2.663507 -0.106924 0.649441
28  0.489743 -2.497177 0.095773  -0.250251 2.037224 -0.494534
29  0.633562 2.287684 0.044790  2.709377 0.287470 -0.383558
30  0.550902 -1.067327 0.009606  -0.618144 -0.920363 1.720368
31  2.688373 -2.228638 0.045287  -1.306288 0.285587 -0.190265
32  2.216034 -0.451135 0.000254  1.791450 -0.131860 -2.488586
33  -1.892496 -2.999956 0.042373  1.174237 0.820198 -2.696741
34  1.375158 -0.656128 0.041648  -1.245323 0.211667 -2.611310
35  1.012006 -0.008565 0.097456  0.406522 -2.808331 0.713929
36  0.124540 -2.685526 0.008676  1.526782 -0.476238 -0.135816
37  -0.147533 -1.914283 0.150550  0.013405 2.961761 0.662987
38  -0.907027 -1.415049 0.807811  0.659375 1.030125 -1.839519
39  1.424745 -0.684467 0.631860  0.596815 -0.959958 -2.702918
40  -2.197291 -3.892750 0.038652  1.295949 2.228902 0.876945
41  -0.123327 -0.985262 0.043215  -2.265136 -0.786434 0.367230
42  0.695250 0.878009 0.935580  0.281335 3.105253 1.306623
time 49
0  0.000000 0.000000 0.000000  0.000000 0.000000 0.000000
1  2.839506 -0.178025 0.374119  -1.571109 0.527080 -1.702429
2  -0.492417 2.271173 0.828710  1.555397 -0.022284 0.925912
3  0.257584 -0.482277 0.950180  2.586528 -0.401753 0.580018
4  -1.563742 1.435192 0.910534  -1.094923 -1.895295 1.339419
5  -2.451381 1.886139 0.593362  1.571039 0.000093 0.671441
6  -1.547505 -0.225395 0.418650  0.161210 0.210270 -1.553517
7  0.145375 0.269733 0.072887  0.714734 -0.576426 1.788010
8  -0.330784 -2.174752 0.102421  2.442047 1.568439 0.434116
9  -1.503344 1.273388 0.171034  -0.886652 -2.400102 1.137934
10  -2.590128 0.528218 0.124298  -2.412842 0.258573 -1.299241
11  -1.546350 1.115801 -0.004192  -1.373635 -2.831822 0.178873
12  -2.391852 -0.963487 0.105513  -1.434071 -1.546185 -0.810932
13  0.736687 -1.332908 0.026947  3.116861 0.108476 1.125055
14  0.842906 -2.988840 0.143896  0.235563 -0.372400 -1.809759
15  -0.319257 -1.225588 0.002970  -1.543309 -0.004822 0.391461
16  0.102191 -1.615779 0.005581  -1.520838 -0.012908 2.746743
17  -0.316086 -1.707474 0.005069  -3.140012 0.002872 0.824951
18  -0.542099 -1.324240 0.045921  -1.915273 -0.687620 1.697488
19  0.741316 -1.422985 0.003273  0.052009 0.217150 -1.047276
20  0.681616 -0.449631 0.034319  -1.043022 3.049018 -0.532466
21  0.090106 -1.938381 0.079169  1.958520 -0.528828 1.157183
22  -1.933046 -1.876733 0.089647  -1.432369 -2.376512 -0.865061
23  0.182642 -0.893054 0.009608  -0.979306 0.062077 -1.383665
24  0.407935 -0.336817 0.079731  0.435139 -1.137437 0.442101
25  1.131789 -0.349999 0.016625  0.213995 0.024583 -1.133976
26  2.966945 2.468722 0.012975  1.293909 -0.424275 2.625083
27  1.336916 0.021351 0.004745  0.396693 -2.603171 1.514655
28  0.451667 -2.550988 0.009179  1.011502 2.241998 0.823259
29  0.640467 2.360920 0.042014  1.098815 -0.403193 -0.464669
30  0.486557 -1.023441 0.020264  2.034755 0.010529 -1.123618
31  2.742404 -2.208957 0.050775  0.364744 2.098157 1.820830
32  2.287976 -0.427151 0.000134  1.727780 -0.120759 -0.564233
33  -1.943306 -2.995170 0.043239  3.060347 0.823228 -0.614651
34  1.389118 -0.665708 0.041836  -1.659221 0.077657 -2.355666
35  1.033633 0.104463 0.000884  -2.798356 0.243642 -1.432691
36  0.103649 -2.732093 0.004170  1.553831 0.236069 2.564676
37  -0.185941 -1.945883 0.108563  1.819782 0.582620 -2.279281
38  -1.025283 -1.438922 0.748438  1.036765 -0.644779 -0.662286
39  1.470008 -0.665138 0.555514  1.312024 0.301009 -3.063344
40  -2.237932 -4.013885 0.003864  -0.768632 2.057768 1.030607
41  -0.114426 -1.007978 0.042930  -1.588298 -0.575371 -0.341694
42  0.641186 0.989866 0.885620  -1.179686 0.036340 -1.834970
time 50
0  0.000000 0.000000 0.000000  0.000000 0.000000 0.000000
1  2.912103 -0.189482 0.349240  -1.571019 0.399970 -1.674941
2  -0.514038 2.326878 0.824951  1.561841 -0.030696 0.924615
3  0.251016 -0.511746 0.920343  2.651537 -0.463505 0.628957
4  -1.573413 1.463352 0.836639  -0.983926 -1.993766 1.258801
5  -2.534642 1.946161 0.593281  1.571018 0.000079 0.682612
6  -1.546619 -0.206560 0.412295  0.126288 0.173352 -1.557430
7  0.146337 0.293995 0.073875  0.714341 -0.564653 1.817664
8  -0.357387 -2.220159 0.102549  1.142326 1.571774 -0.765123
9  -1.502877 1.339548 0.151575  -0.671661 -1.909180 0.895618
10  -2.631738 0.557776 0.123510  -2.412706 0.275071 -1.329562
11  -1.554481 1.188088 -0.008671  -0.427123 -1.856406 -0.953142
12  -2.433103 -0.970930 0.098630  0.181590 -1.585157 -2.455720
13  0.738574 -1.330865 0.027299  3.107026 0.149902 0.908082
14  0.884910 -3.118682 0.141216  -0.059412 0.539732 -2.148269
15  -0.347685 -1.229219 0.002793  -1.544682 -0.006627 0.392841
16  0.101091 -1.621206 0.005856  -1.525154 -0.012583 2.694133
17  -0.329323 -1.721741 0.005067  -3.140218 0.002870 0.826125
18  -0.616777 -1.348293 0.054823  -0.208301 -1.898193 -1.222654
19  0.741150 -1.423159 0.003376  0.051687 0.219242 -1.044153
20  0.627865 -0.439472 0.048025  1.299610 0.583585 2.267154
21  0.081297 -1.982209 0.065863  1.540473 -0.146264 0.814086
22  -2.054651 -1.951901 0.041236  -0.089922 -1.245681 -2.149179
23  0.182889 -0.893727 0.010394  -0.992379 0.130194 -1.384624
24  0.407001 -0.312451 0.075230  -0.235264 -0.947553 1.154787
25  1.158595 -0.324606 0.016380  0.221199 0.035437 -1.180701
26  3.033896 2.617596 0.027865  -0.426949 -0.587023 3.036844
27  1.318433 0.039960 0.009116  0.517361 -2.921847 0.053340
28  0.432547 -2.611382 0.041240  -2.125454 -0.574224 0.160054
29  0.647539 2.433090 0.043882  -0.806390 -0.371349 0.336863
30  0.425028 -0.978293 0.023928  -0.820786 0.671844 2.908723
31  2.795125 -2.189406 0.046220  -0.954870 2.917963 0.800606
32  2.354931 -0.405060 0.000634  1.835646 -0.188554 1.233424
33  -1.993506 -2.990280 0.043066  -2.970452 -0.313081 -0.026359
34  1.403434 -0.674395 0.042187  -2.081439 0.032983 -2.068054
35  1.057395 0.217853 0.058689  -1.271713 -0.040840 1.411333
36  0.085161 -2.773626 0.002593  1.681862 0.609183 -0.912179
37  -0.224283 -1.977429 0.049629  0.377070 1.006525 -2.333121
38  -1.143337 -1.462754 0.672147  -1.094157 -0.480633 1.903477
39  1.515193 -0.645841 0.462280  0.009549 1.546590 1.158726
40  -2.272360 -4.124269 0.020135  -0.663829 0.367937 -2.930308
41  -0.105455 -1.030759 0.042476  -1.225574 -0.115050 -0.729366
42  0.587215 1.101533 0.818728  0.532315 0.036340 -1.834970
time 51
0  0.000000 0.000000 0.000000  0.000000 0.000000 0.000000
1  2.982544 -0.195680 0.320255  -1.582821 0.259746 -1.661826
2  -0.533800 2.378122 0.819620  1.569963 -0.031812 0.926557
3  0.245902 -0.543355 0.882265  2.722565 -0.531299 0.668011
4  -1.585870 1.488484 0.761872  -0.862943 -2.063560 1.163820
5  -2.613222 2.002966 0.593202  1.570992 0.000181 0.692776
6  -1.541327 -0.188491 0.403808  0.086236 0.134285 -1.559875
7  0.147562 0.313964 0.072032  0.714249 -0.586499 1.849946
8  -0.381869 -2.260936 0.102698  2.221078 1.570402 0.407423
9  -1.497944 1.406904 0.106966  -1.091831 -1.517092 1.309948
10  -2.670259 0.584867 0.117820  -2.435953 0.318236 -1.357987
11  -1.562132 1.259512 -0.027244  -2.146158 -0.459132 0.556187
12  -2.467790 -0.976204 0.097295  -0.184646 -1.569927 -2.122896
13  0.739301 -1.328378 0.027689  3.096794 0.192823 0.701801
14  0.925718 -3.245705 0.130942  2.060361 1.949326 -0.284183
15  -0.370855 -1.232214 0.003066  -1.534517 -0.010220 0.394588
16  0.100672 -1.622301 0.006035  -1.519646 -0.011154 2.684148
17  -0.338941 -1.732191 0.005173  3.138570 -0.003283 0.824434
18  -0.690927 -1.372346 0.048036  0.099035 -1.088667 -2.611447
19  0.741101 -1.423185 0.003388  0.051645 0.219480 -1.044166
20  0.575391 -0.430744 0.050828  0.271811 0.762671 1.732457
21  0.071323 -2.015908 0.071697  1.479883 0.102196 0.329328
22  -2.158466 -2.021590 0.038065  0.353086 -1.298329 -2.266995
23  0.182834 -0.893690 0.010321  -0.990990 0.123265 -1.384176
24  0.402697 -0.288547 0.064857  -0.577077 -0.603835 1.508031
25  1.181489 -0.302873 0.016774  0.216766 0.032709 -1.225595
26  3.100646 2.763396 0.035106  0.183964 -2.619556 0.065583
27  1.301970 0.055096 0.009719  -2.431217 -0.183215 2.005590
28  0.413459 -2.671674 0.056229  0.980666 2.488741 -0.387547
29  0.653705 2.505336 0.039879  -2.359178 0.350819 0.199806
30  0.366398 -0.932186 0.021426  -0.148287 -2.808315 0.917623
31  2.846848 -2.171910 0.045961  1.546373 -0.864078 -2.236355
32  2.415724 -0.389085 0.001116  1.849105 -0.142834 2.708356
33  -2.043124 -2.985088 0.046044  -0.865517 -1.887012 -1.812150
34  1.418069 -0.682153 0.042512  -2.493794 0.086902 -1.784200
35  1.081041 0.331188 0.099899  0.489381 3.038254 1.130840
36  0.068993 -2.811011 0.000989  1.048026 -0.054226 1.124637
37  -0.258927 -2.006701 0.018812  2.507137 1.081031 0.789553
38  -1.261191 -1.486545 0.578968  2.630919 2.055910 0.002467
39  1.560302 -0.626578 0.352186  -1.072632 0.019738 -0.144672
40  -2.306729 -4.234464 0.019361  -1.886049 -0.128245 1.356407
41  -0.095813 -1.053029 0.044115  -1.042068 0.392715 -0.956624
42  0.533335 1.213009 0.734931  2.275841 0.036340 -1.834970
time 52
0  0.000000 0.000000 0.000000  0.000000 0.000000 0.000000
1  3.051440 -0.198354 0.283206  -1.596387 0.107657 -1.653287
2  -0.550515 2.422990 0.819177  1.569763 -0.022544 0.931070
3  0.242067 -0.576642 0.834381  2.802065 -0.605394 0.694525
4  -1.608008 1.504730 0.712079  -0.755664 -2.050874 1.076200
5  -2.687135 2.056554 0.593195  1.570993 0.000191 0.701845
6  -1.531744 -0.170746 0.392667  0.040075 0.092967 -1.560553
7  0.149178 0.329687 0.067266  0.714535 -0.642365 1.884417
8  -0.404067 -2.297144 0.102714  2.375688 1.570380 0.648962
9  -1.478731 1.459675 0.101002  -0.562566 -1.608756 0.697426
10  -2.704944 0.608849 0.110719  -2.434491 0.399655 -1.379906
11  -1.569321 1.329553 -0.058322  -2.562553 0.545787 0.050695
12  -2.496728 -0.981023 0.097738  -0.093100 -1.569970 -2.242840
13  0.738669 -1.326733 0.027995  3.088840 0.224329 0.503662
14  0.961788 -3.361865 0.142366  -2.391270 0.830990 1.135216
15  -0.389085 -1.234577 0.002771  -1.540658 -0.005207 0.395327
16  0.100668 -1.622303 0.006057  -1.520144 -0.010862 2.684154
17  -0.344785 -1.738608 0.005679  3.117543 0.001522 0.821692
18  -0.761959 -1.396458 0.034406  -0.903949 -0.404350 -2.685576
19  0.741080 -1.423191 0.003389  0.051643 0.219512 -1.044047
20  0.525570 -0.422561 0.045563  -0.471239 0.584429 1.234482
21  0.061551 -2.045268 0.074802  1.516729 0.235082 -0.143789
22  -2.257138 -2.087360 0.038863  0.350219 -1.306447 -1.995111
23  0.182520 -0.892940 0.009391  -0.974958 0.041066 -1.382854
24  0.395726 -0.265580 0.046900  -0.819906 -0.165104 1.686788
25  1.200782 -0.284509 0.016409  0.213523 0.021162 -1.268548
26  3.167283 2.908948 0.025317  0.717441 -0.448695 -3.023962
27  1.288400 0.066932 0.009397  -2.463818 -0.225727 0.873076
28  0.394404 -2.731863 0.054174  -1.658531 -0.680526 -0.933948
29  0.659972 2.575210 0.044749  2.170159 0.174762 -0.594390
30  0.314383 -0.883744 0.027223  -0.529789 1.101443 -2.119642
31  2.898529 -2.154840 0.048167  -0.716433 -0.965727 -0.303394
32  2.471068 -0.377144 0.000061  1.674394 -0.167974 -2.364917
33  -2.092842 -2.980904 0.042684  0.959898 -0.398833 2.932207
34  1.432942 -0.689056 0.042752  -2.880736 0.225183 -1.536489
35  1.104648 0.444331 0.124022  -0.121325 -0.031550 1.492729
36  0.053628 -2.843408 0.000878  1.140069 0.145492 2.649204
37  -0.290377 -2.033317 0.023815  2.335049 -0.229836 0.921510
38  -1.378845 -1.510296 0.468929  1.151777 0.015680 -1.010757
39  1.605334 -0.607347 0.225261  -2.315467 -1.506211 0.548785
40  -2.340842 -4.343677 0.004299  -0.684830 0.780501 3.001195
41  -0.086005 -1.075023 0.044022  -0.988980 0.915135 -1.176095
42  0.479546 1.324297 0.634258  -2.232196 0.036340 -1.834970
time 53
0  0.000000 0.000000 0.000000  0.000000 0.000000 0.000000
1  3.116289 -0.198296 0.245156  -1.595517 -0.016310 -1.637236
2  -0.564494 2.463662 0.817811  1.570368 -0.007047 0.937681
3  0.239323 -0.611203 0.775274  2.893210 -0.685223 0.704991
4  -1.634898 1.516484 0.667371  -0.625266 -2.004580 0.962775
5  -2.756395 2.106900 0.593292  1.570843 0.000075 0.709869
6  -1.522532 -0.150826 0.383847  0.013985 0.034600 -1.557765
7  0.151327 0.341272 0.059306  0.714639 -0.733146 1.920728
8  -0.424068 -2.328808 0.102643  1.435563 1.569630 -0.210317
9  -1.457668 1.510484 0.105402  -0.786720 -1.621848 0.859110
10  -2.736792 0.629873 0.099544  -2.420242 0.516580 -1.395000
11  -1.578761 1.389541 -0.095652  2.899578 0.398337 -1.292810
12  -2.520564 -0.985150 0.097789  -0.135467 -1.570124 -2.225749
13  0.737123 -1.325696 0.028468  3.076416 0.269393 0.314156
14  0.996887 -3.476498 0.142114  -2.416920 0.136911 0.538626
15  -0.402126 -1.236265 0.002746  -1.537925 -0.006909 0.389079
16  0.100668 -1.622303 0.006060  -1.520195 -0.010832 2.684154
17  -0.347171 -1.741208 0.005712  -3.125235 0.001080 0.819497
18  -0.821628 -1.422827 0.042677  -1.192606 0.085992 -2.880682
19  0.740983 -1.423221 0.003388  0.051661 0.219556 -1.043906
20  0.479092 -0.415529 0.035320  -0.639066 0.159037 0.974128
21  0.052143 -2.071052 0.072586  1.664669 0.322550 -0.578901
22  -2.352270 -2.150628 0.036483  0.401076 -1.331168 -1.781094
23  0.181945 -0.891767 0.008635  -0.933950 -0.100506 -1.384570
24  0.386395 -0.245244 0.025242  -1.113474 0.390403 1.682668
25  1.216124 -0.269842 0.016859  0.217508 0.027000 -1.302763
26  3.232460 3.052779 0.005247  1.345222 -2.937001 0.299109
27  1.278029 0.076548 0.006263  -2.709924 -0.568540 -0.270732
28  0.375381 -2.791951 0.035104  -0.446076 2.959627 -0.727286
29  0.667543 2.645383 0.040250  0.613553 -0.578964 -0.344659
30  0.262456 -0.835383 0.015992  2.103914 -0.841195 -1.521249
31  2.949846 -2.137037 0.045075  -1.342101 0.048700 -0.067667
32  2.521102 -0.366424 0.000146  1.808785 -0.140740 -1.406574
33  -2.141953 -2.976381 0.042410  1.104556 0.736518 -2.860705
34  1.447984 -0.695176 0.042872  -0.105882 2.717589 1.796320
35  1.128214 0.557282 0.131085  -2.009320 0.187305 -1.557168
36  0.040344 -2.871238 0.001259  1.190297 0.120686 -2.305740
37  -0.320528 -2.059364 0.016287  0.777536 -1.098291 2.408430
38  -1.496299 -1.534007 0.342058  -0.371412 -1.118999 0.975589
39  1.650290 -0.588148 0.081533  1.147053 -0.068138 2.658169
40  -2.372754 -4.442227 0.007893  -1.237069 0.233233 2.337196
41  -0.075934 -1.096904 0.042312  1.465251 1.732770 1.055783
42  0.425849 1.435395 0.516738  -0.425330 0.036340 -1.834970
time 54
0  0.000000 0.000000 0.000000  0.000000 0.000000 0.000000
1  3.168446 -0.190278 0.241909  -1.570241 0.003099 -1.605170
2  -0.574607 2.499390 0.819146  1.568583 0.001125 0.940854
3  0.238493 -0.648634 0.704681  2.998801 -0.769733 0.694129
4  -1.664037 1.526357 0.620819  -0.451037 -1.957781 0.804948
5  -2.821212 2.154119 0.593514  1.570897 -0.000059 0.717228
6  -1.516175 -0.128879 0.381474  0.003967 -0.009278 -1.552517
7  0.152668 0.348248 0.054836  0.730806 -0.815667 1.933870
8  -0.441613 -2.356023 0.102582  2.026871 1.571537 0.456256
9  -1.434411 1.563094 0.101195  -0.478714 -1.590969 0.495528
10  -2.765999 0.647978 0.083413  -2.425725 0.668170 -1.414928
11  -1.584381 1.433405 -0.112615  -0.043315 -3.073630 0.710058
12  -2.539143 -0.988524 0.097795  0.197918 -1.570280 -2.582572
13  0.736635 -1.324198 0.029187  3.057763 0.338361 0.140915
14  1.030525 -3.588755 0.133470  -2.063743 -0.461492 -0.120426
15  -0.409814 -1.237267 0.003328  -1.536743 -0.020140 0.377324
16  0.100668 -1.622303 0.006060  -1.520195 -0.010831 2.684154
17  -0.347185 -1.741416 0.006292  -3.137827 -0.000965 0.817822
18  -0.877003 -1.449197 0.048776  1.823432 2.718511 0.110920
19  0.740813 -1.423251 0.003388  0.051662 0.219573 -1.042468
20  0.435442 -0.409178 0.018505  -0.925327 -0.237767 0.811644
21  0.042724 -2.093101 0.065623  1.940518 0.415867 -0.951285
22  -2.442330 -2.210402 0.037118  0.394822 -1.342415 -1.526106
23  0.181471 -0.890689 0.009393  -0.906152 -0.227699 -1.389303
24  0.376280 -0.230309 0.018657  -1.828561 1.024242 1.165757
25  1.227597 -0.258685 0.017093  0.219213 0.033075 -1.331703
26  3.283073 3.188894 0.030883  -0.943012 0.444509 1.965084
27  1.270159 0.083115 0.005436  -3.128478 -0.547247 -1.034061
28  0.359165 -2.850663 0.009941  2.190779 -0.659751 -0.324395
29  0.674859 2.714242 0.043571  -1.212331 -0.230932 0.478715
30  0.216407 -0.791988 0.013474  2.653592 1.864356 0.165105
31  2.999071 -2.120398 0.048547  -2.128099 0.949257 -0.582301
32  2.566121 -0.357609 -0.001122  1.675116 -0.114437 -0.546199
33  -2.190777 -2.971162 0.043128  -0.146313 2.150143 2.378692
34  1.463173 -0.700496 0.042867  2.661481 0.660536 -1.230003
35  1.151741 0.670040 0.121118  -0.699848 -0.655524 1.578282
36  0.029023 -2.894811 0.001033  1.163405 0.139214 -1.218151
37  -0.345793 -2.082088 0.013058  -1.041933 0.596398 -2.906539
38  -1.613553 -1.557677 0.198385  -1.131832 0.293607 2.272873
39  1.701533 -0.572708 -0.000261  0.542873 0.181761 2.353643
40  -2.404226 -4.538404 0.001914  0.990172 0.243180 2.966232
41  -0.065236 -1.118310 0.042565  -0.305862 2.077780 -0.932538
42  0.372243 1.546304 0.382399  1.413351 0.036340 -1.834970
time 55
0  0.000000 0.000000 0.000000  0.000000 0.000000 0.000000
1  3.216129 -0.181021 0.241867  -1.574682 -0.001260 -1.581304
2  -0.582998 2.531121 0.816968  1.570925 -0.000184 0.941964
3  0.241350 -0.692409 0.623544  3.122367 -0.857187 0.654347
4  -1.697444 1.534482 0.585536  -0.207491 -1.931476 0.577635
5  -2.881746 2.198302 0.593430  1.570786 -0.000233 0.724014
6  -1.513892 -0.110371 0.385331  0.011348 -0.013339 -1.538871
7  0.151420 0.353349 0.054853  0.730882 -0.806194 1.928857
8  -0.456469 -2.378933 0.102663  2.186723 1.569599 0.684188
9  -1.411938 1.605103 0.098669  -1.477650 -1.569517 1.459368
10  -2.791247 0.661819 0.068150  -2.409994 0.843122 -1.419719
11  -1.587417 1.466340 -0.110088  0.060554 -3.140547 -0.420747
12  -2.552593 -0.991150 0.097877  -1.942218 -1.571253 -0.461659
13  0.738645 -1.321913 0.031125  3.029715 0.388854 0.011577
14  1.058236 -3.697171 0.134041  -1.362828 -0.570174 -1.046146
15  -0.412434 -1.237680 0.004081  -1.536788 -0.019662 0.373100
16  0.100668 -1.622303 0.006060  -1.520196 -0.010830 2.684154
17  -0.347204 -1.741397 0.006351  3.141227 -0.000791 0.817820
18  -0.929167 -1.474308 0.048977  1.552326 2.406513 -0.109210
19  0.740180 -1.423460 0.003376  0.050999 0.220045 -1.059049
20  0.401436 -0.403438 0.019315  -1.853461 -0.364887 0.913575
21  0.032919 -2.111213 0.054700  2.345436 0.540584 -1.235099
22  -2.528228 -2.267339 0.037047  0.389508 -1.341560 -1.284309
23  0.181118 -0.889856 0.009800  -0.884617 -0.319714 -1.395233
24  0.366704 -0.216319 0.024719  2.914941 0.907944 -0.180122
25  1.235188 -0.251229 0.017647  0.221665 0.031978 -1.357754
26  3.332523 3.323732 0.046407  -0.964491 -1.076373 2.143175
27  1.263472 0.087955 0.004764  0.261825 -2.608384 1.436219
28  0.351525 -2.901540 0.011019  1.756935 -0.138736 -2.070988
29  0.681065 2.783214 0.040261  -2.727016 0.497400 0.074189
30  0.179293 -0.753563 0.027906  -0.666956 -2.320680 1.310546
31  3.047570 -2.103623 0.050238  -0.678981 2.359592 1.053598
32  2.603762 -0.352544 0.000352  1.805068 -0.189269 0.095007
33  -2.239143 -2.965894 0.041888  -2.928574 -0.080552 -0.091688
34  1.478548 -0.705101 0.042746  2.216023 0.903386 -1.236244
35  1.175227 0.782607 0.094149  -2.517508 0.809419 -0.830629
36  0.019839 -2.913896 0.000824  1.183319 0.075481 -0.181024
37  -0.368203 -2.101989 0.019515  1.346373 1.124288 1.150673
38  -1.730608 -1.581308 0.037938  0.749065 0.981819 -1.733396
39  1.763924 -0.563994 0.028335  0.336545 -0.549355 -2.946121
40  -2.434220 -4.628222 0.000125  1.381876 0.186470 -2.576709
41  -0.054241 -1.138906 0.044327  -0.333948 2.601444 -1.216647
42  0.318729 1.657025 0.231271  0.142349 3.105253 1.306623
time 56
0  0.000000 0.000000 0.000000  0.000000 0.000000 0.000000
1  3.259197 -0.172688 0.241868  -1.574532 -0.001465 -1.559601
2  -0.589631 2.557173 0.817082  1.570713 -0.000005 0.942788
3  0.233548 -0.751383 0.595582  -0.001158 -2.188339 -2.475885
4  -1.735034 1.542819 0.558029  0.050617 -1.950847 0.337322
5  -2.937781 2.239264 0.593532  1.570719 -0.000399 0.730059
6  -1.511329 -0.094867 0.381995  0.011407 -0.003167 -1.523224
7  0.150070 0.354585 0.053929  0.713501 -0.792702 1.936192
8  -0.468778 -2.397698 0.102713  0.802587 1.569117 -0.639941
9  -1.391632 1.635158 0.099106  0.528154 -1.571708 -0.565174
10  -2.808465 0.666393 0.075666  0.727232 2.220629 1.699835
11  -1.590392 1.496221 -0.112152  -0.089350 -3.060711 -1.532005
12  -2.561111 -0.993165 0.097983  0.208439 -1.570576 -2.626801
13  0.742313 -1.319595 0.031779  3.020316 0.406945 -0.058909
14  1.081862 -3.801561 0.139545  -0.867448 -0.199687 -1.752978
15  -0.412472 -1.237681 0.004429  -1.521895 -0.011367 0.372573
16  0.100668 -1.622303 0.006060  -1.520196 -0.010830 2.684154
17  -0.347207 -1.741395 0.006357  3.140783 -0.000772 0.817820
18  -0.976524 -1.497923 0.048633  1.245006 2.449935 -0.419227
19  0.739986 -1.423465 0.003324  0.055502 0.220993 -1.058130
20  0.374953 -0.396835 0.022113  -2.509434 -0.227639 1.087957
21  0.023277 -2.125286 0.060738  -0.420871 2.497703 1.644590
22  -2.609828 -2.321321 0.036924  0.394145 -1.342112 -1.066123
23  0.180866 -0.889260 0.010027  -0.868874 -0.383386 -1.400707
24  0.354986 -0.199051 0.038429  2.429777 0.333897 -0.478439
25  1.239140 -0.247189 0.017661  0.225060 0.030444 -1.376952
26  3.381888 3.458341 0.044886  0.907516 2.917914 0.104604
27  1.258649 0.089577 0.004535  0.129783 -2.594880 1.214012
28  0.345598 -2.948610 0.009554  1.334753 -0.200181 2.783593
29  0.687972 2.851181 0.044324  1.909434 0.076458 -0.703829
30  0.142241 -0.715203 0.025295  1.713655 2.325131 -0.422095
31  3.095117 -2.087150 0.042942  1.894152 -0.146344 -2.402262
32  2.636397 -0.348709 0.000419  1.774708 -0.120703 0.615819
33  -2.286700 -2.960027 0.045885  2.875609 -1.105401 0.690895
34  1.494090 -0.709060 0.042530  1.555800 1.094809 -1.487569
35  1.198674 0.894983 0.050209  1.066703 -2.316475 -0.018907
36  0.012681 -2.928627 0.001202  1.116332 0.045345 0.587528
37  -0.391530 -2.121547 0.012741  -0.298672 0.252502 0.997087
38  -1.820180 -1.573626 0.007738  2.534526 -0.040307 0.134868
39  1.826208 -0.555294 0.039864  -0.210030 -0.230596 3.074234
40  -2.462400 -4.712490 0.000229  1.383006 0.191963 -1.902343
41  -0.043168 -1.159180 0.044505  2.940013 0.050200 1.699150
42  0.265305 1.767558 0.063381  -1.096646 0.036340 -1.834970
time 57
0  0.000000 0.000000 0.000000  0.000000 0.000000 0.000000
1  3.297649 -0.165230 0.241821  -1.574463 -0.001533 -1.540376
2  -0.594986 2.578250 0.817117  1.570801 -0.000013 0.943578
3  0.218480 -0.815151 0.572277  -0.002456 -2.097090 -2.452778
4  -1.775491 1.553923 0.549038  0.126567 -2.009519 0.272031
5  -2.989172 2.276911 0.593532  1.570603 -0.000199 0.735723
6  -1.508347 -0.084562 0.378526  0.000052 0.001453 -1.504804
7  0.150249 0.354141 0.053454  0.718881 -0.803341 1.929461
8  -0.478574 -2.412211 0.102907  1.595112 1.571534 0.205167
9  -1.374426 1.654070 0.099393  1.293329 -1.570231 -1.325905
10  -2.822637 0.669603 0.077282  0.717110 2.171175 1.676103
11  -1.588004 1.524387 -0.107001  -2.988857 -0.150098 0.481014
12  -2.564776 -0.994558 0.098013  -2.062865 -1.570972 -0.365592
13  0.745938 -1.318460 0.031624  3.022479 0.403694 -0.086863
14  1.104229 -3.903167 0.137604  -0.631868 0.356516 -2.219062
15  -0.412467 -1.237686 0.004482  -1.520365 -0.010876 0.372545
16  0.100668 -1.622303 0.006060  -1.520196 -0.010830 2.684154
17  -0.347207 -1.741394 0.006358  3.140725 -0.000770 0.817820
18  -1.020446 -1.520825 0.042684  0.796022 2.589888 -0.753821
19  0.739924 -1.423430 0.003383  0.052045 0.219652 -1.058893
20  0.356766 -0.388224 0.017725  -2.993874 -0.058311 1.373342
21  0.013111 -2.137290 0.064051  -0.123751 2.361849 1.353524
22  -2.687146 -2.372322 0.036819  0.379539 -1.342389 -0.845332
23  0.180703 -0.888876 0.010149  -0.858488 -0.423657 -1.404807
24  0.341783 -0.181966 0.058638  2.249860 -0.057872 -0.494160
25  1.239731 -0.246537 0.017938  0.222379 0.032362 -1.382952
26  3.431170 3.592721 0.026349  0.226139 -2.409238 -1.195946
27  1.257270 0.089789 0.004784  0.163507 -2.601511 1.147197
28  0.340834 -2.990561 0.009129  1.246872 -0.113427 1.514081
29  0.695814 2.918584 0.039645  0.346307 -0.666013 -0.248201
30  0.106202 -0.677412 0.009270  1.436363 -0.476668 -1.172148
31  3.141105 -2.071925 0.045514  1.169064 -1.074479 -2.062201
32  2.663664 -0.346016 0.000354  1.832873 -0.162628 1.039362
33  -2.334614 -2.954903 0.044189  1.076644 -0.691741 2.723705
34  1.509795 -0.712385 0.042257  0.635469 1.114825 -2.010521
35  1.219658 1.004801 0.000598  -1.609224 -0.544065 1.494953
36  0.007299 -2.939128 0.001198  1.126626 0.049849 1.099576
37  -0.413063 -2.136665 0.005301  -1.098869 -0.507224 1.171481
38  -1.897199 -1.556050 0.017135  2.104292 0.840278 -0.701665
39  1.888387 -0.546610 0.034356  -0.001580 0.430709 2.500774
40  -2.488936 -4.791784 0.000264  1.347994 0.180027 -1.306337
41  -0.031884 -1.179350 0.043251  0.076953 -2.755163 -1.755713
42  0.227738 1.849602 -0.010523  -1.576699 -0.779774 -0.132307
time 58
0  0.000000 0.000000 0.000000  0.000000 0.000000 0.000000
1  3.331405 -0.158745 0.241840  -1.574390 -0.001291 -1.523384
2  -0.599021 2.594356 0.817127  1.570798 0.000019 0.944268
3  0.210156 -0.874590 0.544810  0.004799 -2.005132 -2.451436
4  -1.812868 1.565095 0.545967  0.074912 -2.051534 0.319014
5  -3.036051 2.311327 0.593447  1.570777 -0.000239 0.740507
6  -1.514431 -0.081719 0.378408  -0.000018 -0.000003 -1.522594
7  0.150077 0.354214 0.053335  0.714806 -0.799770 1.932866
8  -0.485724 -2.422935 0.103035  0.688700 1.570267 -0.658084
9  -1.360708 1.668996 0.099426  -0.032257 -1.569862 0.003942
10  -2.832263 0.671220 0.077968  0.716410 2.158489 1.665765
11  -1.581668 1.549004 -0.100600  -2.933646 0.195417 -0.550375
12  -2.565110 -0.994926 0.098022  -2.183853 -1.571018 -0.246926
13  0.747568 -1.318065 0.031310  3.027966 0.389839 -0.089754
14  1.125389 -4.002526 0.126568  -0.612511 0.981748 -2.662518
15  -0.412467 -1.237687 0.004488  -1.520169 -0.010828 0.372540
16  0.100668 -1.622303 0.006060  -1.520196 -0.010830 2.684154
17  -0.347207 -1.741394 0.006358  3.140718 -0.000770 0.817820
18  -1.062595 -1.543480 0.025442  0.316632 2.878252 -1.030352
19  0.739903 -1.423427 0.003389  0.051673 0.219507 -1.058975
20  0.344241 -0.379720 0.014628  -3.128589 -0.000793 1.580276
21  0.002781 -2.147491 0.065563  0.071511 2.200119 1.004750
22  -2.760092 -2.420301 0.037089  0.405217 -1.337205 -0.682342
23  0.180617 -0.888680 0.010204  -0.853174 -0.443706 -1.407217
24  0.328548 -0.164712 0.070529  2.105195 -0.354710 -0.473852
25  1.239737 -0.246540 0.017968  0.222092 0.032568 -1.382961
26  3.479449 3.720765 0.011377  0.430062 1.202702 -2.804775
27  1.257363 0.089751 0.004753  0.145303 -2.597751 1.157227
28  0.336982 -3.027360 0.009700  1.508046 -0.277315 0.246093
29  0.703049 2.985323 0.043243  -1.372740 -0.158428 0.538882
30  0.082611 -0.641398 0.020536  1.045088 -1.282146 -1.299144
31  3.186846 -2.056443 0.048199  -0.952611 -0.886498 -0.223894
32  2.685530 -0.344284 0.000437  1.771574 -0.152650 1.371258
33  -2.381778 -2.950138 0.042077  0.996255 0.411699 -3.114341
34  1.525887 -0.715651 0.042806  -0.062596 0.954298 -2.313270
35  1.229007 1.096988 0.006539  0.925529 -2.728435 0.667816
36  0.003879 -2.945118 0.001478  1.124092 0.028953 1.456672
37  -0.428915 -2.147510 0.005137  -1.274131 -0.344389 1.415357
38  -1.974087 -1.538504 0.009498  -1.601012 0.488750 1.868942
39  1.950460 -0.537940 0.011839  -1.990778 1.958913 0.560888
40  -2.513818 -4.866130 0.000178  1.330279 0.187032 -0.750736
41  -0.020065 -1.199269 0.043009  -2.544583 -0.685553 0.853740
42  0.208614 1.898301 0.030030  -0.890898 -2.661675 0.016782
time 59
0  0.000000 0.000000 0.000000  0.000000 0.000000 0.000000
1  3.360408 -0.153254 0.241844  -1.574381 -0.001389 -1.508670
2  -0.601776 2.605408 0.817125  1.570778 -0.000002 0.944836
3  0.197509 -0.926437 0.513252  -0.009345 -1.895122 -2.423431
4  -1.848677 1.574054 0.534736  0.002245 -2.088512 0.383877
5  -3.078636 2.342662 0.593572  1.570952 0.000154 0.744943
6  -1.518847 -0.081728 0.378412  0.000000 -0.000004 -1.535189
7  0.150070 0.354210 0.053367  0.714567 -0.799788 1.933035
8  -0.490285 -2.430010 0.102980  1.627514 1.570008 0.313782
9  -1.350507 1.679993 0.099498  0.440468 -1.570217 -0.465562
10  -2.837342 0.672351 0.077012  0.717267 2.178167 1.661868
11  -1.573956 1.571087 -0.101629  -0.185471 2.835073 1.497347
12  -2.565110 -0.994927 0.098025  -2.238646 -1.571019 -0.192162
13  0.750546 -1.321947 0.031099  3.029790 0.391589 -0.095247
14  1.145328 -4.099615 0.106564  0.707143 1.779838 -1.685305
15  -0.412467 -1.237687 0.004488  -1.520129 -0.010828 0.372540
16  0.100668 -1.622303 0.006060  -1.520196 -0.010830 2.684154
17  -0.347207 -1.741394 0.006358  3.140718 -0.000770 0.817820
18  -1.101287 -1.564909 0.003277  0.035541 3.115753 -1.169391
19  0.739869 -1.423516 0.003389  0.051632 0.219483 -1.058983
20  0.336666 -0.373734 0.014891  -0.004650 -3.138656 -1.411245
21  -0.007240 -2.156276 0.065692  0.099962 2.030059 0.523872
22  -2.828818 -2.465335 0.037153  0.399129 -1.344103 -0.500068
23  0.180605 -0.888662 0.010207  -0.852776 -0.445192 -1.407645
24  0.316024 -0.149481 0.077660  1.976619 -0.584116 -0.419320
25  1.239738 -0.246540 0.017971  0.222060 0.032592 -1.382962
26  3.525462 3.840312 0.008333  -0.102673 -2.504120 1.656473
27  1.257360 0.089752 0.004760  0.146182 -2.597696 1.156756
28  0.334488 -3.059364 0.009790  1.527085 -0.199266 -0.969952
29  0.709151 3.051795 0.041063  -2.857484 0.568232 0.023008
30  0.059678 -0.605283 0.016889  0.688177 -1.852417 -1.459476
31  3.232124 -2.040308 0.044231  -1.473712 0.024420 -0.074784
32  2.702206 -0.343303 0.000168  1.828219 -0.157856 1.640568
33  -2.428789 -2.944409 0.042615  -0.891945 1.904865 1.512949
34  1.541873 -0.719194 0.042950  -0.539766 0.752634 -2.376996
35  1.237588 1.185597 0.007319  -1.930050 -0.178866 -0.201020
36  0.002501 -2.947127 0.001854  1.112131 0.036284 1.628256
37  -0.441251 -2.155195 0.003744  -1.588385 -0.033307 1.602960
38  -2.045203 -1.520148 0.004259  -1.607188 0.218416 -1.004881
39  2.003318 -0.530856 0.005682  0.427599 2.418602 0.555065
40  -2.537016 -4.935462 0.000234  1.382143 0.176845 -0.217136
41  -0.008059 -1.218860 0.043163  -1.865995 -0.665234 0.166641
42  0.189521 1.946918 0.053496  -1.213333 -2.588967 0.733470
time 60
0  0.000000 0.000000 0.000000  0.000000 0.000000 0.000000
1  3.384780 -0.148813 0.241596  -1.573546 -0.001110 -1.495937
2  -0.603223 2.611494 0.817105  1.570836 -0.000037 0.945294
3  0.178916 -0.969574 0.475902  -0.073441 -1.769480 -2.336857
4  -1.878660 1.576404 0.536505  -0.000122 -2.117087 0.388576
5  -3.116926 2.370861 0.593489  1.570978 0.000234 0.748663
6  -1.520067 -0.082537 0.378409  0.000016 0.000017 -1.540339
7  0.150070 0.354210 0.053376  0.714576 -0.799771 1.933031
8  -0.492470 -2.433820 0.103110  0.663299 1.570553 -0.632511
9  -1.343850 1.687133 0.099496  1.541336 -1.570402 -1.563071
10  -2.838419 0.675207 0.074806  0.716687 2.224665 1.660712
11  -1.566020 1.589343 -0.106894  -0.358948 -3.085171 0.471320
12  -2.565110 -0.994927 0.098025  -2.244585 -1.571019 -0.186075
13  0.757313 -1.328112 0.030796  3.027874 0.421822 -0.110846
14  1.159020 -4.192636 0.095418  -2.916510 0.695396 0.697311
15  -0.412467 -1.237687 0.004488  -1.520123 -0.010830 0.372540
16  0.100668 -1.622303 0.006060  -1.520196 -0.010830 2.684154
17  -0.347207 -1.741394 0.006358  3.140718 -0.000770 0.817820
18  -1.128065 -1.580649 0.008189  -0.009384 -3.083720 -1.228139
19  0.739807 -1.423639 0.003389  0.051625 0.219473 -1.058982
20  0.332802 -0.370592 0.015167  0.001867 3.141161 -1.300906
21  -0.016775 -2.164181 0.064705  -0.208916 1.912402 -0.269251
22  -2.893312 -2.507440 0.037028  0.391741 -1.347411 -0.330261
23  0.180667 -0.888820 0.010162  -0.857262 -0.428317 -1.406020
24  0.305239 -0.135808 0.081755  1.835960 -0.766993 -0.330702
25  1.239738 -0.246540 0.017971  0.222057 0.032595 -1.382961
26  3.568881 3.954338 0.007893  -0.612353 -0.628774 -1.790563
27  1.257360 0.089753 0.004761  0.146268 -2.597662 1.156709
28  0.333063 -3.086719 0.009153  1.310988 -0.146011 -2.046175
29  0.716297 3.117443 0.044041  1.835295 0.065033 -0.762362
30  0.039637 -0.573961 0.014722  0.387688 -2.188059 -1.726740
31  3.274526 -2.023844 0.048407  -2.068970 0.864913 -0.433858
32  2.713454 -0.342918 0.000202  1.789339 -0.155297 1.855358
33  -2.475181 -2.938415 0.042988  -2.903603 0.383571 -0.244068
34  1.557881 -0.722887 0.042502  -0.947054 0.560650 -2.333050
35  1.245536 1.270094 0.004994  -1.222629 0.056306 2.208921
36  0.002503 -2.947167 0.002094  1.123405 0.040845 1.634695
37  -0.449179 -2.159865 0.003274  -1.506981 -0.031386 1.664229
38  -2.110624 -1.502055 0.001062  2.817063 0.032070 0.777744
39  2.048395 -0.525019 0.009370  -0.081047 1.854057 2.535910
40  -2.558584 -4.999882 0.000083  1.273501 0.185747 0.275378
41  0.003960 -1.238483 0.042334  -1.380503 -0.338596 -0.318639
42  0.170462 1.995453 0.059903  -1.259364 -2.403764 0.762482
time 61
0  0.000000 0.000000 0.000000  0.000000 0.000000 0.000000
1  3.404396 -0.145444 0.241545  -1.573408 -0.001189 -1.485139
2  -0.603485 2.612792 0.817128  1.570801 -0.000004 0.945491
3  0.156204 -1.009283 0.428420  -0.471690 -1.643566 -1.913331
4  -1.904081 1.576276 0.538764  0.000815 -2.149311 0.389002
5  -3.150877 2.395967 0.593590  1.570837 0.000037 0.751793
6  -1.520075 -0.082568 0.378413  0.000002 0.000001 -1.540475
7  0.150070 0.354210 0.053377  0.714578 -0.799770 1.933032
8  -0.492676 -2.434525 0.103143  0.651181 1.570770 -0.640216
9  -1.340671 1.690446 0.099646  0.190770 -1.570500 -0.211525
10  -2.838849 0.680378 0.071208  0.716638 2.296223 1.660406
11  -1.558641 1.601821 -0.109941  -0.125257 -2.920409 -0.611468
12  -2.565111 -0.994927 0.098025  -2.245615 -1.571019 -0.185382
13  0.765374 -1.332927 0.030709  3.023014 0.466630 -0.128507
14  1.172066 -4.284119 0.072316  -2.906540 -0.025364 0.410987
15  -0.412467 -1.237687 0.004488  -1.520123 -0.010830 0.372540
16  0.100668 -1.622303 0.006060  -1.520196 -0.010830 2.684154
17  -0.347207 -1.741394 0.006358  3.140718 -0.000770 0.817820
18  -1.152229 -1.595028 0.005745  -0.012376 -3.138265 -1.252574
19  0.739770 -1.423711 0.003389  0.051627 0.219481 -1.058979
20  0.331283 -0.369533 0.015232  0.001206 -3.141424 -1.248255
21  -0.024397 -2.174821 0.066491  -0.509792 1.945824 -1.036514
22  -2.953493 -2.546552 0.037084  0.401329 -1.341243 -0.192377
23  0.180810 -0.889163 0.010054  -0.866723 -0.391843 -1.402526
24  0.295471 -0.123416 0.083791  1.666263 -0.916385 -0.203662
25  1.239739 -0.246540 0.017971  0.222056 0.032595 -1.382961
26  3.609841 4.063174 0.009040  0.132191 -0.572300 -0.880379
27  1.257360 0.089753 0.004761  0.146258 -2.597647 1.156714
28  0.333113 -3.109312 0.009051  1.364506 -0.170464 -2.980261
29  0.724433 3.182547 0.039825  0.330867 -0.701311 -0.275743
30  0.022041 -0.547679 0.014075  -0.152850 -2.159821 -1.864326
31  3.316628 -2.007941 0.050997  -0.490850 2.180764 1.300153
32  2.719560 -0.342980 -0.000307  1.803184 -0.192046 2.013378
33  -2.520817 -2.932155 0.044533  -3.016522 -0.677208 0.215863
34  1.573786 -0.726679 0.042255  -1.345691 0.383441 -2.228320
35  1.252643 1.348412 0.006346  -1.103476 0.332993 -1.468435
36  0.002506 -2.947167 0.002121  1.124520 0.040774 1.634738
37  -0.452665 -2.161819 0.003402  -1.503213 -0.050805 1.680766
38  -2.170228 -1.485343 0.000463  0.007123 -3.139423 -1.171360
39  2.090861 -0.519745 0.004724  1.967030 -0.120373 1.102945
40  -2.578498 -5.059304 0.000067  1.387415 0.176564 0.722224
41  0.016400 -1.257790 0.043525  -1.100506 0.109661 -0.587054
42  0.151434 2.043905 0.049282  -1.266561 -2.393218 0.683636
time 62
0  0.000000 0.000000 0.000000  0.000000 0.000000 0.000000
1  3.419136 -0.143226 0.242113  -1.575341 -0.001433 -1.476114
2  -0.603486 2.612795 0.817130  1.570797 -0.000001 0.945491
3  0.140067 -1.039215 0.440434  -1.432817 -1.646470 -0.923159
4  -1.925592 1.573061 0.540574  0.000621 -2.184320 0.389451
5  -3.180494 2.417894 0.593578  1.570772 -0.000034 0.754281
6  -1.520075 -0.082569 0.378413  0.000001 0.000001 -1.540476
7  0.150071 0.354210 0.053377  0.714578 -0.799770 1.933032
8  -0.492674 -2.434526 0.103147  0.624565 1.570794 -0.665181
9  -1.340379 1.690742 0.099673  0.468112 -1.570581 -0.487632
10  -2.839460 0.686263 0.071036  -2.418036 0.784805 -1.469858
11  -1.550104 1.608811 -0.110752  -0.011520 -2.986811 -1.712292
12  -2.565111 -0.994927 0.098025  -2.245615 -1.571019 -0.185382
13  0.770798 -1.335343 0.031174  3.014266 0.503357 -0.151991
14  1.176652 -4.366709 0.073126  -2.910355 -0.231648 0.098753
15  -0.412467 -1.237687 0.004488  -1.520123 -0.010830 0.372540
16  0.100668 -1.622303 0.006060  -1.520196 -0.010830 2.684154
17  -0.347207 -1.741394 0.006358  3.140718 -0.000770 0.817820
18  -1.171288 -1.606454 0.005710  -0.008564 3.140942 -1.283816
19  0.739770 -1.423711 0.003390  0.051633 0.219498 -1.058977
20  0.331205 -0.369513 0.015302  -0.000648 -3.140904 -1.246220
21  -0.030554 -2.188474 0.063485  -0.452946 2.044889 -1.439896
22  -3.009363 -2.582701 0.037265  0.400460 -1.339937 -0.055002
23  0.181037 -0.889707 0.009851  -0.881387 -0.333023 -1.397694
24  0.286226 -0.111761 0.084309  1.435978 -1.039857 -0.012132
25  1.239739 -0.246540 0.017971  0.222056 0.032595 -1.382961
26  3.649518 4.168253 0.005726  0.826262 -0.219676 0.189428
27  1.257360 0.089753 0.004761  0.146256 -2.597645 1.156714
28  0.333493 -3.127152 0.008867  1.367459 -0.206103 2.450974
29  0.731871 3.247138 0.043115  -1.360302 -0.191122 0.561772
30  0.006197 -0.525951 0.012693  -0.168808 -2.049621 -2.340182
31  3.358512 -1.992429 0.045083  1.970936 0.220218 -2.348114
32  2.720500 -0.343468 0.001353  1.822670 -0.175792 2.042342
33  -2.566576 -2.925967 0.045830  -1.527064 -2.033393 -1.068625
34  1.589561 -0.729760 0.042462  -1.735178 0.230899 -2.065565
35  1.258699 1.422131 0.006054  -0.874658 -0.413528 1.378041
36  0.002506 -2.947167 0.002124  1.124622 0.040743 1.634732
37  -0.452979 -2.162059 0.004066  -1.524190 -0.005990 1.693527
38  -2.224737 -1.469903 0.000082  -0.001714 3.136256 -0.098328
39  2.127521 -0.515357 0.003327  -2.095888 0.594642 -1.855396
40  -2.596768 -5.113749 0.000136  1.284621 0.172922 1.103696
41  0.026208 -1.275753 0.044314  -0.986202 0.447091 -0.754031
42  0.132439 2.092274 0.021660  -1.350722 -2.410585 0.677664
time 63
0  0.000000 0.000000 0.000000  0.000000 0.000000 0.000000
1  3.429305 -0.142051 0.242202  -1.575511 -0.001567 -1.469030
2  -0.603486 2.612793 0.817130  1.570796 -0.000000 0.945491
3  0.125876 -1.065995 0.451371  -1.798925 -1.677562 -0.530841
4  -1.944100 1.566412 0.541714  0.000576 -2.220187 0.389500
5  -3.205824 2.436722 0.593608  1.570651 -0.000132 0.756270
6  -1.520075 -0.082569 0.378413  0.000001 0.000001 -1.540475
7  0.150071 0.354210 0.053377  0.714578 -0.799770 1.933032
8  -0.492673 -2.434526 0.103147  1.292341 1.570796 0.000000
9  -1.340381 1.690742 0.099676  0.509714 -1.570589 -0.529621
10  -2.838968 0.689857 0.070685  -2.426649 0.784701 -1.463682
11  -1.539331 1.612222 -0.110950  -3.119988 -0.081902 0.345356
12  -2.565111 -0.994927 0.098025  -2.245615 -1.571019 -0.185382
13  0.772076 -1.335461 0.031385  3.009485 0.519084 -0.170181
14  1.177777 -4.445885 0.072786  -2.957405 -0.203645 -0.217579
15  -0.412467 -1.237687 0.004488  -1.520123 -0.010830 0.372540
16  0.100668 -1.622303 0.006060  -1.520196 -0.010830 2.684154
17  -0.347207 -1.741394 0.006358  3.140718 -0.000770 0.817820
18  -1.185746 -1.615273 0.005663  0.011824 3.138865 -1.314306
19  0.739770 -1.423711 0.003390  0.051634 0.219500 -1.058977
20  0.331203 -0.369516 0.015310  -0.000845 -3.140845 -1.246227
21  -0.033547 -2.199570 0.063668  -0.382793 2.198387 -1.799894
22  -3.061057 -2.615991 0.037022  0.412845 -1.345050 0.058539
23  0.181357 -0.890478 0.009492  -0.901674 -0.247498 -1.392315
24  0.276934 -0.100025 0.083416  1.101266 -1.129899 0.284472
25  1.239739 -0.246540 0.017971  0.222056 0.032595 -1.382961
26  3.687374 4.268115 0.003179  1.011317 0.197404 1.096312
27  1.257360 0.089753 0.004761  0.146256 -2.597645 1.156714
28  0.334380 -3.140418 0.008936  1.376367 -0.190793 1.788198
29  0.738204 3.311610 0.040350  -2.757563 0.581114 0.099632
30  -0.006733 -0.508893 0.012597  2.982740 -1.094997 0.376808
31  3.398610 -1.978108 0.045284  1.540299 -0.648879 -2.348763
32  2.720510 -0.343479 0.001699  1.809544 -0.167774 2.044659
33  -2.612049 -2.920764 0.041618  1.003229 -0.163910 2.900262
34  1.605435 -0.731926 0.042558  -2.125695 0.131507 -1.860119
35  1.264219 1.491709 0.002661  -1.266931 -0.705109 -2.120020
36  0.002507 -2.947166 0.002124  1.124604 0.040700 1.634722
37  -0.452960 -2.162077 0.004200  -1.520604 -0.010315 1.693519
38  -2.274153 -1.455859 -0.000022  0.015549 -3.111021 0.938288
39  2.160339 -0.511316 -0.000187  1.182781 0.145893 -2.630514
40  -2.613377 -5.163245 0.000244  1.324372 0.167578 1.427266
41  0.034245 -1.291893 0.044443  -0.845645 0.822932 -0.867546
42  0.114236 2.133206 0.001963  1.483721 2.418154 0.366995
time 64
0  0.000000 0.000000 0.000000  0.000000 0.000000 0.000000
1  3.434837 -0.141762 0.242206  -1.575510 -0.001577 -1.464219
2  -0.603485 2.612791 0.817130  1.570796 -0.000000 0.945491
3  0.112074 -1.089441 0.457060  -1.942218 -1.681779 -0.369588
4  -1.961718 1.559164 0.542200  0.000535 -2.255316 0.389533
5  -3.226908 2.452454 0.593606  1.570882 -0.000131 0.757815
6  -1.520076 -0.082570 0.378413  0.000001 0.000001 -1.540475
7  0.150072 0.354210 0.053377  0.714578 -0.799770 1.933034
8  -0.492673 -2.434526 0.103147  1.292341 1.570796 0.000000
9  -1.340381 1.690742 0.099676  0.511859 -1.570590 -0.532954
10  -2.837779 0.689706 0.069152  -2.426524 0.811174 -1.452721
11  -1.527803 1.611859 -0.110908  -3.122709 -0.012119 -0.729106
12  -2.565111 -0.994927 0.098025  -2.245615 -1.571019 -0.185382
13  0.771491 -1.335359 0.031146  3.015249 0.500590 -0.178157
14  1.178877 -4.524177 0.057920  -3.025516 -0.133925 -0.531265
15  -0.412467 -1.237687 0.004488  -1.520123 -0.010830 0.372540
16  0.100668 -1.622303 0.006060  -1.520196 -0.010830 2.684154
17  -0.347207 -1.741394 0.006358  3.140718 -0.000770 0.817820
18  -1.195471 -1.621372 0.005574  -0.001379 -3.131446 -1.339423
19  0.739770 -1.423711 0.003390  0.051634 0.219500 -1.058977
20  0.331203 -0.369517 0.015311  -0.000869 -3.140843 -1.246233
21  -0.035395 -2.208385 0.062938  2.862173 0.748063 1.020644
22  -3.108402 -2.646297 0.037086  0.399891 -1.343394 0.187542
23  0.181781 -0.891496 0.008876  -0.928364 -0.129149 -1.387702
24  0.267138 -0.087569 0.080831  0.626157 -1.160680 0.718318
25  1.239739 -0.246540 0.017971  0.222056 0.032595 -1.382961
26  3.723378 4.362607 0.001944  1.118502 0.097246 1.965379
27  1.257359 0.089753 0.004761  0.146256 -2.597645 1.156714
28  0.335866 -3.148984 0.008928  1.395721 -0.190723 1.229438
29  0.745282 3.375083 0.043890  1.918771 0.160930 -0.771318
30  -0.016881 -0.496125 0.012569  3.017302 -1.103070 -0.041054
31  3.438643 -1.964752 0.046655  0.077689 -1.244319 -1.162768
32  2.720549 -0.343499 0.001737  1.808138 -0.166910 2.044893
33  -2.657022 -2.914680 0.042579  -2.021975 2.266865 0.206740
34  1.621340 -0.733241 0.042540  -2.521917 0.096143 -1.632775
35  1.269292 1.555176 0.002818  -1.342800 -0.513285 0.658212
36  0.002507 -2.947166 0.002124  1.124602 0.040696 1.634710
37  -0.452958 -2.162079 0.004214  -1.520219 -0.010779 1.693516
38  -2.318560 -1.443191 -0.000080  -3.139539 0.040301 -1.259021
39  2.187048 -0.508036 0.002506  3.083142 -0.461885 0.706768
40  -2.628348 -5.207860 0.000182  1.391452 0.216634 1.717234
41  0.042669 -1.307984 0.043601  -0.741042 1.218199 -0.975544
42  0.097230 2.161776 0.006727  -0.723064 1.918909 -1.797761
time 65
0  0.000000 0.000000 0.000000  0.000000 0.000000 0.000000
1  3.436023 -0.141969 0.242206  -1.575509 -0.001578 -1.462421
2  -0.603484 2.612788 0.817130  1.570796 -0.000000 0.945491
3  0.098957 -1.111571 0.450524  -2.074906 -1.673847 -0.222933
4  -1.979192 1.551976 0.542069  0.000499 -2.290171 0.389560
5  -3.243825 2.465114 0.593639  1.570769 -0.000017 0.759076
6  -1.520077 -0.082571 0.378413  0.000001 0.000001 -1.540475
7  0.150072 0.354210 0.053377  0.714578 -0.799770 1.933034
8  -0.492673 -2.434526 0.103147  1.292341 1.570796 0.000000
9  -1.340381 1.690742 0.099676  0.512757 -1.570589 -0.532263
10  -2.837827 0.689809 0.069142  -2.425050 0.806318 -1.451501
11  -1.517408 1.607655 -0.110670  -0.025305 3.082863 1.343872
12  -2.565111 -0.994927 0.098025  -2.245749 -1.571019 -0.185213
13  0.769725 -1.335373 0.030443  3.029716 0.442881 -0.176388
14  1.180565 -4.598798 0.038533  3.134239 0.002313 -0.851044
15  -0.412467 -1.237687 0.004488  -1.520123 -0.010830 0.372540
16  0.100668 -1.622303 0.006060  -1.520196 -0.010830 2.684154
17  -0.347207 -1.741394 0.006358  3.140718 -0.000770 0.817820
18  -1.200289 -1.624645 0.006349  0.005365 -3.137640 -1.349641
19  0.739751 -1.423708 0.003390  0.051636 0.219496 -1.058976
20  0.331203 -0.369517 0.015311  -0.000872 -3.140842 -1.246238
21  -0.038538 -2.217872 0.061737  3.017051 0.552353 0.732838
22  -3.151461 -2.673696 0.037150  0.395137 -1.344284 0.299653
23  0.182353 -0.892595 0.008945  -0.968478 0.006691 -1.385683
24  0.256339 -0.074093 0.078543  0.124330 -1.099986 1.172187
25  1.239739 -0.246540 0.017971  0.222056 0.032595 -1.382961
26  3.757422 4.451889 0.001678  1.122773 0.011596 2.763507
27  1.257359 0.089753 0.004761  0.146256 -2.597645 1.156714
28  0.337211 -3.153283 0.009115  1.390267 -0.191917 0.811836
29  0.753485 3.438329 0.040588  0.562223 -0.676195 -0.443529
30  -0.024137 -0.487481 0.012670  2.995380 -1.098808 -0.332686
31  3.478334 -1.950320 0.047513  -1.224252 -0.649271 -0.115464
32  2.720577 -0.343529 0.001741  1.807987 -0.166818 2.044919
33  -2.701481 -2.908106 0.043325  0.024704 2.098865 2.481004
34  1.637263 -0.733651 0.042416  -2.919047 0.131379 -1.407979
35  1.273304 1.613342 0.004163  -1.436741 -0.273009 -2.366664
36  0.002508 -2.947165 0.002124  1.124598 0.040691 1.634703
37  -0.452958 -2.162080 0.004216  -1.520174 -0.010833 1.693515
38  -2.357883 -1.431924 0.000243  3.118499 -0.016925 -0.389078
39  2.210027 -0.504747 0.001188  -1.993144 0.531561 -0.411068
40  -2.641672 -5.247545 0.000134  1.312574 0.202970 1.969749
41  0.051564 -1.324206 0.041846  -0.410844 1.644522 -0.841917
42  0.080730 2.189106 -0.001256  1.272657 0.120207 0.368428
time 66
0  0.000000 0.000000 0.000000  0.000000 0.000000 0.000000
1  3.436023 -0.141969 0.242206  -1.575509 -0.001578 -1.462422
2  -0.603483 2.612786 0.817130  1.570796 -0.000000 0.945491
3  0.088489 -1.133870 0.445460  -2.062129 -1.658242 -0.222701
4  -1.996874 1.544724 0.541315  0.000465 -2.325500 0.389578
5  -3.256561 2.474728 0.593661  1.570905 0.000035 0.759961
6  -1.520078 -0.082571 0.378413  0.000001 0.000001 -1.540474
7  0.150073 0.354210 0.053377  0.714578 -0.799770 1.933034
8  -0.492673 -2.434526 0.103147  1.292342 1.570796 0.000000
9  -1.340381 1.690742 0.099676  0.512580 -1.570589 -0.532282
10  -2.837833 0.690525 0.068837  -2.424870 0.799989 -1.450300
11  -1.509716 1.600596 -0.110477  -0.126040 3.058347 0.275799
12  -2.565111 -0.994926 0.098025  -2.245749 -1.571019 -0.185213
13  0.767196 -1.335439 0.029761  3.049542 0.351932 -0.166465
14  1.183218 -4.662993 0.038754  3.139489 -0.003253 -1.117316
15  -0.412467 -1.237687 0.004488  -1.520123 -0.010830 0.372540
16  0.100668 -1.622303 0.006060  -1.520196 -0.010830 2.684154
17  -0.347207 -1.741394 0.006358  3.140718 -0.000770 0.817820
18  -1.201093 -1.625220 0.006783  -0.002185 -3.141096 -1.350558
19  0.739740 -1.423712 0.003389  0.051619 0.219467 -1.058990
20  0.331204 -0.369518 0.015311  -0.000872 -3.140843 -1.246241
21  -0.041439 -2.228381 0.063235  -3.121441 0.362304 0.446856
22  -3.190348 -2.698302 0.036701  0.390950 -1.345743 0.403799
23  0.182631 -0.893285 0.009873  -0.983165 0.083196 -1.386296
24  0.244678 -0.060000 0.074969  -0.248942 -0.951264 1.491927
25  1.239739 -0.246540 0.017971  0.222056 0.032595 -1.382960
26  3.789576 4.536151 0.001720  1.119868 0.020390 -2.777291
27  1.257359 0.089753 0.004761  0.146256 -2.597645 1.156714
28  0.338012 -3.154637 0.009036  1.416310 -0.204771 0.639297
29  0.761751 3.500573 0.042884  -1.207609 -0.328965 0.538919
30  -0.028686 -0.482825 0.012615  3.033403 -1.103707 -0.573448
31  3.517321 -1.935511 0.042165  -1.649376 0.168883 -0.092363
32  2.720577 -0.343529 0.001741  1.807932 -0.166810 2.044908
33  -2.745574 -2.901514 0.042255  -2.868732 0.041132 -0.090750
34  1.653198 -0.733169 0.042205  2.971704 0.230354 -1.210454
35  1.276791 1.667341 0.002986  -1.375632 -0.418322 1.050104
36  0.002508 -2.947165 0.002124  1.124598 0.040691 1.634704
37  -0.452958 -2.162080 0.004216  -1.520145 -0.010842 1.693515
38  -2.392404 -1.421992 -0.000016  3.114358 0.012621 0.380323
39  2.228252 -0.502535 -0.000030  -0.092489 0.792509 0.494380
40  -2.653357 -5.282295 0.000148  1.392989 0.169830 2.190255
41  0.058316 -1.338167 0.042420  -0.587445 1.987866 -1.213059
42  0.067979 2.209974 -0.001523  1.577916 0.146071 0.306889
time 67
0  0.000000 0.000000 0.000000  0.000000 0.000000 0.000000
1  3.436023 -0.141969 0.242206  -1.575509 -0.001578 -1.462422
2  -0.603483 2.612783 0.817130  1.570796 -0.000000 0.945491
3  0.080931 -1.155819 0.442383  -1.825179 -1.646149 -0.444685
4  -2.015095 1.537222 0.539876  0.000432 -2.362046 0.389601
5  -3.265174 2.481214 0.593664  1.570880 -0.000042 0.760491
6  -1.520078 -0.082572 0.378413  0.000001 0.000001 -1.540474
7  0.150073 0.354210 0.053377  0.714578 -0.799770 1.933036
8  -0.492673 -2.434526 0.103147  1.292342 1.570796 0.000000
9  -1.340381 1.690742 0.099676  0.512580 -1.570589 -0.532282
10  -2.837827 0.690480 0.068870  -2.424873 0.800615 -1.450305
11  -1.505353 1.592080 -0.110490  -0.217843 3.128647 -0.785189
12  -2.565112 -0.994926 0.098025  -2.245749 -1.571019 -0.185213
13  0.764554 -1.335551 0.029403  3.070809 0.244148 -0.154516
14  1.186065 -4.722366 0.039001  3.140166 -0.000591 -1.367517
15  -0.412467 -1.237687 0.004488  -1.520123 -0.010830 0.372540
16  0.100668 -1.622303 0.006060  -1.520196 -0.010830 2.684154
17  -0.347207 -1.741394 0.006358  3.140718 -0.000770 0.817820
18  -1.201077 -1.625215 0.006876  -0.000129 -3.141241 -1.350557
19  0.739733 -1.423741 0.003390  0.051718 0.219473 -1.058970
20  0.331204 -0.369519 0.015311  -0.000872 -3.140844 -1.246246
21  -0.043412 -2.238662 0.066556  -3.016035 0.200407 0.153943
22  -3.224716 -2.719897 0.037119  0.392915 -1.344609 0.494943
23  0.182599 -0.893286 0.009853  -0.982766 0.081234 -1.386015
24  0.232173 -0.044483 0.068264  -0.507935 -0.727881 1.683320
25  1.239740 -0.246540 0.017971  0.222056 0.032595 -1.382960
26  3.819886 4.615527 0.001644  1.136806 0.017652 -2.062348
27  1.257359 0.089753 0.004761  0.146256 -2.597645 1.156714
28  0.338063 -3.154495 0.009316  1.390405 -0.196283 0.631812
29  0.768678 3.563346 0.040220  -2.470772 0.523323 0.281124
30  -0.030451 -0.481529 0.012793  -0.123114 -2.035345 2.492673
31  3.553600 -1.920212 0.048763  -2.222678 0.856072 -0.466791
32  2.720577 -0.343529 0.001741  1.807944 -0.166804 2.044904
33  -2.788833 -2.894404 0.045526  3.066978 -0.918146 0.484061
34  1.669115 -0.731835 0.041937  2.578470 0.376115 -1.060483
35  1.279486 1.715968 0.002998  -1.398418 -0.367344 -1.742021
36  0.002508 -2.947165 0.002124  1.124597 0.040690 1.634705
37  -0.452958 -2.162080 0.004216  -1.520141 -0.010843 1.693515
38  -2.421816 -1.413489 0.000240  3.134423 -0.054399 1.053887
39  2.240920 -0.501498 0.000865  0.692508 0.535344 0.792276
40  -2.663405 -5.312111 0.000243  1.283691 0.170560 2.395233
41  0.060727 -1.350020 0.043575  -0.643796 2.264432 -1.462309
42  0.058019 2.226334 -0.001293  1.455172 0.152308 0.249530
time 68
0  0.000000 0.000000 0.000000  0.000000 0.000000 0.000000
1  3.436023 -0.141969 0.242206  -1.575509 -0.001578 -1.462423
2  -0.603482 2.612781 0.817130  1.570796 -0.000000 0.945491
3  0.076211 -1.175178 0.439248  -1.429764 -1.646696 -0.823594
4  -2.034231 1.529360 0.537639  0.000400 -2.400535 0.389558
5  -3.269595 2.484610 0.593667  1.570855 -0.000004 0.760691
6  -1.520079 -0.082573 0.378413  0.000001 0.000001 -1.540473
7  0.150073 0.354210 0.053377  0.714578 -0.799770 1.933037
8  -0.492673 -2.434526 0.103147  1.292342 1.570796 0.000000
9  -1.340381 1.690742 0.099676  0.512580 -1.570589 -0.532282
10  -2.837825 0.690477 0.068876  -2.424908 0.800665 -1.450331
11  -1.504064 1.583186 -0.110715  2.925330 -0.101506 1.302158
12  -2.565112 -0.994926 0.098025  -2.245749 -1.571019 -0.185213
13  0.763562 -1.335269 0.030442  3.068030 0.194859 -0.149906
14  1.189119 -4.776965 0.039084  -0.002711 3.139280 1.537683
15  -0.412467 -1.237687 0.004488  -1.520123 -0.010830 0.372540
16  0.100668 -1.622303 0.006060  -1.520196 -0.010830 2.684154
17  -0.347207 -1.741394 0.006358  3.140718 -0.000770 0.817820
18  -1.201082 -1.625220 0.006889  -0.000795 -3.140855 -1.350557
19  0.739640 -1.423784 0.003390  0.051647 0.219502 -1.058983
20  0.331205 -0.369520 0.015311  -0.000872 -3.140843 -1.246249
21  -0.043337 -2.246343 0.069827  -2.968070 0.051676 -0.134422
22  -3.254896 -2.738695 0.037105  0.392210 -1.344563 0.582976
23  0.182315 -0.892576 0.008912  -0.967191 0.000961 -1.385394
24  0.218770 -0.027621 0.057000  -0.711238 -0.424833 1.790214
25  1.239740 -0.246540 0.017971  0.222056 0.032595 -1.382960
26  3.848342 4.689960 0.001691  1.082616 0.028071 -1.374175
27  1.257359 0.089753 0.004761  0.146256 -2.597645 1.156714
28  0.338060 -3.154460 0.009339  1.387264 -0.194398 0.632414
29  0.775726 3.624883 0.043544  2.138473 0.346126 -0.712496
30  -0.030392 -0.481436 0.012961  -0.142004 -2.042316 2.502843
31  3.589649 -1.905306 0.051051  -0.407169 2.162662 1.495958
32  2.720577 -0.343529 0.001741  1.807929 -0.166813 2.044917
33  -2.832458 -2.887754 0.045286  1.350031 -0.911598 2.363228
34  1.684958 -0.729607 0.041666  2.165183 0.547881 -0.977811
35  1.281980 1.759589 0.003025  -1.404748 -0.358427 1.889214
36  0.002508 -2.947165 0.002124  1.124597 0.040690 1.634724
37  -0.452958 -2.162080 0.004216  -1.520140 -0.010843 1.693515
38  -2.446356 -1.406366 0.000259  -0.009442 -3.091730 -1.484792
39  2.248955 -0.501237 0.000391  1.176277 0.025485 0.905605
40  -2.671880 -5.337115 0.000003  1.391450 0.209479 2.597383
41  0.059128 -1.363064 0.044422  2.432395 0.583771 1.436442
42  0.050726 2.238292 -0.001062  1.682960 0.158557 0.203827
time 69
0  0.000000 0.000000 0.000000  0.000000 0.000000 0.000000
1  3.436023 -0.141970 0.242206  -1.575509 -0.001578 -1.462423
2  -0.603481 2.612778 0.817130  1.570796 -0.000000 0.945491
3  0.073279 -1.190377 0.438738  -1.178711 -1.647329 -1.059555
4  -2.054632 1.520989 0.534422  0.000369 -2.441804 0.389590
5  -3.270286 2.485150 0.593676  1.570882 -0.000001 0.760715
6  -1.520080 -0.082574 0.378413  0.000001 0.000001 -1.540473
7  0.150074 0.354210 0.053377  0.714578 -0.799770 1.933036
8  -0.492673 -2.434525 0.103147  1.292341 1.570795 0.000000
9  -1.340381 1.690742 0.099676  0.512580 -1.570589 -0.532282
10  -2.837824 0.690476 0.068878  -2.424922 0.800668 -1.450341
11  -1.505387 1.574442 -0.111032  3.003900 -0.159935 0.239572
12  -2.565112 -0.994926 0.098025  -2.245516 -1.571019 -0.185411
13  0.764112 -1.335365 0.029872  3.069433 0.219961 -0.150535
14  1.192516 -4.826648 0.039022  -0.000189 -3.139314 1.311031
15  -0.412467 -1.237687 0.004488  -1.520123 -0.010830 0.372540
16  0.100668 -1.622303 0.006060  -1.520196 -0.010830 2.684154
17  -0.347207 -1.741394 0.006358  3.140718 -0.000770 0.817820
18  -1.201082 -1.625220 0.006891  -0.000862 -3.140816 -1.350564
19  0.739559 -1.423784 0.003390  0.051646 0.219503 -1.058984
20  0.331206 -0.369521 0.015311  -0.000872 -3.140844 -1.246253
21  -0.042744 -2.251577 0.071792  -2.982160 -0.023125 -0.407594
22  -3.280724 -2.754502 0.037344  0.391401 -1.343899 0.665484
23  0.181818 -0.891646 0.008772  -0.931475 -0.113969 -1.387437
24  0.205325 -0.010272 0.039617  -0.900888 -0.016878 1.823496
25  1.239740 -0.246540 0.017971  0.222056 0.032595 -1.382960
26  3.874985 4.759489 0.001717  1.127119 0.061459 -0.719197
27  1.257359 0.089753 0.004761  0.146256 -2.597645 1.156713
28  0.338060 -3.154457 0.009341  1.386927 -0.194196 0.632478
29  0.784102 3.686533 0.041688  0.932226 -0.538818 -0.671822
30  -0.031389 -0.481948 0.013171  0.008007 -2.016175 2.389642
31  3.625641 -1.890556 0.046878  2.000121 0.409598 -2.221848
32  2.720576 -0.343529 0.001741  1.807934 -0.166809 2.044909
33  -2.875616 -2.881915 0.041354  0.994851 0.047106 2.909909
34  1.700692 -0.726507 0.041444  1.698335 0.714617 -0.987168
35  1.283610 1.798393 0.002843  -1.380551 -0.380268 -0.557035
36  0.002508 -2.947165 0.002124  1.124598 0.040691 1.634723
37  -0.452958 -2.162080 0.004216  -1.520140 -0.010843 1.693515
38  -2.465969 -1.400627 0.000281  -0.007762 -3.105666 -0.998576
39  2.251751 -0.501624 0.001355  1.074517 0.137137 0.682468
40  -2.678773 -5.357118 0.000067  1.340317 0.161827 2.738754
41  0.055279 -1.377141 0.044910  2.410302 0.260569 1.235574
42  0.046035 2.246025 -0.001397  1.582350 0.148490 0.168061
time 70
0  0.000000 0.000000 0.000000  0.000000 0.000000 0.000000
1  3.436023 -0.141970 0.242206  -1.575508 -0.001578 -1.462424
2  -0.603481 2.612776 0.817130  1.570796 -0.000000 0.945491
3  0.070449 -1.205789 0.438303  -0.941118 -1.647259 -1.283946
4  -2.076654 1.511992 0.529956  0.000337 -2.486794 0.389602
5  -3.270287 2.485148 0.593677  1.570885 -0.000001 0.760714
6  -1.520081 -0.082574 0.378413  0.000001 0.000001 -1.540473
7  0.150074 0.354210 0.053377  0.714578 -0.799770 1.933038
8  -0.492673 -2.434525 0.103147  1.292342 1.570796 0.000000
9  -1.340381 1.690742 0.099676  0.512580 -1.570589 -0.532282
10  -2.837824 0.690476 0.068878  -2.424924 0.800668 -1.450342
11  -1.509184 1.566209 -0.111256  3.073568 -0.151514 -0.820934
12  -2.565112 -0.994926 0.098025  -2.245516 -1.571019 -0.185411
13  0.766219 -1.335542 0.029188  3.064044 0.295856 -0.153713
14  1.195680 -4.871210 0.039121  -0.004034 3.139254 1.091736
15  -0.412467 -1.237687 0.004488  -1.520123 -0.010830 0.372540
16  0.100668 -1.622303 0.006060  -1.520196 -0.010830 2.684154
17  -0.347207 -1.741394 0.006358  3.140718 -0.000770 0.817820
18  -1.201082 -1.625219 0.006888  -0.000598 -3.140912 -1.350611
19  0.739505 -1.423761 0.003389  0.051626 0.219476 -1.058993
20  0.331206 -0.369521 0.015311  -0.000871 -3.140842 -1.246262
21  -0.042072 -2.258763 0.065076  -3.098536 0.001160 -0.639257
22  -3.302262 -2.767404 0.037601  0.406883 -1.344379 0.726256
23  0.181488 -0.890861 0.009291  -0.911103 -0.206261 -1.390804
24  0.193344 0.004950 0.023642  -1.198849 0.533790 1.733400
25  1.239740 -0.246540 0.017971  0.222056 0.032595 -1.382960
26  3.899775 4.824109 0.001799  1.114640 0.044794 -0.094271
27  1.257359 0.089753 0.004761  0.146256 -2.597645 1.156713
28  0.338060 -3.154457 0.009341  1.386889 -0.194173 0.632481
29  0.792891 3.746858 0.042389  -0.885237 -0.544188 0.406251
30  -0.032013 -0.482262 0.013251  0.112959 -2.004500 2.293889
31  3.660638 -1.876498 0.044155  1.604854 -0.341738 -2.317067
32  2.720576 -0.343529 0.001741  1.807937 -0.166807 2.044910
33  -2.918369 -2.874952 0.042625  -1.974707 2.116125 0.243891
34  1.716301 -0.722606 0.041450  1.144710 0.832520 -1.110308
35  1.284805 1.832356 0.002860  -1.374226 -0.424782 -2.889868
36  0.002508 -2.947164 0.002124  1.124598 0.040690 1.634716
37  -0.452958 -2.162080 0.004216  -1.520140 -0.010843 1.693515
38  -2.480661 -1.396260 0.000292  -0.004278 -3.116642 -0.628247
39  2.251900 -0.501575 0.001738  1.063046 0.145953 0.682308
40  -2.684124 -5.372222 0.000105  1.270226 0.166441 2.865068
41  0.051474 -1.387927 0.044951  2.429542 0.008655 1.043303
42  0.044064 2.249222 -0.001150  1.590433 0.128349 0.156129
time 71
0  0.000000 0.000000 0.000000  0.000000 0.000000 0.000000
1  3.436023 -0.141970 0.242206  -1.575509 -0.001578 -1.462423
2  -0.603480 2.612773 0.817130  1.570796 -0.000000 0.945491
3  0.067841 -1.220260 0.436454  -0.669921 -1.657175 -1.542838
4  -2.100640 1.502119 0.523891  0.000304 -2.536344 0.389611
5  -3.270289 2.485148 0.593677  1.570886 -0.000001 0.760713
6  -1.520082 -0.082575 0.378413  0.000001 0.000001 -1.540472
7  0.150074 0.354210 0.053377  0.714578 -0.799770 1.933040
8  -0.492673 -2.434525 0.103147  1.292342 1.570796 0.000000
9  -1.340381 1.690742 0.099676  0.512580 -1.570589 -0.532282
10  -2.837824 0.690476 0.068878  -2.424924 0.800668 -1.450342
11  -1.515489 1.559084 -0.111258  -0.020015 -3.019161 1.269640
12  -2.565112 -0.994926 0.098025  -2.245111 -1.571019 -0.185595
13  0.768510 -1.335497 0.029395  3.053067 0.354575 -0.151947
14  1.198499 -4.911064 0.039092  -0.000804 -3.138724 0.887160
15  -0.412467 -1.237687 0.004488  -1.520123 -0.010830 0.372540
16  0.100668 -1.622303 0.006060  -1.520196 -0.010830 2.684154
17  -0.347207 -1.741394 0.006358  3.140718 -0.000770 0.817820
18  -1.201084 -1.625220 0.006891  -0.000841 -3.140822 -1.350612
19  0.739499 -1.423769 0.003390  0.051633 0.219497 -1.058991
20  0.331207 -0.369522 0.015311  -0.000871 -3.140842 -1.246261
21  -0.037419 -2.263498 0.060792  2.990021 0.031680 -0.851133
22  -3.319579 -2.777502 0.037615  0.391699 -1.345181 0.812356
23  0.181279 -0.890365 0.009558  -0.898291 -0.262064 -1.393816
24  0.183222 0.017451 0.018623  -2.004618 1.070196 1.117878
25  1.239740 -0.246540 0.017971  0.222056 0.032595 -1.382960
26  3.922746 4.883901 0.001677  1.122258 0.068448 0.501958
27  1.257359 0.089753 0.004761  0.146256 -2.597645 1.156713
28  0.338059 -3.154457 0.009341  1.386885 -0.194171 0.632474
29  0.800316 3.807998 0.041499  -2.072440 0.330448 0.480465
30  -0.031663 -0.482043 0.013189  0.027147 -2.013705 2.369389
31  3.695296 -1.863998 0.044916  0.951182 -1.030644 -1.965999
32  2.720575 -0.343530 0.001741  1.807933 -0.166798 2.044917
33  -2.960515 -2.867624 0.043405  -2.979444 0.981529 -0.526565
34  1.731994 -0.718741 0.042466  0.568382 0.870558 -1.282657
35  1.285687 1.861400 0.003017  -1.401634 -0.395460 1.315499
36  0.002509 -2.947164 0.002124  1.124598 0.040691 1.634706
37  -0.452958 -2.162080 0.004216  -1.520140 -0.010843 1.693515
38  -2.490498 -1.393290 0.000166  0.000188 -3.139976 -0.389876
39  2.251867 -0.501693 0.001719  1.109727 0.096600 0.687649
40  -2.687942 -5.382475 -0.000003  1.212180 0.167737 2.954897
41  0.047085 -1.398319 0.044695  2.488927 -0.236281 0.842846
42  0.044004 2.249238 0.000112  1.610151 0.165764 0.159309
time 72
0  0.000000 0.000000 0.000000  0.000000 0.000000 0.000000
1  3.436023 -0.141969 0.242206  -1.575509 -0.001578 -1.462423
2  -0.603480 2.612771 0.817130  1.570796 -0.000000 0.945491
3  0.064927 -1.232479 0.436081  -0.578165 -1.658680 -1.620461
4  -2.126977 1.491310 0.515747  0.000270 -2.591474 0.389535
5  -3.270292 2.485148 0.593677  1.570886 -0.000001 0.760712
6  -1.520082 -0.082576 0.378413  0.000000 0.000001 -1.540472
7  0.150075 0.354210 0.053377  0.714578 -0.799770 1.933039
8  -0.492673 -2.434525 0.103147  1.292342 1.570796 0.000000
9  -1.340381 1.690742 0.099676  0.512580 -1.570589 -0.532282
10  -2.837824 0.690475 0.068878  -2.424924 0.800668 -1.450342
11  -1.523878 1.554230 -0.111056  0.017671 -3.071923 0.228774
12  -2.565113 -0.994926 0.098025  -2.245245 -1.571019 -0.185426
13  0.769657 -1.336001 0.029692  3.046321 0.378833 -0.148382
14  1.200769 -4.946248 0.039219  -0.001379 3.141102 0.703407
15  -0.412467 -1.237687 0.004488  -1.520123 -0.010830 0.372540
16  0.100668 -1.622303 0.006060  -1.520196 -0.010830 2.684154
17  -0.347207 -1.741394 0.006358  3.140718 -0.000770 0.817820
18  -1.201090 -1.625227 0.006888  -0.001310 -3.140547 -1.350698
19  0.739498 -1.423769 0.003390  0.051634 0.219500 -1.058991
20  0.331207 -0.369522 0.015311  -0.000872 -3.140844 -1.246261
21  -0.029360 -2.264469 0.056239  2.784949 0.029563 -1.063508
22  -3.332502 -2.784754 0.037890  0.404750 -1.340193 0.865230
23  0.181189 -0.890152 0.009660  -0.892779 -0.285548 -1.395313
24  0.172992 0.029297 0.024990  2.892412 0.893678 -0.092301
25  1.239740 -0.246540 0.017971  0.222056 0.032595 -1.382960
26  3.943888 4.938855 0.001434  1.169197 0.053185 1.053657
27  1.257358 0.089754 0.004761  0.146256 -2.597645 1.156713
28  0.338059 -3.154458 0.009341  1.386883 -0.194170 0.632469
29  0.807224 3.867878 0.042614  2.563688 0.560239 -0.490970
30  -0.030299 -0.481257 0.012979  2.990002 -1.097471 -0.610093
31  3.729810 -1.851161 0.047915  -0.754874 -1.054810 -0.502066
32  2.720575 -0.343530 0.001741  1.807941 -0.166804 2.044911
33  -3.002341 -2.860300 0.042182  -2.859143 0.012246 -0.066978
34  1.747407 -0.715125 0.042956  0.010212 0.853388 -1.446925
35  1.285784 1.885833 0.002867  -1.388460 -0.396347 -0.554412
36  0.002509 -2.947164 0.002124  1.124598 0.040691 1.634700
37  -0.452958 -2.162080 0.004216  -1.520140 -0.010843 1.693515
38  -2.495386 -1.391721 0.000280  0.007370 -3.120450 -0.239743
39  2.251869 -0.501689 0.001726  1.108709 0.098317 0.687548
40  -2.690169 -5.387803 0.000078  1.307826 0.192104 3.016322
41  0.042478 -1.407357 0.044220  2.583841 -0.448465 0.617715
42  0.044003 2.249245 0.000269  1.589463 0.164447 0.155880
time 73
0  0.000000 0.000000 0.000000  0.000000 0.000000 0.000000
1  3.436023 -0.141968 0.242206  -1.575509 -0.001578 -1.462422
2  -0.603479 2.612768 0.817130  1.570796 -0.000000 0.945490
3  0.059892 -1.243823 0.435632  -0.554511 -1.660607 -1.628537
4  -2.155931 1.479366 0.504873  0.000235 -2.653424 0.389687
5  -3.270294 2.485148 0.593677  1.570886 -0.000001 0.760711
6  -1.520083 -0.082577 0.378413  0.000001 0.000001 -1.540472
7  0.150075 0.354210 0.053377  0.714578 -0.799770 1.933040
8  -0.492673 -2.434525 0.103147  1.292342 1.570796 0.000000
9  -1.340381 1.690742 0.099676  0.512580 -1.570589 -0.532282
10  -2.837824 0.690475 0.068878  -2.424924 0.800668 -1.450342
11  -1.533216 1.552664 -0.110812  0.011603 3.128194 -0.800141
12  -2.565113 -0.994926 0.098025  -2.245245 -1.571019 -0.185426
13  0.769444 -1.336153 0.029544  3.050095 0.366327 -0.140625
14  1.202748 -4.976783 0.039075  -0.003185 3.140850 0.542296
15  -0.412467 -1.237687 0.004488  -1.520123 -0.010830 0.372540
16  0.100668 -1.622303 0.006060  -1.520196 -0.010830 2.684154
17  -0.347207 -1.741394 0.006358  3.140718 -0.000770 0.817820
18  -1.201087 -1.625225 0.006891  -0.000911 -3.140786 -1.350700
19  0.739498 -1.423769 0.003390  0.051634 0.219500 -1.058991
20  0.331207 -0.369523 0.015311  -0.000872 -3.140844 -1.246264
21  -0.017518 -2.262975 0.050226  2.554650 -0.009881 -1.270428
22  -3.341203 -2.789340 0.037834  0.389560 -1.341988 0.938613
23  0.181214 -0.890212 0.009631  -0.894427 -0.278558 -1.394812
24  0.160748 0.043603 0.036646  2.436479 0.376917 -0.372578
25  1.239740 -0.246540 0.017971  0.222056 0.032596 -1.382960
26  3.963114 4.988786 0.001784  1.087394 0.074419 1.528305
27  1.257358 0.089754 0.004761  0.146256 -2.597645 1.156713
28  0.338059 -3.154458 0.009341  1.386883 -0.194170 0.632462
29  0.815472 3.927929 0.042828  1.349672 -0.248880 -0.825907
30  -0.030271 -0.481262 0.012986  2.995627 -1.098154 -0.613552
31  3.763905 -1.837433 0.046167  -1.420098 -0.438879 -0.108282
32  2.720575 -0.343530 0.001741  1.807934 -0.166805 2.044916
33  -3.043421 -2.852477 0.045464  3.053030 -0.890254 0.487511
34  1.762724 -0.711727 0.042924  -0.510763 0.797472 -1.571752
35  1.285612 1.905608 0.002854  -1.351900 -0.494671 -2.275676
36  0.002509 -2.947164 0.002124  1.124598 0.040691 1.634691
37  -0.452958 -2.162080 0.004216  -1.520140 -0.010843 1.693515
38  -2.495872 -1.391492 0.001002  -0.009956 -3.095888 -0.201596
39  2.251869 -0.501689 0.001727  1.108600 0.098501 0.687537
40  -2.690639 -5.388744 0.001063  1.352331 0.192554 3.015132
41  0.039199 -1.414915 0.043702  2.731802 -0.592615 0.346791
42  0.044002 2.249246 0.000286  1.587244 0.164302 0.155508
time 74
0  0.000000 0.000000 0.000000  0.000000 0.000000 0.000000
1  3.436024 -0.141968 0.242206  -1.575509 -0.001578 -1.462421
2  -0.603478 2.612766 0.817130  1.570796 -0.000000 0.945490
3  0.054106 -1.255043 0.435600  -0.527949 -1.659992 -1.640730
4  -2.187779 1.466232 0.490442  0.000198 -2.723427 0.389806
5  -3.270297 2.485148 0.593677  1.570886 -0.000001 0.760710
6  -1.520084 -0.082578 0.378413  0.000001 0.000001 -1.540472
7  0.150076 0.354210 0.053377  0.714578 -0.799770 1.933041
8  -0.492673 -2.434525 0.103147  1.292342 1.570796 0.000000
9  -1.340381 1.690742 0.099676  0.512580 -1.570589 -0.532282
10  -2.837824 0.690475 0.068878  -2.424924 0.800668 -1.450342
11  -1.541945 1.554621 -0.110736  3.076738 0.071149 1.315595
12  -2.565113 -0.994925 0.098025  -2.245245 -1.571019 -0.185426
13  0.768186 -1.336431 0.028997  3.063824 0.319294 -0.128994
14  1.204688 -5.002363 0.039077  0.000019 -3.138889 0.405418
15  -0.412467 -1.237687 0.004488  -1.520123 -0.010830 0.372540
16  0.100668 -1.622303 0.006060  -1.520196 -0.010830 2.684154
17  -0.347207 -1.741394 0.006358  3.140718 -0.000770 0.817820
18  -1.201087 -1.625224 0.006891  -0.000868 -3.140811 -1.350700
19  0.739498 -1.423769 0.003390  0.051634 0.219500 -1.058991
20  0.331208 -0.369523 0.015311  -0.000871 -3.140842 -1.246269
21  -0.003604 -2.261566 0.041751  2.263385 -0.100581 -1.457319
22  -3.345556 -2.791309 0.037981  0.383172 -1.344153 0.986565
23  0.181266 -0.890436 0.009532  -0.899522 -0.256715 -1.391388
24  0.147846 0.056169 0.055251  2.284152 0.017050 -0.415232
25  1.239740 -0.246540 0.017971  0.222056 0.032595 -1.382960
26  3.980525 5.034019 0.001599  1.120182 0.013467 2.000956
27  1.257358 0.089754 0.004761  0.146256 -2.597645 1.156713
28  0.338059 -3.154458 0.009341  1.386883 -0.194170 0.632456
29  0.824616 3.986687 0.041252  -0.279461 -0.729820 0.036836
30  -0.030276 -0.481258 0.012987  2.995284 -1.098572 -0.613249
31  3.797180 -1.823120 0.041715  -1.840915 0.260285 -0.149571
32  2.720575 -0.343530 0.001741  1.807930 -0.166807 2.044933
33  -3.084818 -2.845049 0.045456  1.443024 -0.935832 2.230128
34  1.778120 -0.708525 0.042521  -0.999275 0.714685 -1.650958
35  1.285766 1.920845 0.002208  -1.123829 -0.775240 2.394868
36  0.002510 -2.947163 0.002124  1.124598 0.040691 1.634695
37  -0.452958 -2.162080 0.004216  -1.520140 -0.010843 1.693515
38  -2.495921 -1.391466 0.001222  -0.001826 -3.136061 -0.201986
39  2.251869 -0.501689 0.001727  1.108588 0.098521 0.687535
40  -2.690631 -5.388758 0.001389  1.343958 0.185548 3.013628
41  0.036291 -1.420774 0.043211  2.896652 -0.681367 0.050481
42  0.044002 2.249246 0.000288  1.587006 0.164286 0.155470
time 75
0  0.000000 0.000000 0.000000  0.000000 0.000000 0.000000
1  3.436025 -0.141967 0.242206  -1.575509 -0.001578 -1.462420
2  -0.603477 2.612763 0.817130  1.570796 -0.000000 0.945490
3  0.048199 -1.265762 0.435727  -0.497741 -1.658072 -1.658265
4  -2.222691 1.451854 0.471415  0.000158 -2.802796 0.389863
5  -3.270299 2.485148 0.593677  1.570886 -0.000001 0.760709
6  -1.520085 -0.082578 0.378413  0.000000 0.000001 -1.540472
7  0.150076 0.354210 0.053377  0.714578 -0.799770 1.933041
8  -0.492673 -2.434525 0.103147  1.292342 1.570796 0.000000
9  -1.340381 1.690742 0.099676  0.512580 -1.570589 -0.532282
10  -2.837823 0.690475 0.068878  -2.424924 0.800668 -1.450343
11  -1.548776 1.559438 -0.110894  2.983082 0.047407 0.290537
12  -2.565113 -0.994925 0.098025  -2.245245 -1.571019 -0.185426
13  0.766295 -1.336629 0.028598  3.078703 0.243524 -0.117150
14  1.206478 -5.023110 0.039193  -0.001010 3.141509 0.291624
15  -0.412467 -1.237687 0.004488  -1.520123 -0.010830 0.372540
16  0.100668 -1.622303 0.006060  -1.520196 -0.010830 2.684154
17  -0.347207 -1.741394 0.006358  3.140718 -0.000770 0.817820
18  -1.201087 -1.625224 0.006891  -0.000863 -3.140814 -1.350699
19  0.739462 -1.423770 0.003388  0.051604 0.219445 -1.058847
20  0.331209 -0.369524 0.015311  -0.000872 -3.140844 -1.246276
21  0.011548 -2.256029 0.042721  2.075194 -0.234291 -1.590506
22  -3.346486 -2.791593 0.038114  0.398311 -1.340175 0.985989
23  0.181233 -0.890469 0.009541  -0.899100 -0.258471 -1.389361
24  0.135939 0.069340 0.066121  2.160135 -0.236801 -0.427810
25  1.239740 -0.246540 0.017971  0.222056 0.032595 -1.382960
26  3.995993 5.074313 0.001814  1.101958 0.063781 2.406303
27  1.257358 0.089754 0.004761  0.146256 -2.597645 1.156713
28  0.338058 -3.154458 0.009341  1.386878 -0.194169 0.632452
29  0.832524 4.045988 0.042536  -1.636168 -0.015848 0.573698
30  -0.030276 -0.481259 0.012987  2.995253 -1.098589 -0.613222
31  3.828100 -1.808410 0.048842  -2.408876 0.790645 -0.514576
32  2.720574 -0.343530 0.001741  1.807935 -0.166807 2.044939
33  -3.125858 -2.838493 0.041018  1.006576 -0.049333 2.813258
34  1.793029 -0.705296 0.043010  -1.445752 0.593417 -1.671810
35  1.285136 1.932373 0.002025  -1.279338 -0.751035 1.498199
36  0.002510 -2.947163 0.002124  1.124598 0.040690 1.634702
37  -0.452958 -2.162080 0.004216  -1.520140 -0.010843 1.693515
38  -2.495927 -1.391464 0.001245  -0.000924 -3.140402 -0.201970
39  2.251869 -0.501689 0.001727  1.108587 0.098525 0.687543
40  -2.690630 -5.388760 0.001425  1.343062 0.184795 3.013464
41  0.033425 -1.425694 0.042741  3.075028 -0.729150 -0.264193
42  0.044002 2.249246 0.000288  1.586981 0.164284 0.155465
time 76
0  0.000000 0.000000 0.000000  0.000000 0.000000 0.000000
1  3.436026 -0.141966 0.242206  -1.575509 -0.001578 -1.462420
2  -0.603477 2.612761 0.817130  1.570796 -0.000000 0.945490
3  0.042154 -1.275607 0.435899  -0.458455 -1.657428 -1.686264
4  -2.260505 1.436289 0.446398  0.000117 -2.893348 0.389902
5  -3.270302 2.485147 0.593677  1.570886 -0.000001 0.760709
6  -1.520086 -0.082579 0.378413  0.000001 0.000001 -1.540472
7  0.150077 0.354210 0.053377  0.714578 -0.799770 1.933041
8  -0.492673 -2.434525 0.103147  1.292342 1.570796 0.000000
9  -1.340381 1.690742 0.099676  0.512580 -1.570589 -0.532282
10  -2.837823 0.690474 0.068878  -2.424924 0.800668 -1.450343
11  -1.553170 1.565982 -0.111178  2.946270 -0.029226 -0.728403
12  -2.565113 -0.994925 0.098025  -2.245552 -1.571019 -0.185271
13  0.766048 -1.336449 0.029091  3.075430 0.229377 -0.114987
14  1.208296 -5.039145 0.039375  -0.000679 -3.140347 0.199450
15  -0.412467 -1.237687 0.004488  -1.520123 -0.010830 0.372540
16  0.100668 -1.622303 0.006060  -1.520196 -0.010830 2.684154
17  -0.347207 -1.741394 0.006358  3.140718 -0.000770 0.817820
18  -1.201087 -1.625224 0.006891  -0.000863 -3.140815 -1.350699
19  0.739415 -1.423813 0.003390  0.051622 0.219475 -1.058706
20  0.331209 -0.369525 0.015311  -0.000872 -3.140844 -1.246283
21  0.023784 -2.247767 0.044639  2.083449 -0.271746 -1.688585
22  -3.346514 -2.791612 0.038147  0.396971 -1.340918 0.987295
23  0.181165 -0.890365 0.009604  -0.895782 -0.272708 -1.389691
24  0.125297 0.080236 0.072697  2.072487 -0.419363 -0.412360
25  1.239741 -0.246540 0.017971  0.222056 0.032595 -1.382960
26  4.009610 5.109918 0.001562  1.149427 0.086263 2.798239
27  1.257358 0.089754 0.004761  0.146256 -2.597645 1.156713
28  0.338058 -3.154459 0.009341  1.386882 -0.194169 0.632452
29  0.839385 4.104639 0.040721  -3.006752 0.633834 -0.027246
30  -0.030277 -0.481259 0.012987  2.995244 -1.098584 -0.613229
31  3.858534 -1.793751 0.050895  -0.300146 2.218830 1.756418
32  2.720574 -0.343531 0.001741  1.807936 -0.166807 2.044949
33  -3.166437 -2.830812 0.042808  -2.109984 2.247605 0.031361
34  1.807619 -0.701451 0.043253  -1.842499 0.466345 -1.623908
35  1.284324 1.939364 0.002667  -1.265743 -0.700993 0.806774
36  0.002510 -2.947163 0.002124  1.124598 0.040691 1.634707
37  -0.452958 -2.162080 0.004216  -1.520140 -0.010843 1.693515
38  -2.495927 -1.391464 0.001248  -0.000877 -3.140809 -0.201970
39  2.251869 -0.501689 0.001727  1.108587 0.098528 0.687537
40  -2.690629 -5.388760 0.001428  1.342966 0.184715 3.013446
41  0.030424 -1.430610 0.042614  -3.023213 -0.743808 -0.586746
42  0.044002 2.249246 0.000288  1.586978 0.164284 0.155464
time 77
0  0.000000 0.000000 0.000000  0.000000 0.000000 0.000000
1  3.436028 -0.141966 0.242206  -1.575509 -0.001578 -1.462420
2  -0.603476 2.612758 0.817130  1.570796 -0.000000 0.945490
3  0.036770 -1.284236 0.436132  -0.424866 -1.657878 -1.709460
4  -2.300833 1.419688 0.413770  0.000071 -2.996753 0.389933
5  -3.270304 2.485147 0.593677  1.570886 -0.000001 0.760708
6  -1.520086 -0.082580 0.378413  0.000001 0.000001 -1.540471
7  0.150078 0.354210 0.053377  0.714578 -0.799770 1.933044
8  -0.492673 -2.434525 0.103147  1.292342 1.570796 0.000000
9  -1.340381 1.690742 0.099676  0.512580 -1.570589 -0.532282
10  -2.837823 0.690474 0.068878  -2.424924 0.800668 -1.450343
11  -1.555300 1.573289 -0.111421  -0.174021 -3.049552 1.394596
12  -2.565113 -0.994925 0.098025  -2.245319 -1.571019 -0.185469
13  0.767241 -1.336596 0.028529  3.075258 0.276517 -0.116563
14  1.210227 -5.050686 0.039504  -0.001261 -3.139652 0.127036
15  -0.412467 -1.237687 0.004488  -1.520123 -0.010830 0.372540
16  0.100668 -1.622303 0.006060  -1.520196 -0.010830 2.684154
17  -0.347207 -1.741394 0.006358  3.140718 -0.000770 0.817820
18  -1.201087 -1.625224 0.006891  -0.000863 -3.140815 -1.350699
19  0.739363 -1.423847 0.003389  0.051629 0.219478 -1.058655
20  0.331210 -0.369525 0.015311  -0.000871 -3.140842 -1.246280
21  0.033321 -2.240125 0.038427  2.137725 -0.210889 -1.766356
22  -3.346517 -2.791614 0.038151  0.396826 -1.340998 0.987436
23  0.181049 -0.890199 0.009703  -0.890324 -0.295836 -1.391357
24  0.117472 0.088918 0.076787  1.996574 -0.551944 -0.387737
25  1.239741 -0.246540 0.017971  0.222056 0.032595 -1.382960
26  4.021287 5.140596 0.001726  1.139846 0.051706 -3.098862
27  1.257358 0.089754 0.004761  0.146256 -2.597645 1.156713
28  0.338058 -3.154459 0.009341  1.386868 -0.194170 0.632475
29  0.847169 4.162863 0.043448  1.816924 0.156221 -0.806682
30  -0.030277 -0.481259 0.012987  2.995240 -1.098583 -0.613262
31  3.888868 -1.779003 0.048086  2.079655 0.536906 -1.977090
32  2.720574 -0.343531 0.001741  1.807937 -0.166807 2.044958
33  -3.206504 -2.822773 0.043248  0.040438 1.956637 2.418537
34  1.821929 -0.696960 0.043270  -2.216756 0.353258 -1.527078
35  1.284407 1.942580 0.002507  -1.243034 -0.744295 0.358569
36  0.002510 -2.947163 0.002124  1.124601 0.040695 1.634707
37  -0.452958 -2.162080 0.004216  -1.520140 -0.010843 1.693515
38  -2.495927 -1.391464 0.001248  -0.000863 -3.140870 -0.201970
39  2.251869 -0.501689 0.001727  1.108588 0.098522 0.687540
40  -2.690629 -5.388760 0.001429  1.342955 0.184706 3.013445
41  0.027767 -1.435439 0.042761  -2.865746 -0.720950 -0.888854
42  0.044002 2.249246 0.000288  1.586978 0.164284 0.155464
time 78
0  0.000000 0.000000 0.000000  0.000000 0.000000 0.000000
1  3.436029 -0.141966 0.242206  -1.575508 -0.001578 -1.462420
2  -0.603475 2.612756 0.817130  1.570796 -0.000000 0.945490
3  0.032099 -1.291803 0.436173  -0.400920 -1.658973 -1.723833
4  -2.343100 1.402313 0.371851  0.000022 -3.114300 0.389981
5  -3.270307 2.485147 0.593677  1.570886 -0.000001 0.760707
6  -1.520087 -0.082581 0.378413  0.000000 0.000001 -1.540471
7  0.149332 0.355845 0.053377  0.714578 -0.799770 1.925260
8  -0.492673 -2.434525 0.103147  1.292342 1.570796 0.000000
9  -1.340381 1.690742 0.099676  0.512580 -1.570589 -0.532282
10  -2.837823 0.690474 0.068878  -2.424924 0.800668 -1.450343
11  -1.555488 1.580802 -0.111513  -0.137566 -3.018264 0.376316
12  -2.565114 -0.994925 0.098025  -2.245319 -1.571019 -0.185469
13  0.767909 -1.336543 0.028751  3.070609 0.298478 -0.116715
14  1.212206 -5.057808 0.039491  -0.000166 -3.140767 0.076103
15  -0.412467 -1.237687 0.004488  -1.520123 -0.010830 0.372540
16  0.100668 -1.622303 0.006060  -1.520196 -0.010830 2.684154
17  -0.347207 -1.741394 0.006358  3.140718 -0.000770 0.817820
18  -1.201087 -1.625224 0.006891  -0.000863 -3.140815 -1.350699
19  0.739364 -1.423848 0.003390  0.051630 0.219493 -1.058654
20  0.331210 -0.369526 0.015311  -0.000871 -3.140842 -1.246290
21  0.036892 -2.237243 0.039209  2.189974 -0.182614 -1.844192
22  -3.353466 -2.786801 0.037674  0.396422 -1.343105 1.125309
23  0.180889 -0.889922 0.009840  -0.882030 -0.330322 -1.394049
24  0.112411 0.093452 0.078745  1.947998 -0.625818 -0.393720
25  1.239741 -0.246540 0.017971  0.222056 0.032596 -1.382960
26  4.031164 5.166446 0.001903  1.125248 0.044624 -2.755650
27  1.257358 0.089754 0.004761  0.146256 -2.597645 1.156713
28  0.338058 -3.154460 0.009341  1.386886 -0.194171 0.632487
29  0.856084 4.220645 0.040480  0.591612 -0.636065 -0.526365
30  -0.030277 -0.481259 0.012987  2.995243 -1.098584 -0.613294
31  3.918966 -1.764330 0.042161  1.655282 -0.077055 -2.148664
32  2.720574 -0.343531 0.001741  1.807943 -0.166803 2.044960
33  -3.236835 -2.822189 0.044422  -2.675935 0.343138 -0.163793
34  1.836023 -0.691795 0.043060  -2.586862 0.266870 -1.396355
35  1.284526 1.942916 0.002761  -1.217191 -0.768050 0.282216
36  0.002510 -2.947163 0.002124  1.124597 0.040690 1.634705
37  -0.452958 -2.162080 0.004216  -1.520140 -0.010843 1.693515
38  -2.495927 -1.391464 0.001248  -0.000861 -3.140877 -0.201970
39  2.251869 -0.501688 0.001727  1.108585 0.098528 0.687523
40  -2.690629 -5.388760 0.001429  1.342954 0.184705 3.013447
41  0.025440 -1.439867 0.042818  -2.743981 -0.667469 -1.162916
42  0.044002 2.249246 0.000288  1.586978 0.164284 0.155464
time 79
0  0.000000 0.000000 0.000000  0.000000 0.000000 0.000000
1  3.436029 -0.141966 0.242206  -1.575508 -0.001578 -1.462420
2  -0.603475 2.612753 0.817130  1.570796 -0.000000 0.945490
3  0.028017 -1.298415 0.436023  -0.386114 -1.660936 -1.729840
4  -2.377521 1.389650 0.371887  -0.018892 3.082649 0.383275
5  -3.270309 2.485147 0.593677  1.570886 -0.000001 0.760706
6  -1.520087 -0.082582 0.378413  0.000001 0.000001 -1.540471
7  0.148927 0.356259 0.053377  0.714578 -0.799770 1.920713
8  -0.492673 -2.434525 0.103147  1.292342 1.570796 0.000000
9  -1.340381 1.690742 0.099676  0.512580 -1.570589 -0.532282
10  -2.837823 0.690474 0.068878  -2.424924 0.800668 -1.450343
11  -1.553756 1.588147 -0.111413  -0.094567 -2.997719 -0.638716
12  -2.565114 -0.994925 0.098025  -2.245319 -1.571019 -0.185469
13  0.767636 -1.336592 0.028645  3.073319 0.288392 -0.114838
14  1.213677 -5.060909 0.039565  -0.000959 -3.140151 0.049870
15  -0.412467 -1.237687 0.004488  -1.520123 -0.010830 0.372540
16  0.100668 -1.622303 0.006060  -1.520196 -0.010830 2.684154
17  -0.347207 -1.741394 0.006358  3.140718 -0.000770 0.817820
18  -1.201087 -1.625224 0.006891  -0.000863 -3.140815 -1.350699
19  0.739364 -1.423848 0.003390  0.051633 0.219499 -1.058653
20  0.331210 -0.369526 0.015311  -0.000872 -3.140843 -1.246296
21  0.038514 -2.237800 0.038042  2.144026 -0.197897 -1.897144
22  -3.363887 -2.780659 0.037697  0.393230 -1.340676 1.264466
23  0.180686 -0.889505 0.010010  -0.870160 -0.378252 -1.397797
24  0.109987 0.095410 0.079410  1.928698 -0.653191 -0.412421
25  1.239741 -0.246540 0.017971  0.222056 0.032595 -1.382960
26  4.039263 5.187559 0.001829  1.120005 0.039132 -2.463758
27  1.257357 0.089754 0.004761  0.146256 -2.597645 1.156713
28  0.338058 -3.154460 0.009341  1.386885 -0.194171 0.632495
29  0.865081 4.277712 0.042610  -1.086813 -0.438040 0.448182
30  -0.030277 -0.481259 0.012987  2.995242 -1.098583 -0.613323
31  3.948715 -1.751052 0.044177  1.176433 -0.692633 -2.038411
32  2.720574 -0.343531 0.001741  1.807946 -0.166802 2.044963
33  -3.261811 -2.826337 0.042496  -2.563143 -0.410914 0.005324
34  1.849954 -0.685908 0.042641  -2.963546 0.216053 -1.244785
35  1.284537 1.942922 0.002803  -1.218435 -0.764256 0.283048
36  0.002510 -2.947163 0.002124  1.124598 0.040691 1.634709
37  -0.452958 -2.162080 0.004216  -1.520140 -0.010843 1.693515
38  -2.495927 -1.391464 0.001248  -0.000861 -3.140878 -0.201970
39  2.251870 -0.501688 0.001727  1.108584 0.098531 0.687480
40  -2.690629 -5.388760 0.001429  1.342954 0.184705 3.013450
41  0.023355 -1.443998 0.042799  -2.660275 -0.594963 -1.407993
42  0.044002 2.249246 0.000288  1.586978 0.164284 0.155464
time 80
0  0.000000 0.000000 0.000000  0.000000 0.000000 0.000000
1  3.436029 -0.141966 0.242206  -1.575508 -0.001578 -1.462421
2  -0.603474 2.612751 0.817130  1.570796 -0.000000 0.945490
3  0.024378 -1.304149 0.435664  -0.378969 -1.664112 -1.728904
4  -2.407150 1.378609 0.382583  -0.035246 3.013956 0.375226
5  -3.270312 2.485147 0.593677  1.570886 -0.000001 0.760705
6  -1.520088 -0.082583 0.378413  0.000000 0.000001 -1.540470
7  0.148928 0.356260 0.053377  0.714578 -0.799770 1.920683
8  -0.492673 -2.434525 0.103147  1.292342 1.570796 0.000000
9  -1.340381 1.690742 0.099676  0.512580 -1.570589 -0.532282
10  -2.837823 0.690474 0.068878  -2.424924 0.800667 -1.450343
11  -1.549883 1.594748 -0.111189  -0.028190 -3.005398 -1.649867
12  -2.565114 -0.994925 0.098025  -2.245453 -1.571019 -0.185300
13  0.766598 -1.336632 0.028462  3.077980 0.251640 -0.111815
14  1.214066 -5.061319 0.039612  -0.000862 -3.140744 0.044331
15  -0.412467 -1.237687 0.004488  -1.520123 -0.010830 0.372540
16  0.100668 -1.622303 0.006060  -1.520196 -0.010830 2.684154
17  -0.347207 -1.741394 0.006358  3.140718 -0.000770 0.817820
18  -1.201087 -1.625224 0.006891  -0.000863 -3.140815 -1.350699
19  0.739327 -1.423849 0.003389  0.051616 0.219476 -1.058543
20  0.331211 -0.369527 0.015311  -0.000872 -3.140843 -1.246300
21  0.040364 -2.237676 0.037967  2.141188 -0.203244 -1.920137
22  -3.375155 -2.775141 0.037313  0.377091 -1.337757 1.364697
23  0.180400 -0.888906 0.010201  -0.853414 -0.442792 -1.403847
24  0.109636 0.095189 0.079307  1.931906 -0.648730 -0.434088
25  1.239741 -0.246540 0.017971  0.222056 0.032595 -1.382960
26  4.045522 5.203931 0.001632  1.130084 0.015262 -2.225944
27  1.257357 0.089754 0.004761  0.146256 -2.597645 1.156713
28  0.338058 -3.154460 0.009341  1.386873 -0.194172 0.632506
29  0.872699 4.335327 0.040867  -2.215375 0.378561 0.415671
30  -0.030277 -0.481259 0.012987  2.995244 -1.098584 -0.613358
31  3.978406 -1.738154 0.047264  0.183601 -1.081006 -1.318669
32  2.720572 -0.343532 0.001741  1.807934 -0.166814 2.044967
33  -3.285472 -2.832250 0.044461  -2.382637 -0.981253 0.025978
34  1.863730 -0.679186 0.042065  2.931911 0.207661 -1.086702
35  1.284538 1.942922 0.002808  -1.218568 -0.763848 0.283141
36  0.002511 -2.947163 0.002124  1.124602 0.040696 1.634728
37  -0.452958 -2.162080 0.004216  -1.520140 -0.010843 1.693515
38  -2.495927 -1.391464 0.001248  -0.000861 -3.140878 -0.201970
39  2.251870 -0.501688 0.001727  1.108583 0.098531 0.687440
40  -2.690629 -5.388760 0.001429  1.342954 0.184705 3.013453
41  0.021417 -1.447899 0.042719  0.532190 -2.629915 1.511445
42  0.044002 2.249246 0.000288  1.586978 0.164284 0.155464
time 81
0  0.000000 0.000000 0.000000  0.000000 0.000000 0.000000
1  3.436028 -0.141966 0.242206  -1.575508 -0.001578 -1.462421
2  -0.603473 2.612748 0.817130  1.570796 -0.000000 0.945490
3  0.021018 -1.309044 0.435055  -0.377163 -1.668987 -1.723266
4  -2.434713 1.367666 0.383805  -0.034038 2.941583 0.373609
5  -3.270314 2.485147 0.593677  1.570886 -0.000001 0.760704
6  -1.520089 -0.082583 0.378413  0.000001 0.000001 -1.540470
7  0.148928 0.356260 0.053377  0.714578 -0.799770 1.920686
8  -0.492673 -2.434525 0.103147  1.292342 1.570796 0.000000
9  -1.340381 1.690742 0.099676  0.512580 -1.570589 -0.532282
10  -2.837823 0.690473 0.068878  -2.424924 0.800668 -1.450343
11  -1.543978 1.599642 -0.111041  -3.123317 -0.071665 0.492957
12  -2.565114 -0.994925 0.098025  -2.245453 -1.571019 -0.185300
13  0.766889 -1.336643 0.028381  3.078770 0.261299 -0.111357
14  1.214063 -5.061318 0.039617  -0.000851 -3.140809 0.044331
15  -0.412467 -1.237687 0.004488  -1.520123 -0.010830 0.372540
16  0.100668 -1.622303 0.006060  -1.520196 -0.010830 2.684154
17  -0.347207 -1.741394 0.006358  3.140718 -0.000770 0.817820
18  -1.201087 -1.625224 0.006891  -0.000863 -3.140815 -1.350699
19  0.739312 -1.423848 0.003389  0.051611 0.219469 -1.058526
20  0.331211 -0.369528 0.015311  -0.000872 -3.140844 -1.246305
21  0.040353 -2.237698 0.037978  2.141497 -0.202582 -1.921352
22  -3.385686 -2.770594 0.037558  0.400996 -1.342461 1.377134
23  0.180034 -0.888078 0.010385  -0.829499 -0.528283 -1.414974
24  0.111018 0.092802 0.078490  1.955266 -0.615393 -0.456829
25  1.239741 -0.246540 0.017971  0.222056 0.032595 -1.382960
26  4.050056 5.215477 0.001544  1.156009 0.037349 -2.075898
27  1.257357 0.089754 0.004761  0.146256 -2.597645 1.156713
28  0.338057 -3.154461 0.009341  1.386884 -0.194170 0.632516
29  0.880044 4.391703 0.042828  2.491831 0.546953 -0.510882
30  -0.030277 -0.481259 0.012987  2.995243 -1.098583 -0.613388
31  4.007504 -1.724398 0.048102  -0.996118 -0.867878 -0.388277
32  2.720572 -0.343532 0.001741  1.807935 -0.166812 2.044962
33  -3.305985 -2.840521 0.044896  -1.410972 -1.391556 -0.796447
34  1.877331 -0.671619 0.041399  2.530928 0.239886 -0.938714
35  1.284538 1.942922 0.002808  -1.218657 -0.763800 0.283203
36  0.002511 -2.947162 0.002124  1.124592 0.040689 1.634730
37  -0.452958 -2.162080 0.004216  -1.520140 -0.010843 1.693515
38  -2.495927 -1.391464 0.001248  -0.000861 -3.140878 -0.201970
39  2.251870 -0.501688 0.001727  1.108583 0.098532 0.687392
40  -2.690629 -5.388760 0.001429  1.342954 0.184705 3.013457
41  0.019523 -1.451659 0.042588  0.557474 -2.719221 1.304797
42  0.044002 2.249246 0.000288  1.586978 0.164284 0.155464
time 82
0  0.000000 0.000000 0.000000  0.000000 0.000000 0.000000
1  3.436028 -0.141967 0.242206  -1.575508 -0.001578 -1.462422
2  -0.603473 2.612746 0.817130  1.570796 -0.000000 0.945490
3  0.018221 -1.313241 0.434840  -0.359121 -1.670200 -1.735639
4  -2.460021 1.357858 0.389837  -0.035987 2.876969 0.372323
5  -3.270316 2.485147 0.593677  1.570886 -0.000001 0.760703
6  -1.520089 -0.082584 0.378413  0.000000 0.000001 -1.540470
7  0.148929 0.356260 0.053377  0.714578 -0.799770 1.920690
8  -0.492673 -2.434525 0.103147  1.292342 1.570796 0.000000
9  -1.340381 1.690742 0.099676  0.512580 -1.570589 -0.532282
10  -2.837822 0.690473 0.068878  -2.424924 0.800667 -1.450343
11  -1.536692 1.601825 -0.111071  3.139906 0.007432 -0.494242
12  -2.565114 -0.994925 0.098025  -2.245453 -1.571019 -0.185300
13  0.766818 -1.336652 0.028343  3.079243 0.256779 -0.109252
14  1.214063 -5.061318 0.039618  -0.000856 -3.140815 0.044331
15  -0.412467 -1.237687 0.004488  -1.520123 -0.010830 0.372540
16  0.100668 -1.622303 0.006060  -1.520196 -0.010830 2.684154
17  -0.347207 -1.741394 0.006358  3.140718 -0.000770 0.817820
18  -1.201087 -1.625224 0.006891  -0.000863 -3.140815 -1.350699
19  0.739308 -1.423856 0.003389  0.051617 0.219490 -1.058525
20  0.331212 -0.369528 0.015311  -0.000872 -3.140844 -1.246304
21  0.040353 -2.237700 0.037981  2.141477 -0.202504 -1.921351
22  -3.394052 -2.767076 0.037820  0.397738 -1.342648 1.382291
23  0.179640 -0.887245 0.010488  -0.802867 -0.614241 -1.428890
24  0.114178 0.088116 0.076738  1.998043 -0.549577 -0.481541
25  1.239741 -0.246540 0.017971  0.222056 0.032595 -1.382959
26  4.052690 5.222235 0.001587  1.152173 0.043533 -1.969314
27  1.257357 0.089754 0.004761  0.146256 -2.597645 1.156713
28  0.338057 -3.154462 0.009341  1.386885 -0.194170 0.632532
29  0.888919 4.448266 0.042485  1.329066 -0.201471 -0.829621
30  -0.030277 -0.481259 0.012987  2.995242 -1.098583 -0.613417
31  4.036108 -1.709922 0.045022  -1.553838 -0.354283 -0.135968
32  2.720571 -0.343532 0.001741  1.807942 -0.166805 2.044961
33  -3.324113 -2.850650 0.044134  0.108526 -1.118918 -2.201195
34  1.890696 -0.663191 0.040739  2.114471 0.304655 -0.816257
35  1.284538 1.942922 0.002808  -1.218680 -0.763793 0.283218
36  0.002511 -2.947162 0.002124  1.124592 0.040688 1.634727
37  -0.452958 -2.162080 0.004216  -1.520140 -0.010843 1.693515
38  -2.495927 -1.391464 0.001248  -0.000861 -3.140878 -0.201970
39  2.251871 -0.501688 0.001727  1.108583 0.098532 0.687352
40  -2.690629 -5.388760 0.001429  1.342954 0.184705 3.013460
41  0.017468 -1.454892 0.042432  0.568503 -2.803083 1.105128
42  0.044002 2.249246 0.000288  1.586978 0.164284 0.155464
time 83
0  0.000000 0.000000 0.000000  0.000000 0.000000 0.000000
1  3.436029 -0.141967 0.242206  -1.575508 -0.001578 -1.462422
2  -0.603472 2.612743 0.817130  1.570796 -0.000000 0.945490
3  0.015755 -1.317080 0.435043  -0.347703 -1.668540 -1.742786
4  -2.482265 1.346739 0.393308  -0.042393 2.814440 0.368935
5  -3.270319 2.485147 0.593677  1.570886 -0.000001 0.760702
6  -1.520090 -0.082585 0.378413  0.000000 0.000001 -1.540469
7  0.148929 0.356260 0.053377  0.714578 -0.799770 1.920693
8  -0.492673 -2.434525 0.103147  1.292342 1.570796 0.000000
9  -1.340381 1.690742 0.099676  0.512580 -1.570589 -0.532282
10  -2.837822 0.690473 0.068878  -2.424924 0.800668 -1.450344
11  -1.529227 1.600888 -0.111260  3.074654 0.040593 -1.480333
12  -2.565114 -0.994924 0.098025  -2.245453 -1.571019 -0.185300
13  0.766825 -1.336622 0.028338  3.079007 0.255631 -0.107949
14  1.214063 -5.061318 0.039618  -0.000857 -3.140815 0.044331
15  -0.412467 -1.237687 0.004488  -1.520123 -0.010830 0.372540
16  0.100668 -1.622303 0.006060  -1.520196 -0.010830 2.684154
17  -0.347207 -1.741394 0.006358  3.140718 -0.000770 0.817820
18  -1.201087 -1.625224 0.006891  -0.000863 -3.140815 -1.350699
19  0.739294 -1.423857 0.003390  0.051628 0.219496 -1.058522
20  0.331212 -0.369529 0.015311  -0.000872 -3.140843 -1.246303
21  0.040353 -2.237700 0.037982  2.141468 -0.202494 -1.921358
22  -3.398458 -2.765342 0.037981  0.389347 -1.340577 1.387624
23  0.179555 -0.887129 0.010496  -0.798779 -0.626457 -1.431226
24  0.119071 0.080972 0.073507  2.059808 -0.442729 -0.511723
25  1.239741 -0.246540 0.017971  0.222056 0.032595 -1.382959
26  4.053406 5.224142 0.002178  1.109547 0.024443 -1.912285
27  1.257357 0.089754 0.004761  0.146256 -2.597645 1.156712
28  0.338057 -3.154463 0.009341  1.386886 -0.194171 0.632551
29  0.898801 4.503581 0.041117  -0.155097 -0.711412 -0.102072
30  -0.030277 -0.481259 0.012987  2.995240 -1.098583 -0.613451
31  4.064043 -1.694759 0.041878  -2.004103 0.212404 -0.182108
32  2.720570 -0.343533 0.001741  1.807945 -0.166803 2.044960
33  -3.341505 -2.861953 0.042417  0.340279 -0.653915 -2.325211
34  1.903875 -0.654021 0.040228  1.681975 0.392530 -0.735710
35  1.284538 1.942922 0.002808  -1.218683 -0.763792 0.283220
36  0.002511 -2.947161 0.002124  1.124592 0.040688 1.634729
37  -0.452958 -2.162080 0.004216  -1.520140 -0.010843 1.693515
38  -2.495927 -1.391464 0.001248  -0.000861 -3.140878 -0.201970
39  2.251871 -0.501688 0.001727  1.108583 0.098532 0.687305
40  -2.690629 -5.388760 0.001429  1.342954 0.184705 3.013463
41  0.015579 -1.457016 0.042304  0.571457 -2.865486 0.905778
42  0.044002 2.249246 0.000288  1.586978 0.164284 0.155464
time 84
0  0.000000 0.000000 0.000000  0.000000 0.000000 0.000000
1  3.436030 -0.141966 0.242206  -1.575508 -0.001578 -1.462422
2  -0.603471 2.612741 0.817130  1.570796 -0.000000 0.945490
3  0.013223 -1.320243 0.434845  -0.343578 -1.670125 -1.743468
4  -2.502673 1.334187 0.394606  -0.054741 2.755426 0.362650
5  -3.270321 2.485147 0.593677  1.570886 -0.000001 0.760701
6  -1.520090 -0.082586 0.378413  0.000000 0.000001 -1.540469
7  0.148929 0.356260 0.053377  0.714578 -0.799770 1.920696
8  -0.492673 -2.434525 0.103147  1.292342 1.570796 0.000000
9  -1.340381 1.690742 0.099676  0.512580 -1.570589 -0.532282
10  -2.837822 0.690473 0.068878  -2.424924 0.800668 -1.450344
11  -1.522828 1.597253 -0.111477  -0.121588 3.117625 0.676587
12  -2.565114 -0.994924 0.098025  -2.245453 -1.571019 -0.185300
13  0.766842 -1.336622 0.028335  3.079275 0.255695 -0.107196
14  1.214063 -5.061318 0.039618  -0.000857 -3.140815 0.044331
15  -0.412467 -1.237687 0.004488  -1.520123 -0.010830 0.372540
16  0.100668 -1.622303 0.006060  -1.520196 -0.010830 2.684154
17  -0.347207 -1.741394 0.006358  3.140718 -0.000770 0.817819
18  -1.201087 -1.625224 0.006891  -0.000863 -3.140815 -1.350699
19  0.739290 -1.423866 0.003390  0.051627 0.219495 -1.058522
20  0.331213 -0.369529 0.015311  -0.000872 -3.140844 -1.246308
21  0.040353 -2.237699 0.037982  2.141467 -0.202493 -1.921352
22  -3.398848 -2.765209 0.038133  0.396007 -1.340962 1.380883
23  0.179678 -0.887450 0.010472  -0.809336 -0.594185 -1.425191
24  0.125778 0.071176 0.067945  2.139619 -0.284642 -0.541610
25  1.239742 -0.246540 0.017971  0.222056 0.032595 -1.382959
26  4.053367 5.224119 0.002552  1.122911 0.038787 -1.911547
27  1.257357 0.089754 0.004761  0.146256 -2.597645 1.156713
28  0.338057 -3.154464 0.009341  1.386886 -0.194171 0.632570
29  0.907475 4.559493 0.042518  -1.526372 -0.139396 0.521783
30  -0.030277 -0.481259 0.012987  2.995243 -1.098583 -0.613481
31  4.089583 -1.679135 0.048100  -2.532160 0.628769 -0.466019
32  2.720568 -0.343533 0.001741  1.807945 -0.166803 2.044960
33  -3.358924 -2.873720 0.042451  0.463035 -0.167123 -2.319985
34  1.916838 -0.644482 0.041051  1.242803 0.473247 -0.694187
35  1.284538 1.942922 0.002808  -1.218683 -0.763792 0.283221
36  0.002511 -2.947161 0.002124  1.124592 0.040688 1.634730
37  -0.452958 -2.162080 0.004216  -1.520140 -0.010843 1.693515
38  -2.495927 -1.391464 0.001248  -0.000861 -3.140878 -0.201970
39  2.251871 -0.501687 0.001727  1.108583 0.098532 0.687265
40  -2.690629 -5.388760 0.001429  1.342954 0.184705 3.013466
41  0.013637 -1.459164 0.042146  0.560563 -2.930293 0.709392
42  0.044002 2.249246 0.000288  1.586978 0.164284 0.155464
time 85
0  0.000000 0.000000 0.000000  0.000000 0.000000 0.000000
1  3.436031 -0.141966 0.242206  -1.575508 -0.001578 -1.462422
2  -0.603471 2.612739 0.817130  1.570796 -0.000000 0.945490
3  0.010922 -1.322734 0.434796  -0.353639 -1.669818 -1.731512
4  -2.521589 1.319967 0.393904  -0.073775 2.698723 0.352435
5  -3.270324 2.485147 0.593677  1.570886 -0.000001 0.760700
6  -1.520091 -0.082587 0.378413  0.000000 0.000001 -1.540469
7  0.148929 0.356261 0.053377  0.714578 -0.799770 1.920699
8  -0.492673 -2.434525 0.103147  1.292342 1.570796 0.000000
9  -1.340381 1.690742 0.099676  0.512580 -1.570589 -0.532282
10  -2.837822 0.690472 0.068878  -2.424924 0.800668 -1.450344
11  -1.518242 1.591940 -0.111595  -0.149526 -3.135180 -0.304612
12  -2.565115 -0.994924 0.098025  -2.245220 -1.571019 -0.185499
13  0.766845 -1.336599 0.028332  3.079081 0.254896 -0.106606
14  1.214063 -5.061318 0.039618  -0.000857 -3.140815 0.044331
15  -0.412467 -1.237687 0.004488  -1.520123 -0.010830 0.372540
16  0.100668 -1.622303 0.006060  -1.520196 -0.010830 2.684154
17  -0.347207 -1.741394 0.006358  3.140718 -0.000770 0.817819
18  -1.201087 -1.625224 0.006891  -0.000863 -3.140815 -1.350699
19  0.739281 -1.423861 0.003390  0.051629 0.219496 -1.058522
20  0.331213 -0.369530 0.015311  -0.000872 -3.140843 -1.246315
21  0.040353 -2.237698 0.037982  2.141467 -0.202493 -1.921350
22  -3.398842 -2.765212 0.038149  0.396723 -1.341002 1.380190
23  0.179662 -0.887686 0.010454  -0.814430 -0.578075 -1.422099
24  0.134226 0.058849 0.058715  2.240671 -0.059806 -0.561411
25  1.239742 -0.246540 0.017971  0.222056 0.032595 -1.382959
26  4.053362 5.224116 0.002592  1.124346 0.040327 -1.911483
27  1.257357 0.089755 0.004761  0.146256 -2.597645 1.156712
28  0.338058 -3.154464 0.009341  1.386887 -0.194171 0.632589
29  0.914905 4.614864 0.040760  -2.734710 0.562515 0.149132
30  -0.030277 -0.481259 0.012987  2.995242 -1.098583 -0.613510
31  4.114278 -1.663308 0.050335  -0.145246 2.353094 2.118168
32  2.720567 -0.343534 0.001741  1.807945 -0.166803 2.044960
33  -3.376469 -2.884716 0.043247  0.600965 0.291150 -2.259039
34  1.929477 -0.635188 0.042135  0.823406 0.553621 -0.675193
35  1.284538 1.942922 0.002808  -1.218683 -0.763792 0.283221
36  0.002511 -2.947161 0.002124  1.124592 0.040688 1.634729
37  -0.452958 -2.162080 0.004216  -1.520140 -0.010843 1.693515
38  -2.495927 -1.391464 0.001248  -0.000861 -3.140878 -0.201970
39  2.251871 -0.501687 0.001727  1.108583 0.098533 0.687218
40  -2.690629 -5.388760 0.001429  1.342954 0.184705 3.013469
41  0.011734 -1.460942 0.041989  0.542501 -2.988142 0.511739
42  0.044002 2.249246 0.000288  1.586978 0.164284 0.155464
time 86
0  0.000000 0.000000 0.000000  0.000000 0.000000 0.000000
1  3.436032 -0.141966 0.242206  -1.575508 -0.001578 -1.462422
2  -0.603470 2.612736 0.817130  1.570796 -0.000000 0.945490
3  0.008363 -1.324551 0.434735  -0.368261 -1.669856 -1.716194
4  -2.539411 1.304134 0.392079  -0.096244 2.641611 0.339047
5  -3.270326 2.485147 0.593677  1.570886 -0.000001 0.760699
6  -1.520092 -0.082588 0.378413  0.000001 0.000001 -1.540468
7  0.148930 0.356261 0.053377  0.714578 -0.799770 1.920704
8  -0.492673 -2.434525 0.103147  1.292342 1.570796 0.000000
9  -1.340381 1.690742 0.099676  0.512580 -1.570589 -0.532282
10  -2.837822 0.690472 0.068878  -2.424924 0.800668 -1.450345
11  -1.515576 1.585997 -0.111581  -0.167609 -3.101125 -1.281889
12  -2.565115 -0.994924 0.098025  -2.245220 -1.571019 -0.185499
13  0.766852 -1.336578 0.028329  3.079021 0.254426 -0.105988
14  1.214063 -5.061318 0.039618  -0.000857 -3.140815 0.044331
15  -0.412467 -1.237687 0.004488  -1.520123 -0.010830 0.372540
16  0.100668 -1.622303 0.006060  -1.520196 -0.010830 2.684154
17  -0.347207 -1.741394 0.006358  3.140718 -0.000770 0.817819
18  -1.201087 -1.625224 0.006891  -0.000863 -3.140815 -1.350699
19  0.739272 -1.423856 0.003390  0.051630 0.219496 -1.058522
20  0.331213 -0.369531 0.015311  -0.000872 -3.140843 -1.246321
21  0.040354 -2.237698 0.037982  2.141467 -0.202493 -1.921347
22  -3.398841 -2.765212 0.038151  0.396800 -1.341007 1.380115
23  0.179614 -0.887666 0.010463  -0.811964 -0.585926 -1.423570
24  0.143864 0.044631 0.044246  2.378531 0.251978 -0.548947
25  1.239742 -0.246540 0.017971  0.222056 0.032595 -1.382959
26  4.053361 5.224116 0.002597  1.124501 0.040493 -1.911477
27  1.257357 0.089755 0.004761  0.146256 -2.597645 1.156712
28  0.338058 -3.154465 0.009341  1.386887 -0.194171 0.632609
29  0.923321 4.669644 0.043204  2.053193 0.357386 -0.709965
30  -0.030277 -0.481259 0.012987  2.995241 -1.098583 -0.613540
31  4.138600 -1.647127 0.048924  2.270395 0.601325 -1.551861
32  2.720566 -0.343535 0.001741  1.807945 -0.166803 2.044960
33  -3.394234 -2.895028 0.043157  0.831097 0.719003 -2.095143
34  1.941758 -0.626212 0.042849  0.408955 0.635278 -0.682466
35  1.284538 1.942922 0.002808  -1.218683 -0.763792 0.283221
36  0.002511 -2.947160 0.002124  1.124592 0.040688 1.634729
37  -0.452958 -2.162080 0.004216  -1.520140 -0.010843 1.693515
38  -2.495927 -1.391464 0.001248  -0.000861 -3.140878 -0.201970
39  2.251872 -0.501687 0.001727  1.108583 0.098532 0.687178
40  -2.690629 -5.388760 0.001429  1.342954 0.184705 3.013472
41  0.009915 -1.462145 0.041866  0.526248 -3.039046 0.310644
42  0.044002 2.249246 0.000288  1.586978 0.164284 0.155464
time 87
0  0.000000 0.000000 0.000000  0.000000 0.000000 0.000000
1  3.436033 -0.141965 0.242206  -1.575508 -0.001578 -1.462422
2  -0.603469 2.612734 0.817130  1.570796 -0.000000 0.945490
3  0.005710 -1.324756 0.434669  -0.386079 -1.669243 -1.698783
4  -2.558688 1.290187 0.389284  -0.109472 2.579296 0.329505
5  -3.270329 2.485147 0.593677  1.570886 -0.000001 0.760698
6  -1.520092 -0.082589 0.378413  0.000000 0.000001 -1.540468
7  0.148930 0.356261 0.053377  0.714578 -0.799770 1.920706
8  -0.492673 -2.434525 0.103147  1.292342 1.570796 0.000000
9  -1.340381 1.690742 0.099676  0.512580 -1.570589 -0.532282
10  -2.837822 0.690472 0.068878  -2.424924 0.800668 -1.450345
11  -1.514598 1.580017 -0.111487  2.973345 -0.092309 0.886607
12  -2.565115 -0.994924 0.098025  -2.245220 -1.571019 -0.185499
13  0.766863 -1.336558 0.028327  3.079054 0.254074 -0.105284
14  1.214063 -5.061318 0.039618  -0.000857 -3.140815 0.044331
15  -0.412467 -1.237687 0.004488  -1.520123 -0.010830 0.372540
16  0.100668 -1.622303 0.006060  -1.520196 -0.010830 2.684154
17  -0.347207 -1.741394 0.006358  3.140718 -0.000770 0.817819
18  -1.201087 -1.625224 0.006891  -0.000863 -3.140815 -1.350699
19  0.739263 -1.423851 0.003390  0.051630 0.219497 -1.058522
20  0.331213 -0.369531 0.015311  -0.000872 -3.140843 -1.246323
21  0.040354 -2.237697 0.037982  2.141467 -0.202492 -1.921345
22  -3.398841 -2.765212 0.038151  0.396809 -1.341007 1.380106
23  0.179606 -0.887676 0.010464  -0.811831 -0.586337 -1.423714
24  0.153382 0.029483 0.029788  2.649980 0.674411 -0.429209
25  1.239742 -0.246540 0.017971  0.222056 0.032595 -1.382959
26  4.053361 5.224116 0.002597  1.124517 0.040511 -1.911476
27  1.257357 0.089755 0.004761  0.146256 -2.597645 1.156712
28  0.338058 -3.154466 0.009341  1.386887 -0.194171 0.632629
29  0.933024 4.724187 0.041171  0.956941 -0.405184 -0.736572
30  -0.030277 -0.481259 0.012987  2.995242 -1.098583 -0.613570
31  4.162704 -1.630450 0.043984  1.767633 0.177562 -1.805684
32  2.720565 -0.343536 0.001741  1.807945 -0.166803 2.044960
33  -3.412415 -2.904769 0.042227  1.382882 1.062517 -1.607107
34  1.953842 -0.617500 0.043134  -0.015693 0.714766 -0.722928
35  1.284538 1.942922 0.002808  -1.218683 -0.763792 0.283221
36  0.002511 -2.947160 0.002124  1.124592 0.040688 1.634728
37  -0.452958 -2.162080 0.004216  -1.520140 -0.010843 1.693515
38  -2.495927 -1.391464 0.001248  -0.000861 -3.140878 -0.201970
39  2.251872 -0.501687 0.001727  1.108583 0.098533 0.687131
40  -2.690629 -5.388760 0.001429  1.342954 0.184705 3.013475
41  0.008638 -1.462497 0.041853  0.536316 -3.093032 0.108051
42  0.044002 2.249246 0.000288  1.586978 0.164284 0.155464
time 88
0  0.000000 0.000000 0.000000  0.000000 0.000000 0.000000
1  3.436034 -0.141965 0.242206  -1.575508 -0.001578 -1.462422
2  -0.603469 2.612731 0.817130  1.570796 -0.000000 0.945490
3  0.003389 -1.323051 0.434365  -0.385481 -1.668869 -1.700335
4  -2.580360 1.277541 0.385236  -0.125641 2.515705 0.319350
5  -3.270331 2.485146 0.593677  1.570886 -0.000001 0.760697
6  -1.520093 -0.082590 0.378413  0.000000 0.000001 -1.540468
7  0.148930 0.356261 0.053377  0.714578 -0.799770 1.920709
8  -0.492673 -2.434525 0.103147  1.292342 1.570796 0.000000
9  -1.340381 1.690742 0.099676  0.512580 -1.570589 -0.532282
10  -2.837822 0.690472 0.068878  -2.424924 0.800668 -1.450345
11  -1.515201 1.574273 -0.111386  3.014747 -0.139675 -0.086086
12  -2.565115 -0.994924 0.098025  -2.245355 -1.571019 -0.185329
13  0.766875 -1.336536 0.028323  3.079133 0.253770 -0.104561
14  1.214063 -5.061318 0.039618  -0.000857 -3.140815 0.044331
15  -0.412467 -1.237687 0.004488  -1.520123 -0.010830 0.372540
16  0.100668 -1.622303 0.006060  -1.520196 -0.010830 2.684154
17  -0.347207 -1.741394 0.006358  3.140718 -0.000770 0.817820
18  -1.201087 -1.625224 0.006891  -0.000863 -3.140815 -1.350699
19  0.739253 -1.423846 0.003390  0.051630 0.219497 -1.058522
20  0.331214 -0.369531 0.015311  -0.000872 -3.140844 -1.246328
21  0.040354 -2.237696 0.037982  2.141467 -0.202492 -1.921343
22  -3.398841 -2.765212 0.038151  0.396810 -1.341007 1.380105
23  0.179620 -0.887724 0.010457  -0.813208 -0.581707 -1.422982
24  0.161860 0.015653 0.020980  -2.866117 1.082708 0.183480
25  1.239742 -0.246540 0.017971  0.222056 0.032595 -1.382959
26  4.053361 5.224116 0.002597  1.124520 0.040514 -1.911476
27  1.257356 0.089755 0.004761  0.146256 -2.597645 1.156712
28  0.338058 -3.154466 0.009341  1.386887 -0.194171 0.632649
29  0.942928 4.777772 0.042259  -0.602747 -0.628585 0.127677
30  -0.030278 -0.481259 0.012987  2.995240 -1.098583 -0.613604
31  4.186762 -1.614158 0.042922  1.313052 -0.331673 -1.829740
32  2.720564 -0.343536 0.001741  1.807945 -0.166804 2.044960
33  -3.430919 -2.913946 0.042672  2.420368 1.066669 -0.632281
34  1.965935 -0.608960 0.042970  -0.468571 0.783254 -0.806382
35  1.284538 1.942922 0.002808  -1.218683 -0.763792 0.283221
36  0.002511 -2.947160 0.002124  1.124592 0.040688 1.634732
37  -0.452958 -2.162080 0.004216  -1.520140 -0.010843 1.693515
38  -2.495927 -1.391464 0.001248  -0.000861 -3.140878 -0.201970
39  2.251872 -0.501687 0.001727  1.108583 0.098532 0.687092
40  -2.690629 -5.388760 0.001429  1.342954 0.184705 3.013479
41  0.007127 -1.461900 0.041767  0.562143 3.132693 -0.092546
42  0.044002 2.249246 0.000288  1.586978 0.164284 0.155464
time 89
0  0.000000 0.000000 0.000000  0.000000 0.000000 0.000000
1  3.436034 -0.141965 0.242206  -1.575508 -0.001578 -1.462422
2  -0.603468 2.612729 0.817130  1.570796 -0.000000 0.945490
3  0.001460 -1.319500 0.433818  -0.377115 -1.668690 -1.709811
4  -2.603230 1.264169 0.379286  -0.144670 2.447875 0.307428
5  -3.270334 2.485146 0.593677  1.570886 -0.000001 0.760696
6  -1.520093 -0.082591 0.378413  0.000000 0.000001 -1.540468
7  0.148931 0.356261 0.053377  0.714578 -0.799770 1.920712
8  -0.492673 -2.434525 0.103147  1.292342 1.570796 0.000000
9  -1.340381 1.690742 0.099676  0.512580 -1.570589 -0.532282
10  -2.837822 0.690472 0.068878  -2.424924 0.800668 -1.450345
11  -1.517543 1.569002 -0.111349  3.082435 -0.141932 -1.057760
12  -2.565115 -0.994924 0.098025  -2.245355 -1.571019 -0.185329
13  0.766887 -1.336514 0.028320  3.079211 0.253459 -0.103836
14  1.214063 -5.061318 0.039618  -0.000857 -3.140815 0.044331
15  -0.412467 -1.237687 0.004488  -1.520123 -0.010830 0.372540
16  0.100668 -1.622303 0.006060  -1.520196 -0.010830 2.684154
17  -0.347207 -1.741394 0.006358  3.140718 -0.000770 0.817820
18  -1.201087 -1.625224 0.006891  -0.000863 -3.140815 -1.350699
19  0.739244 -1.423840 0.003390  0.051631 0.219497 -1.058522
20  0.331215 -0.369533 0.015311  -0.000872 -3.140844 -1.246336
21  0.040354 -2.237695 0.037982  2.141467 -0.202492 -1.921341
22  -3.398841 -2.765212 0.038151  0.396810 -1.341007 1.380104
23  0.179603 -0.887687 0.010462  -0.812243 -0.585150 -1.423464
24  0.168927 0.003609 0.019435  -1.569863 0.906585 1.320295
25  1.239742 -0.246540 0.017971  0.222056 0.032595 -1.382959
26  4.053361 5.224116 0.002597  1.124520 0.040514 -1.911476
27  1.257356 0.089755 0.004761  0.146256 -2.597645 1.156712
28  0.338058 -3.154467 0.009341  1.386887 -0.194171 0.632669
29  0.951466 4.832041 0.041797  -1.795471 0.032578 0.490778
30  -0.030278 -0.481259 0.012987  2.995244 -1.098584 -0.613636
31  4.210952 -1.599184 0.045613  0.725745 -0.756305 -1.585649
32  2.720562 -0.343537 0.001741  1.807947 -0.166803 2.044960
33  -3.449322 -2.922699 0.043084  2.981092 0.734668 -0.130909
34  1.978170 -0.600556 0.042722  -0.965634 0.821970 -0.940100
35  1.284538 1.942922 0.002808  -1.218683 -0.763792 0.283221
36  0.002512 -2.947160 0.002124  1.124592 0.040688 1.634735
37  -0.452958 -2.162080 0.004216  -1.520140 -0.010843 1.693515
38  -2.495927 -1.391464 0.001248  -0.000861 -3.140878 -0.201970
39  2.251873 -0.501686 0.001727  1.108583 0.098533 0.687046
40  -2.690629 -5.388760 0.001429  1.342954 0.184705 3.013482
41  0.005670 -1.460450 0.041621  0.599834 3.067735 -0.288981
42  0.044002 2.249246 0.000288  1.586978 0.164284 0.155464
time 90
0  0.000000 0.000000 0.000000  0.000000 0.000000 0.000000
1  3.436036 -0.141964 0.242206  -1.575508 -0.001578 -1.462422
2  -0.603467 2.612726 0.817130  1.570796 -0.000000 0.945490
3  0.000040 -1.314275 0.433066  -0.372708 -1.668052 -1.715321
4  -2.627618 1.249906 0.370957  -0.167972 2.374324 0.291780
5  -3.270336 2.485146 0.593677  1.570886 -0.000001 0.760695
6  -1.520094 -0.082592 0.378413  0.000001 0.000001 -1.540467
7  0.148931 0.356261 0.053377  0.714578 -0.799770 1.920715
8  -0.492673 -2.434525 0.103147  1.292342 1.570796 0.000000
9  -1.340381 1.690742 0.099676  0.512580 -1.570589 -0.532282
10  -2.837822 0.690472 0.068878  -2.424924 0.800667 -1.450345
11  -1.521795 1.564701 -0.111408  -0.014111 -3.045889 1.121951
12  -2.565115 -0.994924 0.098025  -2.245355 -1.571019 -0.185329
13  0.766899 -1.336492 0.028317  3.079289 0.253149 -0.103112
14  1.214063 -5.061318 0.039618  -0.000857 -3.140815 0.044331
15  -0.412467 -1.237687 0.004488  -1.520123 -0.010830 0.372540
16  0.100668 -1.622303 0.006060  -1.520196 -0.010830 2.684154
17  -0.347207 -1.741394 0.006358  3.140718 -0.000770 0.817820
18  -1.201087 -1.625224 0.006891  -0.000863 -3.140815 -1.350699
19  0.739234 -1.423834 0.003390  0.051631 0.219497 -1.058522
20  0.331215 -0.369533 0.015311  -0.000872 -3.140843 -1.246341
21  0.040354 -2.237695 0.037982  2.141467 -0.202492 -1.921340
22  -3.398841 -2.765212 0.038151  0.396809 -1.341007 1.380105
23  0.179606 -0.887695 0.010461  -0.812494 -0.584413 -1.423256
24  0.176457 -0.008754 0.026365  -1.091145 0.373639 1.619452
25  1.239742 -0.246540 0.017971  0.222056 0.032595 -1.382959
26  4.053361 5.224116 0.002597  1.124520 0.040514 -1.911476
27  1.257356 0.089755 0.004761  0.146256 -2.597645 1.156712
28  0.338058 -3.154468 0.009341  1.386887 -0.194171 0.632690
29  0.958884 4.885445 0.041715  -3.083695 0.583953 -0.038792
30  -0.030278 -0.481259 0.012987  2.995242 -1.098583 -0.613663
31  4.234235 -1.583875 0.048477  -0.132190 -0.938957 -0.998018
32  2.720561 -0.343538 0.001741  1.807945 -0.166803 2.044960
33  -3.467793 -2.931134 0.042728  -3.059685 0.311639 0.048656
34  1.990001 -0.592388 0.043434  -1.462580 0.794859 -1.078068
35  1.284538 1.942922 0.002808  -1.218683 -0.763792 0.283221
36  0.002512 -2.947159 0.002124  1.124592 0.040688 1.634738
37  -0.452958 -2.162080 0.004216  -1.520140 -0.010843 1.693515
38  -2.495927 -1.391464 0.001248  -0.000861 -3.140878 -0.201970
39  2.251873 -0.501686 0.001727  1.108583 0.098532 0.687006
40  -2.690629 -5.388760 0.001429  1.342954 0.184705 3.013485
41  0.004459 -1.458129 0.041405  0.651413 2.995367 -0.479574
42  0.044002 2.249246 0.000288  1.586978 0.164284 0.155464
time 91
0  0.000000 0.000000 0.000000  0.000000 0.000000 0.000000
1  3.436037 -0.141964 0.242206  -1.575508 -0.001578 -1.462422
2  -0.603467 2.612724 0.817130  1.570796 -0.000000 0.945490
3  -0.000628 -1.307419 0.432088  -0.365796 -1.667231 -1.722754
4  -2.653833 1.234631 0.359599  -0.197801 2.293674 0.269796
5  -3.270339 2.485146 0.593677  1.570886 -0.000001 0.760694
6  -1.520095 -0.082593 0.378413  0.000001 0.000001 -1.540467
7  0.148931 0.356261 0.053377  0.714578 -0.799770 1.920718
8  -0.492673 -2.434525 0.103147  1.292342 1.570796 0.000000
9  -1.340381 1.690742 0.099676  0.512580 -1.570589 -0.532282
10  -2.837821 0.690472 0.068878  -2.424924 0.800668 -1.450346
11  -1.527676 1.562145 -0.111533  -0.015170 -3.098464 0.169871
12  -2.565116 -0.994924 0.098025  -2.245355 -1.571019 -0.185329
13  0.766910 -1.336470 0.028314  3.079366 0.252841 -0.102393
14  1.214063 -5.061318 0.039618  -0.000857 -3.140815 0.044331
15  -0.412467 -1.237687 0.004488  -1.520123 -0.010830 0.372540
16  0.100668 -1.622303 0.006060  -1.520196 -0.010830 2.684154
17  -0.347207 -1.741394 0.006358  3.140718 -0.000770 0.817820
18  -1.201087 -1.625224 0.006891  -0.000863 -3.140815 -1.350699
19  0.739224 -1.423829 0.003390  0.051631 0.219497 -1.058522
20  0.331216 -0.369534 0.015311  -0.000872 -3.140843 -1.246348
21  0.040354 -2.237694 0.037982  2.141467 -0.202492 -1.921338
22  -3.398841 -2.765212 0.038151  0.396810 -1.341007 1.380103
23  0.179608 -0.887703 0.010461  -0.812887 -0.583268 -1.423603
24  0.184331 -0.022566 0.041208  -0.887472 -0.061828 1.648993
25  1.239742 -0.246540 0.017971  0.222056 0.032595 -1.382959
26  4.053361 5.224116 0.002597  1.124520 0.040514 -1.911476
27  1.257356 0.089755 0.004761  0.146256 -2.597645 1.156712
28  0.338058 -3.154469 0.009341  1.386887 -0.194171 0.632709
29  0.967302 4.939029 0.043088  1.831979 0.230631 -0.739803
30  -0.030278 -0.481259 0.012987  2.995243 -1.098583 -0.613693
31  4.256915 -1.568067 0.048335  -0.982448 -0.785637 -0.410565
32  2.720560 -0.343538 0.001741  1.807945 -0.166803 2.044960
33  -3.486503 -2.939320 0.042046  -2.908170 -0.144504 0.120582
34  2.001300 -0.584019 0.043815  -1.909332 0.724483 -1.165439
35  1.284538 1.942922 0.002808  -1.218683 -0.763792 0.283221
36  0.002512 -2.947159 0.002124  1.124593 0.040688 1.634741
37  -0.452958 -2.162080 0.004216  -1.520140 -0.010843 1.693515
38  -2.495927 -1.391464 0.001248  -0.000861 -3.140878 -0.201970
39  2.251873 -0.501686 0.001727  1.108583 0.098533 0.686960
40  -2.690629 -5.388760 0.001429  1.342954 0.184705 3.013488
41  0.003530 -1.454937 0.041129  0.715121 2.909967 -0.661260
42  0.044002 2.249246 0.000288  1.586978 0.164284 0.155464
time 92
0  0.000000 0.000000 0.000000  0.000000 0.000000 0.000000
1  3.436038 -0.141964 0.242206  -1.575508 -0.001578 -1.462422
2  -0.603466 2.612721 0.817130  1.570796 -0.000000 0.945490
3  -0.000331 -1.299071 0.430882  -0.356886 -1.666233 -1.731361
4  -2.678239 1.224626 0.352359  -0.185689 2.224824 0.288140
5  -3.270341 2.485146 0.593677  1.570886 -0.000001 0.760694
6  -1.520095 -0.082594 0.378413  0.000000 0.000001 -1.540467
7  0.148931 0.356262 0.053377  0.714578 -0.799770 1.920721
8  -0.492673 -2.434525 0.103147  1.292342 1.570796 0.000000
9  -1.340381 1.690742 0.099676  0.512580 -1.570589 -0.532282
10  -2.837632 0.686858 0.071068  0.716665 2.298954 1.687489
11  -1.534336 1.561945 -0.111632  -0.037178 -3.128859 -0.778095
12  -2.565116 -0.994923 0.098025  -2.245355 -1.571019 -0.185329
13  0.766922 -1.336449 0.028311  3.079444 0.252535 -0.101680
14  1.214063 -5.061318 0.039618  -0.000857 -3.140815 0.044331
15  -0.412467 -1.237687 0.004488  -1.520123 -0.010830 0.372540
16  0.100668 -1.622303 0.006060  -1.520196 -0.010830 2.684154
17  -0.347207 -1.741394 0.006358  3.140718 -0.000770 0.817820
18  -1.201087 -1.625224 0.006891  -0.000863 -3.140815 -1.350699
19  0.739214 -1.423823 0.003390  0.051631 0.219497 -1.058522
20  0.331216 -0.369535 0.015311  -0.000872 -3.140844 -1.246347
21  0.040354 -2.237693 0.037982  2.141467 -0.202492 -1.921337
22  -3.398841 -2.765212 0.038151  0.396810 -1.341007 1.380103
23  0.179608 -0.887708 0.010458  -0.813192 -0.582119 -1.423590
24  0.191883 -0.036287 0.053947  -0.748340 -0.352145 1.621789
25  1.239743 -0.246540 0.017971  0.222056 0.032595 -1.382959
26  4.053361 5.224116 0.002597  1.124520 0.040514 -1.911476
27  1.257356 0.089755 0.004761  0.146256 -2.597645 1.156712
28  0.338058 -3.154469 0.009341  1.386887 -0.194171 0.632729
29  0.976968 4.991899 0.040121  0.711769 -0.468774 -0.628442
30  -0.030278 -0.481259 0.012987  2.995242 -1.098583 -0.613723
31  4.279222 -1.551599 0.045212  -1.554179 -0.427040 -0.150860
32  2.720559 -0.343539 0.001741  1.807945 -0.166804 2.044959
33  -3.504459 -2.947656 0.043794  -2.751077 -0.586360 0.123473
34  2.012204 -0.575396 0.043895  -2.309365 0.631068 -1.197627
35  1.284538 1.942922 0.002808  -1.218683 -0.763792 0.283221
36  0.002512 -2.947159 0.002124  1.124592 0.040688 1.634744
37  -0.452958 -2.162080 0.004216  -1.520140 -0.010843 1.693515
38  -2.495927 -1.391464 0.001248  -0.000861 -3.140878 -0.201970
39  2.251873 -0.501686 0.001727  1.108583 0.098532 0.686921
40  -2.690628 -5.388760 0.001429  1.342954 0.184705 3.013491
41  0.003046 -1.450897 0.040794  0.792490 2.809712 -0.830626
42  0.044002 2.249246 0.000288  1.586978 0.164284 0.155464
time 93
0  0.000000 0.000000 0.000000  0.000000 0.000000 0.000000
1  3.436039 -0.141963 0.242206  -1.575508 -0.001578 -1.462422
2  -0.603465 2.612719 0.817130  1.570796 -0.000000 0.945490
3  0.000670 -1.289446 0.429581  -0.345871 -1.665262 -1.741361
4  -2.700635 1.221210 0.345276  -0.152275 2.156411 0.328745
5  -3.270344 2.485146 0.593677  1.570886 -0.000001 0.760693
6  -1.520096 -0.082595 0.378413  0.000000 0.000001 -1.540466
7  0.148932 0.356262 0.053377  0.714578 -0.799770 1.920724
8  -0.492673 -2.434525 0.103147  1.292342 1.570796 0.000000
9  -1.340381 1.690742 0.099676  0.512580 -1.570589 -0.532282
10  -2.837106 0.682560 0.074006  0.716663 2.241122 1.686309
11  -1.540559 1.564130 -0.111640  3.081346 0.006242 1.418772
12  -2.565116 -0.994923 0.098025  -2.245355 -1.571019 -0.185329
13  0.766935 -1.336427 0.028308  3.079520 0.252230 -0.100972
14  1.214063 -5.061318 0.039618  -0.000857 -3.140815 0.044331
15  -0.412467 -1.237687 0.004488  -1.520123 -0.010830 0.372540
16  0.100668 -1.622303 0.006060  -1.520196 -0.010830 2.684154
17  -0.347207 -1.741394 0.006358  3.140718 -0.000770 0.817819
18  -1.201087 -1.625224 0.006891  -0.000863 -3.140815 -1.350699
19  0.739205 -1.423817 0.003390  0.051631 0.219497 -1.058522
20  0.331217 -0.369535 0.015311  -0.000872 -3.140844 -1.246348
21  0.040354 -2.237692 0.037982  2.141467 -0.202492 -1.921336
22  -3.398841 -2.765212 0.038151  0.396810 -1.341007 1.380103
23  0.179618 -0.887724 0.010458  -0.813753 -0.580435 -1.423325
24  0.198313 -0.048356 0.061842  -0.638133 -0.549734 1.570386
25  1.239743 -0.246540 0.017971  0.222056 0.032595 -1.382959
26  4.053361 5.224116 0.002597  1.124520 0.040514 -1.911476
27  1.257356 0.089755 0.004761  0.146256 -2.597645 1.156712
28  0.338058 -3.154470 0.009341  1.386887 -0.194171 0.632749
29  0.986405 5.044345 0.042603  -0.797684 -0.550304 0.193495
30  -0.030278 -0.481259 0.012987  2.995244 -1.098584 -0.613758
31  4.301199 -1.534471 0.039504  -2.041857 0.023244 -0.124698
32  2.720558 -0.343540 0.001741  1.807945 -0.166804 2.044959
33  -3.521627 -2.956537 0.044666  -2.495547 -0.991965 -0.000221
34  2.022834 -0.566424 0.043671  -2.680187 0.529173 -1.184312
35  1.284538 1.942922 0.002808  -1.218683 -0.763792 0.283221
36  0.002512 -2.947159 0.002124  1.124592 0.040688 1.634748
37  -0.452958 -2.162080 0.004216  -1.520140 -0.010843 1.693515
38  -2.495927 -1.391464 0.001248  -0.000861 -3.140878 -0.201970
39  2.251873 -0.501686 0.001727  1.108583 0.098533 0.686875
40  -2.690628 -5.388760 0.001429  1.342954 0.184705 3.013494
41  0.002830 -1.445942 0.040472  0.870993 2.694137 -0.986704
42  0.044002 2.249246 0.000288  1.586978 0.164284 0.155464
time 94
0  0.000000 0.000000 0.000000  0.000000 0.000000 0.000000
1  3.436039 -0.141964 0.242206  -1.575508 -0.001578 -1.462422
2  -0.603465 2.612716 0.817130  1.570796 -0.000000 0.945490
3  0.002862 -1.278781 0.428058  -0.334429 -1.664003 -1.750703
4  -2.722089 1.220597 0.343612  -0.136278 2.088331 0.353869
5  -3.270346 2.485146 0.593677  1.570886 -0.000001 0.760692
6  -1.520097 -0.082595 0.378413  0.000001 0.000001 -1.540466
7  0.148932 0.356262 0.053377  0.714578 -0.799770 1.920727
8  -0.492673 -2.434525 0.103147  1.292342 1.570796 0.000000
9  -1.340381 1.690742 0.099676  0.512580 -1.570589 -0.532282
10  -2.836570 0.677716 0.077079  0.716661 2.178004 1.685997
11  -1.545278 1.568085 -0.111570  3.046715 0.021106 0.477812
12  -2.565116 -0.994923 0.098025  -2.245122 -1.571019 -0.185528
13  0.766947 -1.336405 0.028305  3.079597 0.251926 -0.100271
14  1.214063 -5.061318 0.039618  -0.000857 -3.140815 0.044331
15  -0.412467 -1.237687 0.004488  -1.520123 -0.010830 0.372540
16  0.100668 -1.622303 0.006060  -1.520196 -0.010830 2.684154
17  -0.347207 -1.741394 0.006358  3.140718 -0.000770 0.817819
18  -1.201087 -1.625224 0.006891  -0.000863 -3.140815 -1.350699
19  0.739195 -1.423811 0.003390  0.051631 0.219497 -1.058522
20  0.331218 -0.369536 0.015311  -0.000868 -3.140830 -1.246357
21  0.040353 -2.237692 0.037982  2.141467 -0.202492 -1.921336
22  -3.398841 -2.765212 0.038151  0.396810 -1.341007 1.380103
23  0.179624 -0.887737 0.010455  -0.814066 -0.579225 -1.423151
24  0.203106 -0.057309 0.066601  -0.546791 -0.679826 1.515269
25  1.239743 -0.246540 0.017971  0.222056 0.032595 -1.382959
26  4.053361 5.224116 0.002597  1.124520 0.040514 -1.911476
27  1.257356 0.089755 0.004761  0.146256 -2.597645 1.156712
28  0.338058 -3.154471 0.009341  1.386887 -0.194171 0.632769
29  0.994476 5.097262 0.041191  -1.937195 0.092621 0.446617
30  -0.030278 -0.481259 0.012987  2.995243 -1.098583 -0.613786
31  4.321222 -1.516692 0.045753  -2.514163 0.355514 -0.272219
32  2.720556 -0.343540 0.001741  1.807944 -0.166804 2.044960
33  -3.538212 -2.966045 0.044693  -1.683409 -1.295428 -0.692624
34  2.033285 -0.556983 0.043154  -3.039530 0.428103 -1.135672
35  1.284538 1.942922 0.002808  -1.218683 -0.763792 0.283221
36  0.002512 -2.947158 0.002124  1.124592 0.040688 1.634751
37  -0.452958 -2.162080 0.004216  -1.520140 -0.010843 1.693515
38  -2.495927 -1.391464 0.001248  -0.000861 -3.140878 -0.201970
39  2.251874 -0.501686 0.001727  1.108583 0.098532 0.686836
40  -2.690628 -5.388759 0.001429  1.342954 0.184705 3.013497
41  0.003326 -1.440550 0.040099  0.971579 2.559592 -1.119662
42  0.044002 2.249246 0.000288  1.586978 0.164284 0.155464
time 95
0  0.000000 0.000000 0.000000  0.000000 0.000000 0.000000
1  3.436040 -0.141963 0.242206  -1.575508 -0.001578 -1.462422
2  -0.603464 2.612714 0.817130  1.570796 -0.000000 0.945490
3  0.006110 -1.267478 0.427360  -0.313216 -1.664696 -1.768573
4  -2.741389 1.220536 0.342864  -0.124222 2.029190 0.372739
5  -3.270349 2.485145 0.593677  1.570886 -0.000001 0.760691
6  -1.520097 -0.082596 0.378413  0.000001 0.000001 -1.540466
7  0.148932 0.356262 0.053377  0.714578 -0.799770 1.920728
8  -0.492673 -2.434525 0.103147  1.292342 1.570796 0.000000
9  -1.340381 1.690742 0.099676  0.512580 -1.570589 -0.532282
10  -2.835964 0.672351 0.080236  0.716659 2.109711 1.685854
11  -1.548014 1.572870 -0.111511  2.998266 0.009122 -0.459218
12  -2.565116 -0.994923 0.098025  -2.245122 -1.571019 -0.185528
13  0.766960 -1.336383 0.028302  3.079672 0.251624 -0.099576
14  1.214063 -5.061318 0.039618  -0.000857 -3.140815 0.044331
15  -0.412467 -1.237687 0.004488  -1.520123 -0.010830 0.372540
16  0.100668 -1.622303 0.006060  -1.520196 -0.010830 2.684154
17  -0.347207 -1.741394 0.006358  3.140718 -0.000770 0.817819
18  -1.201087 -1.625224 0.006891  -0.000863 -3.140815 -1.350699
19  0.739185 -1.423804 0.003390  0.051631 0.219497 -1.058522
20  0.331219 -0.369538 0.015311  -0.000868 -3.140828 -1.246372
21  0.040353 -2.237691 0.037982  2.141467 -0.202493 -1.921335
22  -3.398841 -2.765212 0.038151  0.396810 -1.341007 1.380102
23  0.179639 -0.887769 0.010451  -0.815008 -0.575977 -1.422702
24  0.206249 -0.063125 0.069181  -0.482900 -0.756367 1.471752
25  1.239743 -0.246540 0.017971  0.222056 0.032595 -1.382959
26  4.053361 5.224116 0.002597  1.124520 0.040514 -1.911476
27  1.257355 0.089755 0.004761  0.146256 -2.597645 1.156712
28  0.338058 -3.154472 0.009341  1.386887 -0.194171 0.632789
29  1.001862 5.149287 0.042186  3.060349 0.563228 -0.098028
30  -0.030278 -0.481259 0.012987  2.995241 -1.098583 -0.613815
31  4.339353 -1.498713 0.048778  -3.064172 0.555515 -0.565730
32  2.720555 -0.343540 0.001741  1.807945 -0.166804 2.044960
33  -3.554445 -2.976308 0.043877  -0.372677 -1.145688 -1.886621
34  2.043608 -0.546939 0.042374  2.881493 0.334495 -1.059028
35  1.284538 1.942922 0.002808  -1.218683 -0.763792 0.283221
36  0.002512 -2.947158 0.002124  1.124592 0.040688 1.634755
37  -0.452958 -2.162080 0.004216  -1.520140 -0.010843 1.693515
38  -2.495927 -1.391464 0.001248  -0.000861 -3.140878 -0.201970
39  2.251874 -0.501685 0.001727  1.108583 0.098533 0.686791
40  -2.690628 -5.388759 0.001429  1.342954 0.184705 3.013500
41  0.004095 -1.434574 0.040528  -2.067338 0.703045 1.906785
42  0.044002 2.249246 0.000288  1.586978 0.164284 0.155464
time 96
0  0.000000 0.000000 0.000000  0.000000 0.000000 0.000000
1  3.436041 -0.141962 0.242206  -1.575508 -0.001578 -1.462422
2  -0.603463 2.612711 0.817130  1.570796 -0.000000 0.945490
3  0.008825 -1.257151 0.427377  -0.273162 -1.667633 -1.805268
4  -2.758479 1.220204 0.341902  -0.108826 1.979133 0.391903
5  -3.270351 2.485145 0.593677  1.570886 -0.000001 0.760690
6  -1.520098 -0.082597 0.378413  0.000001 0.000001 -1.540466
7  0.148932 0.356262 0.053377  0.714578 -0.799770 1.920732
8  -0.492673 -2.434525 0.103147  1.292342 1.570796 0.000000
9  -1.340381 1.690742 0.099676  0.512580 -1.570589 -0.532282
10  -2.835328 0.666671 0.083275  0.716657 2.039797 1.685671
11  -1.548870 1.577711 -0.111527  2.969160 -0.040804 -1.391410
12  -2.565117 -0.994923 0.098025  -2.245122 -1.571019 -0.185528
13  0.766972 -1.336360 0.028298  3.079747 0.251323 -0.098886
14  1.214063 -5.061318 0.039618  -0.000857 -3.140815 0.044331
15  -0.412467 -1.237687 0.004488  -1.520123 -0.010830 0.372540
16  0.100668 -1.622303 0.006060  -1.520196 -0.010830 2.684154
17  -0.347207 -1.741394 0.006358  3.140718 -0.000770 0.817819
18  -1.201087 -1.625224 0.006891  -0.000863 -3.140815 -1.350699
19  0.739176 -1.423798 0.003390  0.051631 0.219497 -1.058522
20  0.331221 -0.369540 0.015311  -0.000865 -3.140825 -1.246392
21  0.040353 -2.237690 0.037982  2.141467 -0.202493 -1.921335
22  -3.398841 -2.765212 0.038151  0.396810 -1.341007 1.380102
23  0.179621 -0.887716 0.010453  -0.814580 -0.577453 -1.423282
24  0.207704 -0.065870 0.070207  -0.453002 -0.788473 1.450060
25  1.239743 -0.246540 0.017971  0.222056 0.032595 -1.382959
26  4.053361 5.224116 0.002597  1.124520 0.040514 -1.911476
27  1.257355 0.089755 0.004761  0.146256 -2.597645 1.156712
28  0.338058 -3.154472 0.009341  1.386887 -0.194171 0.632809
29  1.010570 5.201413 0.042843  1.753093 0.207220 -0.726040
30  -0.030278 -0.481259 0.012987  2.995242 -1.098583 -0.613846
31  4.356567 -1.480306 0.049037  2.619182 0.555860 -0.928577
32  2.720554 -0.343541 0.001741  1.807945 -0.166804 2.044960
33  -3.570512 -2.987439 0.042272  0.016956 -0.741549 -2.154576
34  2.053799 -0.536176 0.041397  2.506164 0.254017 -0.959363
35  1.284538 1.942922 0.002808  -1.218683 -0.763792 0.283221
36  0.002512 -2.947158 0.002124  1.124592 0.040688 1.634758
37  -0.452958 -2.162080 0.004216  -1.520140 -0.010843 1.693515
38  -2.495927 -1.391464 0.001248  -0.000861 -3.140878 -0.201970
39  2.251874 -0.501685 0.001727  1.108583 0.098533 0.686752
40  -2.690628 -5.388759 0.001429  1.342954 0.184705 3.013503
41  0.004589 -1.429319 0.041026  -1.996281 0.800980 1.781131
42  0.044002 2.249246 0.000288  1.586978 0.164284 0.155464
time 97
0  0.000000 0.000000 0.000000  0.000000 0.000000 0.000000
1  3.436042 -0.141962 0.242206  -1.575508 -0.001578 -1.462422
2  -0.603463 2.612709 0.817130  1.570796 -0.000000 0.945490
3  0.010735 -1.248310 0.427329  -0.244225 -1.669807 -1.831819
4  -2.773188 1.219077 0.340976  -0.090204 1.937387 0.411371
5  -3.270354 2.485145 0.593677  1.570886 -0.000001 0.760689
6  -1.520098 -0.082598 0.378413  0.000001 0.000001 -1.540465
7  0.148933 0.356262 0.053377  0.714578 -0.799770 1.920734
8  -0.492673 -2.434525 0.103147  1.292342 1.570796 0.000000
9  -1.340381 1.690742 0.099676  0.512580 -1.570589 -0.532282
10  -2.834698 0.660812 0.086077  0.716655 1.970501 1.685627
11  -1.548204 1.582232 -0.111602  -0.155751 -3.046826 0.819651
12  -2.565117 -0.994923 0.098025  -2.245256 -1.571019 -0.185358
13  0.766985 -1.336338 0.028295  3.079822 0.251023 -0.098202
14  1.214063 -5.061318 0.039618  -0.000857 -3.140815 0.044331
15  -0.412467 -1.237687 0.004488  -1.520123 -0.010830 0.372540
16  0.100668 -1.622303 0.006060  -1.520196 -0.010830 2.684154
17  -0.347207 -1.741394 0.006358  3.140718 -0.000770 0.817819
18  -1.201087 -1.625224 0.006891  -0.000863 -3.140815 -1.350699
19  0.739166 -1.423791 0.003390  0.051631 0.219497 -1.058522
20  0.331222 -0.369541 0.015311  -0.000866 -3.140825 -1.246407
21  0.040353 -2.237690 0.037982  2.141467 -0.202492 -1.921338
22  -3.398841 -2.765212 0.038151  0.396809 -1.341007 1.380103
23  0.179626 -0.887724 0.010452  -0.814938 -0.576367 -1.423071
24  0.207542 -0.065593 0.069942  -0.461346 -0.780106 1.455539
25  1.239743 -0.246540 0.017971  0.222056 0.032595 -1.382959
26  4.053361 5.224116 0.002597  1.124520 0.040514 -1.911476
27  1.257355 0.089755 0.004761  0.146256 -2.597645 1.156712
28  0.338058 -3.154473 0.009341  1.386887 -0.194171 0.632829
29  1.020497 5.252560 0.040354  0.638597 -0.445707 -0.610727
30  -0.030278 -0.481259 0.012987  2.995241 -1.098583 -0.613879
31  4.373121 -1.461174 0.046657  2.076310 0.361589 -1.215370
32  2.720553 -0.343541 0.001741  1.807945 -0.166804 2.044960
33  -3.586585 -2.999057 0.042538  0.197685 -0.297531 -2.196021
34  2.064399 -0.524804 0.041248  2.132049 0.203759 -0.840305
35  1.284538 1.942922 0.002808  -1.218683 -0.763792 0.283221
36  0.002512 -2.947157 0.002124  1.124592 0.040688 1.634762
37  -0.452958 -2.162080 0.004216  -1.520140 -0.010843 1.693515
38  -2.495927 -1.391464 0.001248  -0.000861 -3.140878 -0.201970
39  2.251875 -0.501685 0.001727  1.108583 0.098533 0.686708
40  -2.690628 -5.388759 0.001429  1.342954 0.184705 3.013506
41  0.004857 -1.424666 0.041333  -1.955984 0.889271 1.637945
42  0.044002 2.249246 0.000288  1.586978 0.164284 0.155464
time 98
0  0.000000 0.000000 0.000000  0.000000 0.000000 0.000000
1  3.436043 -0.141961 0.242206  -1.575508 -0.001578 -1.462422
2  -0.603462 2.612706 0.817130  1.570796 -0.000000 0.945489
3  0.011782 -1.240659 0.427173  -0.224349 -1.671537 -1.850398
4  -2.785378 1.216869 0.340148  -0.069331 1.903114 0.430573
5  -3.270356 2.485145 0.593677  1.570886 -0.000001 0.760688
6  -1.520099 -0.082599 0.378413  0.000000 0.000001 -1.540465
7  0.148933 0.356262 0.053377  0.714578 -0.799770 1.920737
8  -0.492673 -2.434525 0.103147  1.292342 1.570796 0.000000
9  -1.340381 1.690742 0.099676  0.512580 -1.570589 -0.532282
10  -2.834043 0.654949 0.088590  0.716654 1.903141 1.685574
11  -1.546240 1.586354 -0.111684  -0.114681 -3.024200 -0.110692
12  -2.565117 -0.994923 0.098025  -2.245256 -1.571019 -0.185358
13  0.766999 -1.336316 0.028292  3.079897 0.250725 -0.097523
14  1.214063 -5.061318 0.039618  -0.000857 -3.140815 0.044331
15  -0.412467 -1.237687 0.004488  -1.520123 -0.010830 0.372540
16  0.100668 -1.622303 0.006060  -1.520196 -0.010830 2.684154
17  -0.347207 -1.741394 0.006358  3.140718 -0.000770 0.817819
18  -1.201087 -1.625224 0.006891  -0.000863 -3.140815 -1.350699
19  0.739157 -1.423784 0.003390  0.051631 0.219497 -1.058522
20  0.331224 -0.369543 0.015311  -0.000866 -3.140826 -1.246423
21  0.040353 -2.237689 0.037982  2.141467 -0.202492 -1.921350
22  -3.398841 -2.765212 0.038151  0.396809 -1.341007 1.380103
23  0.179636 -0.887735 0.010450  -0.815350 -0.574984 -1.423104
24  0.205804 -0.062280 0.068296  -0.506990 -0.729675 1.486863
25  1.239743 -0.246540 0.017971  0.222056 0.032595 -1.382959
26  4.053361 5.224116 0.002597  1.124520 0.040514 -1.911476
27  1.257355 0.089756 0.004761  0.146256 -2.597645 1.156712
28  0.338058 -3.154474 0.009341  1.386887 -0.194171 0.632849
29  1.029542 5.303720 0.042684  -0.797833 -0.542802 0.141108
30  -0.030278 -0.481259 0.012987  2.995242 -1.098583 -0.613908
31  4.389199 -1.441132 0.041734  1.604881 0.017297 -1.354987
32  2.720551 -0.343541 0.001741  1.807945 -0.166804 2.044960
33  -3.602679 -3.009918 0.043525  0.357878 0.120646 -2.163805
34  2.075918 -0.514025 0.040975  1.766208 0.225622 -0.716309
35  1.284538 1.942922 0.002808  -1.218683 -0.763792 0.283221
36  0.002512 -2.947157 0.002124  1.124592 0.040688 1.634760
37  -0.452959 -2.162080 0.004216  -1.520140 -0.010843 1.693515
38  -2.495927 -1.391464 0.001248  -0.000861 -3.140878 -0.201970
39  2.251875 -0.501685 0.001727  1.108583 0.098533 0.686669
40  -2.690628 -5.388759 0.001429  1.342954 0.184705 3.013509
41  0.004811 -1.420572 0.041474  -1.955005 0.965257 1.465839
42  0.044002 2.249246 0.000288  1.586978 0.164284 0.155464
time 99
0  0.000000 0.000000 0.000000  0.000000 0.000000 0.000000
1  3.436044 -0.141960 0.242206  -1.575508 -0.001578 -1.462422
2  -0.603462 2.612704 0.817130  1.570796 -0.000000 0.945489
3  0.011915 -1.233986 0.426939  -0.211625 -1.672706 -1.863046
4  -2.795423 1.214705 0.339141  -0.050548 1.876351 0.446561
5  -3.270359 2.485145 0.593677  1.570886 -0.000001 0.760687
6  -1.520099 -0.082600 0.378413  0.000000 0.000001 -1.540465
7  0.148933 0.356263 0.053377  0.714578 -0.799770 1.920740
8  -0.492673 -2.434525 0.103147  1.292342 1.570796 0.000000
9  -1.340381 1.690742 0.099676  0.512580 -1.570589 -0.532282
10  -2.833400 0.649149 0.090808  0.716650 1.838055 1.685491
11  -1.543083 1.590017 -0.111759  -0.081366 -3.030076 -1.036568
12  -2.565117 -0.994923 0.098025  -2.245256 -1.571019 -0.185358
13  0.767012 -1.336293 0.028289  3.079971 0.250427 -0.096850
14  1.214063 -5.061318 0.039618  -0.000857 -3.140815 0.044331
15  -0.412467 -1.237687 0.004488  -1.520123 -0.010830 0.372540
16  0.100668 -1.622303 0.006060  -1.520196 -0.010830 2.684154
17  -0.347207 -1.741394 0.006358  3.140718 -0.000770 0.817819
18  -1.201087 -1.625224 0.006891  -0.000863 -3.140815 -1.350699
19  0.739147 -1.423777 0.003390  0.051631 0.219497 -1.058522
20  0.331225 -0.369545 0.015311  -0.000868 -3.140828 -1.246439
21  0.040353 -2.237688 0.037982  2.141467 -0.202492 -1.921352
22  -3.398841 -2.765212 0.038151  0.396809 -1.341007 1.380103
23  0.179637 -0.887736 0.010450  -0.815496 -0.574627 -1.423019
24  0.202438 -0.055908 0.064854  -0.583992 -0.630525 1.535668
25  1.239743 -0.246540 0.017971  0.222056 0.032595 -1.382959
26  4.053361 5.224116 0.002597  1.124520 0.040514 -1.911476
27  1.257355 0.089756 0.004761  0.146256 -2.597645 1.156712
28  0.338058 -3.154474 0.009341  1.386887 -0.194171 0.632869
29  1.037323 5.355100 0.040886  -1.940019 0.035286 0.423921
30  -0.030278 -0.481259 0.012987  2.995242 -1.098583 -0.613937
31  4.405741 -1.421632 0.042158  1.103504 -0.346801 -1.325452
32  2.720550 -0.343542 0.001741  1.807945 -0.166804 2.044960
33  -3.618934 -3.020131 0.043660  0.566308 0.510734 -2.054686
34  2.088249 -0.503930 0.040303  1.393070 0.318862 -0.615077
35  1.284538 1.942922 0.002808  -1.218683 -0.763792 0.283221
36  0.002512 -2.947157 0.002124  1.124592 0.040688 1.634761
37  -0.452959 -2.162080 0.004216  -1.520140 -0.010843 1.693515
38  -2.495927 -1.391464 0.001248  -0.000861 -3.140878 -0.201970
39  2.251875 -0.501685 0.001727  1.108583 0.098533 0.686626
40  -2.690628 -5.388759 0.001429  1.342954 0.184705 3.013512
41  0.004419 -1.416942 0.041466  -1.999395 1.027076 1.255747
42  0.044002 2.249246 0.000288  1.586978 0.164284 0.155464
time 100
0  0.000000 0.000000 0.000000  0.000000 0.000000 0.000000
1  3.436045 -0.141960 0.242206  -1.575508 -0.001578 -1.462422
2  -0.603461 2.612701 0.817130  1.570796 -0.000000 0.945489
3  0.011143 -1.228026 0.426618  -0.205364 -1.673393 -1.870571
4  -2.803415 1.212910 0.338419  -0.033402 1.856809 0.460626
5  -3.270361 2.485145 0.593677  1.570886 -0.000001 0.760686
6  -1.520100 -0.082601 0.378413  0.000000 0.000001 -1.540465
7  0.148933 0.356263 0.053377  0.714578 -0.799770 1.920742
8  -0.492673 -2.434525 0.103147  1.292342 1.570796 0.000000
9  -1.340381 1.690742 0.099676  0.512580 -1.570589 -0.532282
10  -2.832823 0.643622 0.092664  0.716662 1.778013 1.685619
11  -1.538706 1.592841 -0.111763  3.082744 -0.100588 1.185060
12  -2.565117 -0.994923 0.098025  -2.245256 -1.571019 -0.185358
13  0.767025 -1.336271 0.028286  3.080044 0.250132 -0.096182
14  1.214063 -5.061318 0.039618  -0.000857 -3.140815 0.044331
15  -0.412467 -1.237687 0.004488  -1.520123 -0.010830 0.372540
16  0.100668 -1.622303 0.006060  -1.520196 -0.010830 2.684154
17  -0.347207 -1.741394 0.006358  3.140718 -0.000770 0.817819
18  -1.201087 -1.625224 0.006891  -0.000863 -3.140815 -1.350699
19  0.739137 -1.423770 0.003390  0.051631 0.219497 -1.058522
20  0.331227 -0.369546 0.015311  -0.000865 -3.140825 -1.246459
21  0.040353 -2.237687 0.037982  2.141467 -0.202492 -1.921354
22  -3.398841 -2.765212 0.038151  0.396809 -1.341007 1.380102
23  0.179631 -0.887726 0.010450  -0.815588 -0.574384 -1.423338
24  0.197487 -0.046491 0.058835  -0.684404 -0.471081 1.588758
25  1.239743 -0.246540 0.017971  0.222056 0.032595 -1.382959
26  4.053361 5.224116 0.002597  1.124520 0.040514 -1.911476
27  1.257355 0.089756 0.004761  0.146256 -2.597645 1.156712
28  0.338058 -3.154475 0.009341  1.386887 -0.194171 0.632889
29  1.044558 5.405635 0.042383  3.132935 0.524429 -0.021332
30  -0.030279 -0.481259 0.012987  2.995241 -1.098583 -0.613967
31  4.422119 -1.403125 0.046491  0.552760 -0.614108 -1.126705
32  2.720549 -0.343542 0.001741  1.807944 -0.166805 2.044961
33  -3.635519 -3.029833 0.043000  0.932441 0.852349 -1.779028
34  2.100524 -0.494894 0.041613  1.015144 0.433102 -0.554234
35  1.284538 1.942922 0.002808  -1.218683 -0.763792 0.283221
36  0.002513 -2.947156 0.002124  1.124592 0.040688 1.634764
37  -0.452959 -2.162080 0.004216  -1.520140 -0.010843 1.693515
38  -2.495927 -1.391464 0.001248  -0.000861 -3.140878 -0.201970
39  2.251875 -0.501685 0.001727  1.108583 0.098533 0.686586
40  -2.690628 -5.388759 0.001429  1.342954 0.184705 3.013515
41  0.003627 -1.413658 0.041326  -2.092254 1.069587 1.002361
42  0.044002 2.249246 0.000288  1.586978 0.164284 0.155464
time 101
0  0.000000 0.000000 0.000000  0.000000 0.000000 0.000000
1  3.436045 -0.141960 0.242206  -1.575508 -0.001578 -1.462422
2  -0.603460 2.612699 0.817130  1.570796 -0.000000 0.945489
3  0.009496 -1.222528 0.426206  -0.202362 -1.673638 -1.876147
4  -2.810189 1.212229 0.338755  -0.003937 1.837285 0.489556
5  -3.270364 2.485145 0.593677  1.570886 -0.000001 0.760685
6  -1.520100 -0.082602 0.378413  0.000000 0.000001 -1.540464
7  0.148934 0.356263 0.053377  0.714578 -0.799770 1.920745
8  -0.492673 -2.434525 0.103147  1.292342 1.570796 0.000000
9  -1.340381 1.690742 0.099676  0.512580 -1.570589 -0.532282
10  -2.832552 0.640866 0.093466  0.716668 1.750009 1.685814
11  -1.533446 1.594230 -0.111698  3.105827 -0.083255 0.270468
12  -2.565118 -0.994922 0.098025  -2.245256 -1.571019 -0.185358
13  0.767039 -1.336249 0.028283  3.080125 0.249849 -0.095516
14  1.214063 -5.061318 0.039618  -0.000857 -3.140815 0.044331
15  -0.412467 -1.237687 0.004488  -1.520123 -0.010830 0.372540
16  0.100668 -1.622303 0.006060  -1.520196 -0.010830 2.684154
17  -0.347207 -1.741394 0.006358  3.140718 -0.000770 0.817819
18  -1.201087 -1.625224 0.006891  -0.000863 -3.140815 -1.350699
19  0.739128 -1.423764 0.003390  0.051631 0.219497 -1.058523
20  0.331228 -0.369548 0.015311  -0.000868 -3.140828 -1.246472
21  0.040353 -2.237686 0.037982  2.141467 -0.202492 -1.921355
22  -3.398841 -2.765212 0.038151  0.396810 -1.341007 1.380102
23  0.179627 -0.887722 0.010447  -0.815581 -0.574048 -1.423552
24  0.191105 -0.034361 0.049110  -0.803612 -0.234672 1.630207
25  1.239744 -0.246540 0.017971  0.222056 0.032595 -1.382959
26  4.053361 5.224116 0.002597  1.124520 0.040514 -1.911476
27  1.257355 0.089756 0.004761  0.146256 -2.597645 1.156712
28  0.338058 -3.154476 0.009341  1.386887 -0.194171 0.632909
29  1.053210 5.456226 0.042764  1.829184 0.282696 -0.661662
30  -0.030279 -0.481259 0.012987  2.995242 -1.098583 -0.613997
31  4.437657 -1.384842 0.048978  -0.067550 -0.739249 -0.795361
32  2.720548 -0.343543 0.001741  1.807944 -0.166805 2.044961
33  -3.652629 -3.039163 0.041614  1.668426 1.031758 -1.133535
34  2.112390 -0.486200 0.042487  0.649095 0.557030 -0.527879
35  1.284538 1.942922 0.002808  -1.218683 -0.763792 0.283221
36  0.002513 -2.947156 0.002124  1.124592 0.040688 1.634765
37  -0.452959 -2.162080 0.004216  -1.520140 -0.010843 1.693515
38  -2.495927 -1.391464 0.001248  -0.000861 -3.140878 -0.201970
39  2.251876 -0.501684 0.001727  1.108583 0.098533 0.686543
40  -2.690628 -5.388759 0.001429  1.342954 0.184705 3.013518
41  0.002431 -1.410575 0.041061  -2.229221 1.085051 0.708704
42  0.044002 2.249246 0.000288  1.586978 0.164284 0.155464
time 102
0  0.000000 0.000000 0.000000  0.000000 0.000000 0.000000
1  3.436045 -0.141959 0.242206  -1.575508 -0.001578 -1.462422
2  -0.603459 2.612696 0.817130  1.570796 -0.000000 0.945489
3  0.007134 -1.217223 0.425826  -0.196126 -1.673748 -1.886074
4  -2.814905 1.212837 0.340288  0.023478 1.828381 0.515852
5  -3.270366 2.485144 0.593677  1.570886 -0.000001 0.760684
6  -1.520101 -0.082603 0.378413  0.000000 0.000001 -1.540464
7  0.148934 0.356263 0.053377  0.714578 -0.799770 1.920747
8  -0.492673 -2.434525 0.103147  1.292342 1.570796 0.000000
9  -1.340381 1.690742 0.099676  0.512580 -1.570589 -0.532282
10  -2.832906 0.641884 0.092995  0.716734 1.766405 1.688285
11  -1.528045 1.593672 -0.111604  3.120833 -0.047535 -0.637449
12  -2.565118 -0.994922 0.098025  -2.245256 -1.571019 -0.185358
13  0.767053 -1.336227 0.028280  3.080198 0.249558 -0.094859
14  1.214063 -5.061318 0.039618  -0.000857 -3.140815 0.044331
15  -0.412467 -1.237687 0.004488  -1.520123 -0.010830 0.372540
16  0.100668 -1.622303 0.006060  -1.520196 -0.010830 2.684154
17  -0.347207 -1.741394 0.006358  3.140718 -0.000770 0.817819
18  -1.201087 -1.625224 0.006891  -0.000863 -3.140815 -1.350699
19  0.739118 -1.423756 0.003390  0.051631 0.219497 -1.058523
20  0.331229 -0.369550 0.015311  -0.000867 -3.140828 -1.246481
21  0.040353 -2.237685 0.037982  2.141467 -0.202492 -1.921358
22  -3.398841 -2.765212 0.038151  0.396810 -1.341007 1.380101
23  0.179627 -0.887724 0.010448  -0.816004 -0.573297 -1.423708
24  0.184148 -0.020703 0.034474  -0.954301 0.102388 1.639908
25  1.239744 -0.246540 0.017971  0.222056 0.032595 -1.382958
26  4.053361 5.224116 0.002597  1.124520 0.040514 -1.911476
27  1.257355 0.089756 0.004761  0.146256 -2.597645 1.156712
28  0.338059 -3.154477 0.009341  1.386887 -0.194171 0.632929
29  1.063136 5.505839 0.040314  0.746057 -0.334090 -0.664774
30  -0.030279 -0.481259 0.012987  2.995244 -1.098584 -0.614030
31  4.452590 -1.366565 0.049211  -0.704335 -0.704665 -0.433534
32  2.720547 -0.343543 0.001741  1.807945 -0.166804 2.044961
33  -3.669987 -3.047929 0.042550  2.437880 0.881971 -0.453598
34  2.123994 -0.477852 0.042970  0.276454 0.683747 -0.543553
35  1.284538 1.942922 0.002808  -1.218683 -0.763792 0.283221
36  0.002513 -2.947156 0.002124  1.124593 0.040689 1.634766
37  -0.452959 -2.162080 0.004216  -1.520140 -0.010843 1.693515
38  -2.495927 -1.391464 0.001248  -0.000861 -3.140878 -0.201970
39  2.251876 -0.501684 0.001727  1.108583 0.098533 0.686504
40  -2.690628 -5.388759 0.001429  1.342954 0.184705 3.013521
41  0.000673 -1.407750 0.040838  -2.384318 1.071915 0.399530
42  0.044002 2.249246 0.000288  1.586978 0.164284 0.155464
time 103
0  0.000000 0.000000 0.000000  0.000000 0.000000 0.000000
1  3.436044 -0.141959 0.242206  -1.575508 -0.001578 -1.462422
2  -0.603459 2.612694 0.817130  1.570796 -0.000000 0.945489
3  0.005195 -1.212909 0.425800  -0.186503 -1.674815 -1.899403
4  -2.816814 1.213722 0.340801  0.026519 1.829218 0.515348
5  -3.270368 2.485144 0.593677  1.570886 -0.000001 0.760683
6  -1.520101 -0.082604 0.378413  0.000000 0.000001 -1.540464
7  0.148934 0.356263 0.053377  0.714578 -0.799770 1.920750
8  -0.492673 -2.434525 0.103147  1.292342 1.570796 0.000000
9  -1.340381 1.690742 0.099676  0.512580 -1.570589 -0.532282
10  -2.833285 0.644054 0.092308  0.716663 1.789988 1.689811
11  -1.523479 1.591124 -0.111554  3.106219 -0.003968 -1.538838
12  -2.565118 -0.994922 0.098025  -2.245023 -1.571019 -0.185557
13  0.767067 -1.336204 0.028278  3.080271 0.249268 -0.094206
14  1.214063 -5.061317 0.039618  -0.000857 -3.140815 0.044331
15  -0.412467 -1.237687 0.004488  -1.520123 -0.010830 0.372540
16  0.100668 -1.622303 0.006060  -1.520196 -0.010830 2.684154
17  -0.347207 -1.741394 0.006358  3.140718 -0.000770 0.817819
18  -1.201087 -1.625224 0.006891  -0.000863 -3.140815 -1.350699
19  0.739109 -1.423749 0.003390  0.051631 0.219497 -1.058523
20  0.331230 -0.369552 0.015311  -0.000865 -3.140825 -1.246505
21  0.040353 -2.237684 0.037982  2.141467 -0.202492 -1.921359
22  -3.398841 -2.765212 0.038151  0.396810 -1.341007 1.380101
23  0.179598 -0.887714 0.010446  -0.815980 -0.572872 -1.424640
24  0.176920 -0.007529 0.023235  -1.210616 0.566856 1.558930
25  1.239744 -0.246540 0.017971  0.222056 0.032595 -1.382959
26  4.053361 5.224116 0.002597  1.124520 0.040514 -1.911476
27  1.257354 0.089756 0.004761  0.146256 -2.597645 1.156713
28  0.338059 -3.154478 0.009341  1.386887 -0.194171 0.632949
29  1.072210 5.555483 0.042692  -0.594242 -0.573491 -0.021894
30  -0.030279 -0.481258 0.012987  2.995244 -1.098584 -0.614062
31  4.467225 -1.347911 0.047211  -1.268645 -0.532116 -0.167885
32  2.720546 -0.343544 0.001741  1.807947 -0.166803 2.044960
33  -3.687365 -3.056242 0.042687  2.838668 0.545753 -0.143680
34  2.135524 -0.469791 0.043050  -0.128633 0.804223 -0.616357
35  1.284538 1.942922 0.002808  -1.218683 -0.763792 0.283221
36  0.002513 -2.947156 0.002124  1.124593 0.040688 1.634766
37  -0.452959 -2.162080 0.004216  -1.520140 -0.010843 1.693515
38  -2.495927 -1.391464 0.001248  -0.000861 -3.140878 -0.201970
39  2.251876 -0.501684 0.001727  1.108583 0.098533 0.686462
40  -2.690628 -5.388759 0.001429  1.342954 0.184705 3.013524
41  -0.001493 -1.406039 0.041135  -2.494039 1.052413 0.134240
42  0.044002 2.249246 0.000288  1.586978 0.164284 0.155464
time 104
0  0.000000 0.000000 0.000000  0.000000 0.000000 0.000000
1  3.436045 -0.141958 0.242206  -1.575508 -0.001578 -1.462422
2  -0.603458 2.612691 0.817130  1.570796 -0.000000 0.945489
3  0.003842 -1.210256 0.425746  -0.181790 -1.675291 -1.907901
4  -2.816604 1.214156 0.340843  0.016511 1.835424 0.501764
5  -3.270371 2.485144 0.593677  1.570886 -0.000001 0.760682
6  -1.520102 -0.082605 0.378413  0.000000 0.000001 -1.540463
7  0.148934 0.356263 0.053377  0.714578 -0.799770 1.920752
8  -0.492673 -2.434525 0.103147  1.292342 1.570796 0.000000
9  -1.340381 1.690742 0.099676  0.512580 -1.570589 -0.532282
10  -2.833539 0.645496 0.091823  0.716668 1.806014 1.690421
11  -1.520561 1.587102 -0.111593  -0.077468 3.124324 0.704669
12  -2.565118 -0.994922 0.098025  -2.245023 -1.571019 -0.185557
13  0.767081 -1.336181 0.028275  3.080344 0.248978 -0.093557
14  1.214063 -5.061317 0.039618  -0.000857 -3.140815 0.044331
15  -0.412467 -1.237687 0.004488  -1.520123 -0.010830 0.372540
16  0.100668 -1.622303 0.006060  -1.520196 -0.010830 2.684154
17  -0.347207 -1.741394 0.006358  3.140718 -0.000770 0.817819
18  -1.201087 -1.625224 0.006891  -0.000863 -3.140815 -1.350699
19  0.739099 -1.423741 0.003390  0.051631 0.219497 -1.058523
20  0.331231 -0.369554 0.015311  -0.000868 -3.140828 -1.246519
21  0.040353 -2.237684 0.037982  2.141467 -0.202492 -1.921361
22  -3.398841 -2.765213 0.038151  0.396809 -1.341007 1.380102
23  0.179581 -0.887703 0.010447  -0.816182 -0.572380 -1.425488
24  0.170320 0.003908 0.018849  -1.831323 1.026166 1.098924
25  1.239744 -0.246540 0.017971  0.222056 0.032595 -1.382958
26  4.053361 5.224116 0.002597  1.124520 0.040514 -1.911476
27  1.257354 0.089756 0.004761  0.146256 -2.597645 1.156712
28  0.338059 -3.154478 0.009341  1.386887 -0.194171 0.632969
29  1.080001 5.605373 0.041073  -1.787856 -0.118338 0.395899
30  -0.030279 -0.481258 0.012987  2.995242 -1.098583 -0.614088
31  4.481780 -1.328553 0.043026  -1.769501 -0.260735 -0.037980
32  2.720545 -0.343544 0.001741  1.807945 -0.166804 2.044960
33  -3.704908 -3.064142 0.042206  3.066977 0.147840 -0.018709
34  2.147174 -0.461912 0.042723  -0.598475 0.901737 -0.768456
35  1.284538 1.942922 0.002808  -1.218683 -0.763792 0.283221
36  0.002513 -2.947155 0.002124  1.124592 0.040688 1.634764
37  -0.452959 -2.162080 0.004216  -1.520140 -0.010843 1.693515
38  -2.495927 -1.391464 0.001248  -0.000861 -3.140878 -0.201970
39  2.251876 -0.501684 0.001727  1.108583 0.098533 0.686423
40  -2.690628 -5.388759 0.001429  1.342954 0.184705 3.013527
41  -0.003320 -1.405039 0.041284  -2.545710 1.028125 -0.079324
42  0.044002 2.249246 0.000288  1.586978 0.164284 0.155464
time 105
0  0.000000 0.000000 0.000000  0.000000 0.000000 0.000000
1  3.436046 -0.141958 0.242206  -1.575508 -0.001578 -1.462422
2  -0.603458 2.612689 0.817130  1.570796 -0.000000 0.945489
3  0.002718 -1.209218 0.425694  -0.180960 -1.675306 -1.912457
4  -2.814383 1.214295 0.340142  -0.005772 1.846245 0.476575
5  -3.270373 2.485144 0.593677  1.570886 -0.000001 0.760681
6  -1.520103 -0.082606 0.378413  0.000000 0.000001 -1.540463
7  0.148935 0.356264 0.053377  0.714578 -0.799770 1.920755
8  -0.492673 -2.434525 0.103147  1.292342 1.570796 0.000000
9  -1.340381 1.690742 0.099676  0.512580 -1.570589 -0.532282
10  -2.833707 0.646235 0.091562  0.716669 1.814406 1.691034
11  -1.519613 1.582468 -0.111696  -0.117564 3.136787 -0.190813
12  -2.565118 -0.994922 0.098025  -2.245023 -1.571019 -0.185557
13  0.767096 -1.336158 0.028272  3.080417 0.248690 -0.092913
14  1.214063 -5.061317 0.039618  -0.000857 -3.140815 0.044331
15  -0.412467 -1.237687 0.004488  -1.520123 -0.010830 0.372540
16  0.100668 -1.622303 0.006060  -1.520196 -0.010830 2.684154
17  -0.347207 -1.741394 0.006358  3.140718 -0.000770 0.817819
18  -1.201087 -1.625224 0.006891  -0.000863 -3.140815 -1.350699
19  0.739090 -1.423733 0.003390  0.051631 0.219497 -1.058523
20  0.331232 -0.369555 0.015311  -0.000866 -3.140826 -1.246537
21  0.040353 -2.237683 0.037982  2.141467 -0.202492 -1.921363
22  -3.398841 -2.765213 0.038151  0.396810 -1.341007 1.380100
23  0.179565 -0.887691 0.010448  -0.816321 -0.572050 -1.426490
24  0.163862 0.014639 0.022305  -3.101118 1.026134 -0.024923
25  1.239744 -0.246540 0.017971  0.222056 0.032595 -1.382958
26  4.053361 5.224116 0.002597  1.124520 0.040514 -1.911476
27  1.257354 0.089756 0.004761  0.146256 -2.597645 1.156712
28  0.338059 -3.154479 0.009341  1.386887 -0.194171 0.632989
29  1.087142 5.654369 0.042258  -2.892662 0.435442 0.141990
30  -0.030279 -0.481258 0.012987  2.995242 -1.098583 -0.614117
31  4.496257 -1.308817 0.041972  -2.260491 0.066210 -0.050980
32  2.720543 -0.343544 0.001741  1.807944 -0.166804 2.044960
33  -3.722376 -3.071834 0.042988  -3.032923 -0.265529 0.017977
34  2.158713 -0.454390 0.043236  -1.136687 0.930755 -0.996137
35  1.284538 1.942922 0.002808  -1.218683 -0.763792 0.283221
36  0.002513 -2.947155 0.002124  1.124592 0.040688 1.634765
37  -0.452959 -2.162080 0.004216  -1.520140 -0.010843 1.693515
38  -2.495927 -1.391464 0.001248  -0.000861 -3.140878 -0.201970
39  2.251877 -0.501684 0.001727  1.108583 0.098533 0.686382
40  -2.690627 -5.388759 0.001429  1.342954 0.184705 3.013530
41  -0.005024 -1.404717 0.041314  -2.548061 1.006310 -0.249748
42  0.044002 2.249246 0.000288  1.586978 0.164284 0.155464
time 106
0  0.000000 0.000000 0.000000  0.000000 0.000000 0.000000
1  3.436047 -0.141957 0.242206  -1.575508 -0.001578 -1.462422
2  -0.603457 2.612686 0.817130  1.570796 -0.000000 0.945489
3  0.001515 -1.209024 0.425635  -0.181950 -1.675088 -1.914873
4  -2.810144 1.214092 0.338731  -0.037605 1.862196 0.442436
5  -3.270376 2.485144 0.593677  1.570886 -0.000001 0.760680
6  -1.520103 -0.082607 0.378413  0.000000 0.000001 -1.540463
7  0.148935 0.356264 0.053377  0.714578 -0.799770 1.920757
8  -0.492673 -2.434525 0.103147  1.292342 1.570796 0.000000
9  -1.340381 1.690742 0.099676  0.512580 -1.570589 -0.532282
10  -2.833798 0.646433 0.091487  0.716669 1.816800 1.691673
11  -1.520396 1.578048 -0.111796  -0.135493 -3.119616 -1.083281
12  -2.565119 -0.994922 0.098025  -2.245158 -1.571019 -0.185388
13  0.767110 -1.336135 0.028269  3.080489 0.248402 -0.092273
14  1.214063 -5.061317 0.039618  -0.000857 -3.140815 0.044331
15  -0.412467 -1.237687 0.004488  -1.520123 -0.010830 0.372540
16  0.100668 -1.622303 0.006060  -1.520196 -0.010830 2.684154
17  -0.347207 -1.741394 0.006358  3.140718 -0.000770 0.817819
18  -1.201087 -1.625224 0.006891  -0.000863 -3.140815 -1.350699
19  0.739080 -1.423725 0.003390  0.051631 0.219497 -1.058523
20  0.331234 -0.369557 0.015311  -0.000866 -3.140826 -1.246551
21  0.040353 -2.237682 0.037982  2.141467 -0.202492 -1.921365
22  -3.398841 -2.765213 0.038151  0.396809 -1.341007 1.380101
23  0.179539 -0.887717 0.010447  -0.816408 -0.571709 -1.426584
24  0.156698 0.026837 0.030869  2.606051 0.630844 -0.463045
25  1.239744 -0.246540 0.017971  0.222056 0.032595 -1.382958
26  4.053361 5.224116 0.002597  1.124520 0.040514 -1.911476
27  1.257354 0.089756 0.004761  0.146256 -2.597645 1.156713
28  0.338059 -3.154480 0.009341  1.386887 -0.194171 0.633009
29  1.095783 5.703373 0.042909  2.088893 0.419019 -0.519331
30  -0.030279 -0.481258 0.012987  2.995243 -1.098583 -0.614149
31  4.509222 -1.289259 0.046110  -2.733069 0.309958 -0.189267
32  2.720542 -0.343545 0.001741  1.807944 -0.166804 2.044960
33  -3.738918 -3.080027 0.044166  -2.817096 -0.647131 -0.028292
34  2.169685 -0.446853 0.043757  -1.639316 0.880928 -1.192925
35  1.284538 1.942922 0.002808  -1.218683 -0.763792 0.283221
36  0.002513 -2.947155 0.002124  1.124593 0.040688 1.634768
37  -0.452959 -2.162080 0.004216  -1.520140 -0.010843 1.693515
38  -2.495927 -1.391464 0.001248  -0.000861 -3.140878 -0.201970
39  2.251877 -0.501684 0.001727  1.108583 0.098533 0.686342
40  -2.690627 -5.388759 0.001429  1.342954 0.184705 3.013533
41  -0.006739 -1.404778 0.041270  -2.523430 0.987612 -0.397451
42  0.044002 2.249246 0.000288  1.586978 0.164284 0.155464
time 107
0  0.000000 0.000000 0.000000  0.000000 0.000000 0.000000
1  3.436049 -0.141956 0.242206  -1.575508 -0.001578 -1.462422
2  -0.603456 2.612684 0.817130  1.570796 -0.000000 0.945489
3  0.000221 -1.209050 0.425568  -0.183546 -1.674786 -1.916509
4  -2.804527 1.214579 0.337949  -0.066104 1.883476 0.411070
5  -3.270378 2.485144 0.593677  1.570886 -0.000001 0.760679
6  -1.520104 -0.082608 0.378413  0.000000 0.000001 -1.540463
7  0.148935 0.356264 0.053377  0.714578 -0.799770 1.920759
8  -0.492673 -2.434525 0.103147  1.292342 1.570796 0.000000
9  -1.340381 1.690742 0.099676  0.512580 -1.570589 -0.532282
10  -2.833785 0.646662 0.091341  0.716670 1.821435 1.691071
11  -1.522350 1.574334 -0.111847  3.002442 -0.044148 1.168671
12  -2.565119 -0.994922 0.098025  -2.245158 -1.571019 -0.185388
13  0.767125 -1.336112 0.028266  3.080561 0.248116 -0.091638
14  1.214063 -5.061317 0.039618  -0.000857 -3.140815 0.044331
15  -0.412467 -1.237687 0.004488  -1.520123 -0.010830 0.372540
16  0.100668 -1.622303 0.006060  -1.520196 -0.010830 2.684154
17  -0.347207 -1.741394 0.006358  3.140718 -0.000770 0.817819
18  -1.201087 -1.625224 0.006891  -0.000863 -3.140815 -1.350699
19  0.739070 -1.423717 0.003390  0.051631 0.219497 -1.058523
20  0.331234 -0.369559 0.015311  -0.000867 -3.140828 -1.246570
21  0.040353 -2.237681 0.037982  2.141467 -0.202492 -1.921367
22  -3.398841 -2.765213 0.038151  0.396810 -1.341007 1.380100
23  0.179524 -0.887754 0.010446  -0.816502 -0.571357 -1.425808
24  0.148966 0.038987 0.042737  2.397146 0.271189 -0.561220
25  1.239744 -0.246540 0.017971  0.222056 0.032595 -1.382958
26  4.053361 5.224116 0.002597  1.124520 0.040514 -1.911476
27  1.257354 0.089756 0.004761  0.146256 -2.597645 1.156713
28  0.338059 -3.154480 0.009341  1.386887 -0.194171 0.633029
29  1.105764 5.751597 0.040033  1.003317 -0.121362 -0.732503
30  -0.030279 -0.481258 0.012987  2.995241 -1.098583 -0.614178
31  4.520825 -1.269553 0.047990  3.052613 0.421752 -0.408460
32  2.720541 -0.343545 0.001741  1.807940 -0.166806 2.044962
33  -3.754738 -3.088852 0.044570  -2.455364 -0.980084 -0.243264
34  2.180222 -0.439162 0.043998  -2.065963 0.781863 -1.310492
35  1.284538 1.942922 0.002808  -1.218683 -0.763792 0.283221
36  0.002513 -2.947155 0.002124  1.124592 0.040688 1.634771
37  -0.452959 -2.162080 0.004216  -1.520140 -0.010843 1.693515
38  -2.495927 -1.391464 0.001248  -0.000861 -3.140878 -0.201970
39  2.251877 -0.501683 0.001727  1.108583 0.098533 0.686302
40  -2.690627 -5.388759 0.001429  1.342954 0.184705 3.013536
41  -0.008464 -1.404881 0.041189  -2.487136 0.970280 -0.536683
42  0.044002 2.249246 0.000288  1.586978 0.164284 0.155464
time 108
0  0.000000 0.000000 0.000000  0.000000 0.000000 0.000000
1  3.436050 -0.141956 0.242206  -1.575508 -0.001578 -1.462422
2  -0.603456 2.612681 0.817130  1.570796 -0.000000 0.945489
3  -0.001133 -1.209095 0.425486  -0.185486 -1.674421 -1.917973
4  -2.799238 1.217141 0.337546  -0.086459 1.903484 0.388456
5  -3.270381 2.485143 0.593677  1.570886 -0.000001 0.760679
6  -1.520104 -0.082609 0.378413  0.000000 0.000001 -1.540463
7  0.148935 0.356264 0.053377  0.714578 -0.799770 1.920761
8  -0.492673 -2.434525 0.103147  1.292342 1.570796 0.000000
9  -1.340381 1.690742 0.099676  0.512580 -1.570589 -0.532282
10  -2.833845 0.648149 0.090660  0.716676 1.842642 1.687964
11  -1.524988 1.571450 -0.111832  3.000372 -0.066545 0.282616
12  -2.565119 -0.994922 0.098025  -2.245281 -1.571019 -0.185416
13  0.767139 -1.336090 0.028263  3.080632 0.247833 -0.091005
14  1.214063 -5.061317 0.039618  -0.000857 -3.140815 0.044331
15  -0.412467 -1.237687 0.004488  -1.520123 -0.010830 0.372540
16  0.100668 -1.622303 0.006060  -1.520196 -0.010830 2.684154
17  -0.347207 -1.741394 0.006358  3.140718 -0.000770 0.817819
18  -1.201087 -1.625224 0.006891  -0.000863 -3.140815 -1.350699
19  0.739061 -1.423709 0.003390  0.051631 0.219497 -1.058524
20  0.331236 -0.369560 0.015311  -0.000865 -3.140825 -1.246585
21  0.040353 -2.237680 0.037982  2.141467 -0.202492 -1.921369
22  -3.398841 -2.765213 0.038151  0.396810 -1.341008 1.380098
23  0.179499 -0.887785 0.010446  -0.816605 -0.571003 -1.425336
24  0.142208 0.049104 0.053663  2.288507 0.051391 -0.590298
25  1.239744 -0.246540 0.017971  0.222056 0.032595 -1.382958
26  4.053361 5.224116 0.002597  1.124520 0.040514 -1.911476
27  1.257354 0.089756 0.004761  0.146256 -2.597645 1.156713
28  0.338059 -3.154481 0.009341  1.386887 -0.194171 0.633049
29  1.115592 5.799437 0.042580  -0.181565 -0.554721 -0.305480
30  -0.030279 -0.481258 0.012987  2.995240 -1.098583 -0.614209
31  4.531130 -1.249480 0.047751  2.546245 0.391244 -0.647307
32  2.720540 -0.343546 0.001741  1.807939 -0.166807 2.044965
33  -3.770054 -3.098390 0.044226  -1.660076 -1.169266 -0.900435
34  2.190470 -0.431245 0.043951  -2.430876 0.657767 -1.355065
35  1.284538 1.942922 0.002808  -1.218683 -0.763792 0.283221
36  0.002513 -2.947154 0.002124  1.124593 0.040689 1.634767
37  -0.452959 -2.162080 0.004216  -1.520140 -0.010843 1.693515
38  -2.495927 -1.391464 0.001248  -0.000861 -3.140878 -0.201970
39  2.251877 -0.501683 0.001727  1.108583 0.098533 0.686263
40  -2.690627 -5.388759 0.001429  1.342954 0.184705 3.013539
41  -0.010263 -1.404912 0.041078  -2.442176 0.953470 -0.670506
42  0.044002 2.249246 0.000288  1.586978 0.164284 0.155464
time 109
0  0.000000 0.000000 0.000000  0.000000 0.000000 0.000000
1  3.436050 -0.141956 0.242206  -1.575508 -0.001578 -1.462423
2  -0.603455 2.612679 0.817130  1.570796 -0.000000 0.945489
3  -0.002694 -1.209190 0.425384  -0.187920 -1.673967 -1.919308
4  -2.794516 1.221466 0.336141  -0.108199 1.921138 0.365339
5  -3.270383 2.485143 0.593677  1.570886 -0.000001 0.760678
6  -1.520105 -0.082610 0.378413  0.000000 0.000001 -1.540462
7  0.148936 0.356264 0.053377  0.714578 -0.799770 1.920764
8  -0.492673 -2.434525 0.103147  1.292342 1.570796 0.000000
9  -1.340381 1.690742 0.099676  0.512580 -1.570589 -0.532282
10  -2.833923 0.650796 0.089374  0.716686 1.880842 1.681717
11  -1.528041 1.569372 -0.111781  3.009511 -0.094835 -0.600190
12  -2.565119 -0.994921 0.098025  -2.245281 -1.571019 -0.185416
13  0.767154 -1.336067 0.028260  3.080703 0.247552 -0.090375
14  1.214063 -5.061317 0.039618  -0.000857 -3.140815 0.044331
15  -0.412467 -1.237687 0.004488  -1.520123 -0.010830 0.372540
16  0.100668 -1.622303 0.006060  -1.520196 -0.010830 2.684154
17  -0.347207 -1.741394 0.006358  3.140718 -0.000770 0.817819
18  -1.201087 -1.625224 0.006891  -0.000863 -3.140815 -1.350699
19  0.739052 -1.423702 0.003390  0.051631 0.219497 -1.058523
20  0.331237 -0.369562 0.015311  -0.000865 -3.140826 -1.246606
21  0.040353 -2.237679 0.037982  2.141467 -0.202492 -1.921371
22  -3.398841 -2.765213 0.038151  0.396810 -1.341008 1.380100
23  0.179453 -0.887841 0.010445  -0.816729 -0.570616 -1.424744
24  0.136790 0.056740 0.059592  2.232367 -0.080098 -0.597039
25  1.239744 -0.246540 0.017971  0.222056 0.032595 -1.382958
26  4.053361 5.224116 0.002597  1.124520 0.040514 -1.911476
27  1.257354 0.089756 0.004761  0.146256 -2.597645 1.156713
28  0.338059 -3.154482 0.009341  1.386887 -0.194171 0.633069
29  1.124053 5.847834 0.041745  -1.458177 -0.338207 0.282845
30  -0.030279 -0.481258 0.012987  2.995244 -1.098584 -0.614241
31  4.540313 -1.228616 0.045404  2.068321 0.226617 -0.833400
32  2.720538 -0.343546 0.001741  1.807939 -0.166807 2.044967
33  -3.785060 -3.108786 0.043157  -0.754434 -1.025490 -1.667630
34  2.200565 -0.422985 0.043617  -2.760803 0.523513 -1.345010
35  1.284538 1.942922 0.002808  -1.218683 -0.763792 0.283221
36  0.002513 -2.947154 0.002124  1.124593 0.040689 1.634763
37  -0.452959 -2.162080 0.004216  -1.520140 -0.010843 1.693515
38  -2.495927 -1.391464 0.001248  -0.000861 -3.140878 -0.201970
39  2.251878 -0.501683 0.001727  1.108583 0.098533 0.686223
40  -2.690627 -5.388759 0.001429  1.342954 0.184705 3.013542
41  -0.012203 -1.404869 0.040924  -2.385345 0.936735 -0.796676
42  0.044002 2.249246 0.000288  1.586978 0.164284 0.155464
time 110
0  0.000000 0.000000 0.000000  0.000000 0.000000 0.000000
1  3.436050 -0.141957 0.242206  -1.575508 -0.001578 -1.462423
2  -0.603454 2.612676 0.817130  1.570796 -0.000000 0.945489
3  -0.004447 -1.209124 0.425259  -0.190561 -1.673456 -1.921126
4  -2.790306 1.227835 0.334471  -0.129576 1.940307 0.342052
5  -3.270386 2.485143 0.593677  1.570886 -0.000001 0.760677
6  -1.520106 -0.082611 0.378413  0.000000 0.000001 -1.540462
7  0.148936 0.356264 0.053377  0.714578 -0.799770 1.920766
8  -0.492673 -2.434525 0.103147  1.292342 1.570796 0.000000
9  -1.340381 1.690742 0.099676  0.512580 -1.570589 -0.532282
10  -2.833982 0.654056 0.087677  0.716686 1.928262 1.674971
11  -1.531459 1.568169 -0.111738  3.039889 -0.114700 -1.480943
12  -2.565119 -0.994921 0.098025  -2.245281 -1.571019 -0.185416
13  0.767168 -1.336045 0.028257  3.080772 0.247271 -0.089749
14  1.214063 -5.061317 0.039618  -0.000857 -3.140815 0.044331
15  -0.412467 -1.237687 0.004488  -1.520123 -0.010830 0.372540
16  0.100668 -1.622303 0.006060  -1.520196 -0.010830 2.684154
17  -0.347207 -1.741394 0.006358  3.140718 -0.000770 0.817819
18  -1.201087 -1.625224 0.006891  -0.000863 -3.140815 -1.350699
19  0.739042 -1.423694 0.003390  0.051631 0.219497 -1.058523
20  0.331238 -0.369564 0.015311  -0.000867 -3.140828 -1.246623
21  0.040353 -2.237678 0.037982  2.141467 -0.202492 -1.921373
22  -3.398841 -2.765214 0.038151  0.396810 -1.341007 1.380099
23  0.179444 -0.887857 0.010445  -0.816858 -0.570189 -1.424367
24  0.133625 0.061086 0.061905  2.208809 -0.133566 -0.604388
25  1.239745 -0.246540 0.017971  0.222056 0.032595 -1.382958
26  4.053361 5.224116 0.002597  1.124520 0.040514 -1.911476
27  1.257354 0.089757 0.004761  0.146256 -2.597645 1.156713
28  0.338059 -3.154483 0.009341  1.386887 -0.194171 0.633088
29  1.131376 5.895557 0.041415  -2.510039 0.222478 0.304240
30  -0.030279 -0.481258 0.012987  2.995244 -1.098584 -0.614271
31  4.548610 -1.206907 0.042527  1.605754 -0.040411 -0.920752
32  2.720538 -0.343546 0.001741  1.807937 -0.166807 2.044966
33  -3.799906 -3.120106 0.041431  -0.324909 -0.672384 -1.948169
34  2.210604 -0.414245 0.043004  0.063134 2.753689 1.847916
35  1.284538 1.942922 0.002808  -1.218683 -0.763792 0.283221
36  0.002513 -2.947154 0.002124  1.124592 0.040687 1.634759
37  -0.452959 -2.162080 0.004216  -1.520140 -0.010843 1.693515
38  -2.495927 -1.391464 0.001248  -0.000861 -3.140878 -0.201970
39  2.251878 -0.501683 0.001727  1.108583 0.098534 0.686184
40  -2.690627 -5.388759 0.001429  1.342954 0.184705 3.013545
41  -0.014302 -1.404645 0.040739  -2.321090 0.918657 -0.919537
42  0.044002 2.249246 0.000288  1.586978 0.164284 0.155464
time 111
0  0.000000 0.000000 0.000000  0.000000 0.000000 0.000000
1  3.436050 -0.141958 0.242206  -1.575508 -0.001578 -1.462423
2  -0.603454 2.612674 0.817130  1.570796 -0.000000 0.945489
3  -0.006433 -1.208869 0.425104  -0.193339 -1.672882 -1.923721
4  -2.785151 1.234924 0.332168  -0.155243 1.968300 0.313519
5  -3.270388 2.485143 0.593677  1.570886 -0.000001 0.760676
6  -1.520106 -0.082612 0.378413  0.000000 0.000001 -1.540462
7  0.148936 0.356264 0.053377  0.714578 -0.799770 1.920768
8  -0.492673 -2.434525 0.103147  1.292342 1.570796 0.000000
9  -1.340381 1.690742 0.099676  0.512580 -1.570589 -0.532282
10  -2.834381 0.657050 0.086306  0.716658 1.964603 1.675058
11  -1.535179 1.568133 -0.111722  -0.063373 -3.032581 0.783608
12  -2.565120 -0.994921 0.098025  -2.245281 -1.571019 -0.185416
13  0.767183 -1.336022 0.028254  3.080842 0.246991 -0.089128
14  1.214063 -5.061317 0.039618  -0.000857 -3.140815 0.044331
15  -0.412467 -1.237687 0.004488  -1.520123 -0.010830 0.372540
16  0.100668 -1.622303 0.006060  -1.520196 -0.010830 2.684154
17  -0.347207 -1.741394 0.006358  3.140718 -0.000770 0.817819
18  -1.201087 -1.625224 0.006891  -0.000863 -3.140815 -1.350699
19  0.739033 -1.423686 0.003390  0.051631 0.219497 -1.058524
20  0.331240 -0.369566 0.015311  -0.000864 -3.140825 -1.246648
21  0.040353 -2.237678 0.037982  2.141467 -0.202492 -1.921374
22  -3.398841 -2.765214 0.038151  0.396811 -1.341008 1.380098
23  0.179438 -0.887867 0.010444  -0.817012 -0.569660 -1.424250
24  0.132646 0.061859 0.061098  2.217237 -0.114375 -0.617236
25  1.239745 -0.246540 0.017971  0.222056 0.032595 -1.382958
26  4.053361 5.224116 0.002597  1.124520 0.040514 -1.911476
27  1.257353 0.089757 0.004761  0.146256 -2.597645 1.156713
28  0.338059 -3.154484 0.009341  1.386887 -0.194171 0.633108
29  1.139811 5.943167 0.043197  2.575159 0.505422 -0.226983
30  -0.030279 -0.481258 0.012987  2.995241 -1.098583 -0.614299
31  4.557922 -1.185751 0.041960  1.107805 -0.302097 -0.881943
32  2.720538 -0.343546 0.001741  1.807939 -0.166807 2.044961
33  -3.814717 -3.131498 0.042934  -0.087626 -0.285281 -2.014567
34  2.220632 -0.404888 0.042139  2.881899 0.257588 -1.207974
35  1.284538 1.942922 0.002808  -1.218683 -0.763792 0.283221
36  0.002513 -2.947154 0.002124  1.124592 0.040686 1.634762
37  -0.452959 -2.162080 0.004216  -1.520140 -0.010843 1.693515
38  -2.495927 -1.391464 0.001248  -0.000861 -3.140878 -0.201970
39  2.251878 -0.501683 0.001727  1.108583 0.098534 0.686145
40  -2.690627 -5.388759 0.001429  1.342954 0.184705 3.013548
41  -0.016572 -1.404218 0.040515  -2.247905 0.898378 -1.038544
42  0.044002 2.249246 0.000288  1.586978 0.164284 0.155464
time 112
0  0.000000 0.000000 0.000000  0.000000 0.000000 0.000000
1  3.436051 -0.141958 0.242206  -1.575508 -0.001578 -1.462424
2  -0.603453 2.612671 0.817130  1.570796 -0.000000 0.945489
3  -0.008320 -1.207801 0.424995  -0.193732 -1.672665 -1.928924
4  -2.778526 1.242544 0.329589  -0.178935 2.000721 0.287188
5  -3.270391 2.485143 0.593677  1.570886 -0.000001 0.760675
6  -1.520107 -0.082612 0.378413  0.000000 0.000001 -1.540462
7  0.148936 0.356265 0.053377  0.714578 -0.799770 1.920771
8  -0.492673 -2.434525 0.103147  1.292342 1.570796 0.000000
9  -1.340381 1.690742 0.099676  0.512580 -1.570589 -0.532282
10  -2.834784 0.660684 0.084472  0.716691 2.010806 1.675159
11  -1.538873 1.569585 -0.111740  -0.039627 -3.060715 -0.086713
12  -2.565120 -0.994921 0.098025  -2.245048 -1.571019 -0.185614
13  0.767198 -1.336000 0.028252  3.080912 0.246713 -0.088512
14  1.214063 -5.061317 0.039618  -0.000857 -3.140815 0.044331
15  -0.412467 -1.237687 0.004488  -1.520123 -0.010830 0.372540
16  0.100668 -1.622303 0.006060  -1.520196 -0.010830 2.684154
17  -0.347207 -1.741394 0.006358  3.140718 -0.000770 0.817819
18  -1.201087 -1.625224 0.006891  -0.000863 -3.140815 -1.350699
19  0.739024 -1.423678 0.003390  0.051631 0.219497 -1.058524
20  0.331241 -0.369567 0.015311  -0.000866 -3.140826 -1.246662
21  0.040353 -2.237677 0.037982  2.141467 -0.202492 -1.921376
22  -3.398841 -2.765215 0.038151  0.396810 -1.341008 1.380097
23  0.179437 -0.887869 0.010444  -0.817265 -0.569076 -1.424160
24  0.133738 0.059066 0.056989  2.258198 -0.020291 -0.633766
25  1.239745 -0.246540 0.017971  0.222056 0.032595 -1.382958
26  4.053361 5.224116 0.002597  1.124520 0.040514 -1.911476
27  1.257353 0.089757 0.004761  0.146256 -2.597645 1.156713
28  0.338059 -3.154484 0.009341  1.386887 -0.194171 0.633128
29  1.149539 5.990334 0.041069  1.401003 0.172287 -0.697596
30  -0.030279 -0.481258 0.012987  2.995242 -1.098583 -0.614328
31  4.567507 -1.165741 0.046014  0.598201 -0.478257 -0.736324
32  2.720538 -0.343546 0.001741  1.807940 -0.166806 2.044951
33  -3.829458 -3.142165 0.043877  0.115286 0.078209 -1.995154
34  2.230709 -0.394771 0.041310  2.544004 0.141829 -1.090486
35  1.284538 1.942922 0.002808  -1.218683 -0.763792 0.283221
36  0.002513 -2.947154 0.002124  1.124592 0.040686 1.634765
37  -0.452959 -2.162080 0.004216  -1.520140 -0.010843 1.693515
38  -2.495927 -1.391464 0.001248  -0.000861 -3.140878 -0.201970
39  2.251878 -0.501683 0.001727  1.108583 0.098534 0.686107
40  -2.690627 -5.388759 0.001429  1.342954 0.184705 3.013551
41  -0.018305 -1.403955 0.040533  -2.184602 0.851625 -1.164476
42  0.044002 2.249246 0.000288  1.586978 0.164284 0.155464
time 113
0  0.000000 0.000000 0.000000  0.000000 0.000000 0.000000
1  3.436051 -0.141958 0.242206  -1.575508 -0.001578 -1.462425
2  -0.603452 2.612669 0.817130  1.570796 -0.000000 0.945489
3  -0.009441 -1.205508 0.424757  -0.191681 -1.672512 -1.935565
4  -2.771067 1.251752 0.326131  -0.202736 2.038373 0.260013
5  -3.270393 2.485142 0.593677  1.570886 -0.000001 0.760674
6  -1.520107 -0.082613 0.378413  0.000000 0.000001 -1.540461
7  0.148937 0.356265 0.053377  0.714578 -0.799770 1.920773
8  -0.492673 -2.434525 0.103147  1.292342 1.570796 0.000000
9  -1.340381 1.690742 0.099676  0.512580 -1.570589 -0.532282
10  -2.835255 0.664752 0.082301  0.716649 2.062691 1.674987
11  -1.541935 1.572551 -0.111790  -0.039750 -3.090266 -0.950653
12  -2.565120 -0.994921 0.098025  -2.245048 -1.571019 -0.185614
13  0.767213 -1.335977 0.028249  3.080981 0.246435 -0.087899
14  1.214063 -5.061317 0.039618  -0.000857 -3.140815 0.044331
15  -0.412467 -1.237687 0.004488  -1.520123 -0.010830 0.372540
16  0.100668 -1.622303 0.006060  -1.520196 -0.010830 2.684154
17  -0.347207 -1.741394 0.006358  3.140718 -0.000770 0.817819
18  -1.201087 -1.625224 0.006891  -0.000863 -3.140815 -1.350699
19  0.739015 -1.423669 0.003390  0.051631 0.219497 -1.058524
20  0.331242 -0.369568 0.015311  -0.000866 -3.140826 -1.246679
21  0.040353 -2.237676 0.037982  2.141467 -0.202492 -1.921378
22  -3.398841 -2.765215 0.038151  0.396810 -1.341008 1.380096
23  0.179440 -0.887876 0.010443  -0.817469 -0.568398 -1.424010
24  0.136703 0.052846 0.048872  2.334607 0.155256 -0.644032
25  1.239745 -0.246540 0.017971  0.222056 0.032595 -1.382958
26  4.053361 5.224116 0.002597  1.124520 0.040514 -1.911476
27  1.257353 0.089757 0.004761  0.146256 -2.597645 1.156713
28  0.338059 -3.154485 0.009341  1.386887 -0.194171 0.633148
29  1.159495 6.036662 0.042219  0.361301 -0.370903 -0.601629
30  -0.030280 -0.481258 0.012987  2.995245 -1.098584 -0.614363
31  4.576549 -1.146588 0.048714  0.094922 -0.561146 -0.535742
32  2.720537 -0.343546 0.001741  1.807934 -0.166810 2.044943
33  -3.844288 -3.152258 0.044053  0.350323 0.413690 -1.900319
34  2.241646 -0.384974 0.041915  2.217936 0.079932 -0.946172
35  1.284538 1.942922 0.002808  -1.218683 -0.763792 0.283221
36  0.002513 -2.947154 0.002124  1.124592 0.040686 1.634767
37  -0.452959 -2.162080 0.004216  -1.520140 -0.010843 1.693515
38  -2.495927 -1.391464 0.001248  -0.000861 -3.140878 -0.201970
39  2.251878 -0.501682 0.001727  1.108582 0.098534 0.686069
40  -2.690627 -5.388759 0.001429  1.342954 0.184705 3.013554
41  -0.019592 -1.403115 0.040522  -2.141776 0.796444 -1.305104
42  0.044002 2.249246 0.000288  1.586978 0.164284 0.155464
time 114
0  0.000000 0.000000 0.000000  0.000000 0.000000 0.000000
1  3.436050 -0.141958 0.242206  -1.575508 -0.001578 -1.462427
2  -0.603452 2.612667 0.817130  1.570796 -0.000000 0.945489
3  -0.009709 -1.202193 0.424380  -0.188002 -1.672318 -1.942543
4  -2.762180 1.260974 0.324890  -0.229678 2.075201 0.227363
5  -3.270396 2.485142 0.593677  1.570886 -0.000001 0.760673
6  -1.520108 -0.082614 0.378413  0.000000 0.000001 -1.540461
7  0.148937 0.356265 0.053377  0.714578 -0.799770 1.920776
8  -0.492673 -2.434525 0.103147  1.292342 1.570796 0.000000
9  -1.340381 1.690742 0.099676  0.512580 -1.570589 -0.532282
10  -2.835748 0.669158 0.079773  0.716689 2.119933 1.675326
11  -1.543725 1.576655 -0.111830  3.091761 -0.033475 1.331150
12  -2.565120 -0.994921 0.098025  -2.245048 -1.571019 -0.185614
13  0.767228 -1.335954 0.028246  3.081051 0.246158 -0.087289
14  1.214063 -5.061317 0.039618  -0.000857 -3.140815 0.044331
15  -0.412467 -1.237687 0.004488  -1.520123 -0.010830 0.372540
16  0.100668 -1.622303 0.006060  -1.520196 -0.010830 2.684154
17  -0.347207 -1.741394 0.006358  3.140718 -0.000770 0.817819
18  -1.201087 -1.625224 0.006891  -0.000863 -3.140815 -1.350699
19  0.739005 -1.423661 0.003390  0.051631 0.219497 -1.058524
20  0.331243 -0.369570 0.015311  -0.000866 -3.140826 -1.246696
21  0.040352 -2.237675 0.037982  2.141467 -0.202492 -1.921379
22  -3.398841 -2.765216 0.038151  0.396810 -1.341008 1.380095
23  0.179444 -0.887884 0.010442  -0.817706 -0.567647 -1.423850
24  0.141324 0.043311 0.036016  2.461739 0.419131 -0.622513
25  1.239745 -0.246540 0.017971  0.222056 0.032595 -1.382958
26  4.053361 5.224116 0.002597  1.124520 0.040514 -1.911476
27  1.257353 0.089757 0.004761  0.146256 -2.597645 1.156713
28  0.338059 -3.154486 0.009341  1.386887 -0.194171 0.633168
29  1.168192 6.083594 0.042563  -0.884868 -0.535488 -0.015411
30  -0.030280 -0.481258 0.012987  2.995242 -1.098583 -0.614389
31  4.585207 -1.127959 0.049682  -0.395901 -0.557880 -0.325113
32  2.720536 -0.343546 0.001741  1.807932 -0.166808 2.044921
33  -3.859420 -3.161916 0.043503  0.690876 0.704920 -1.683687
34  2.253124 -0.375994 0.041738  1.891051 0.097225 -0.795997
35  1.284538 1.942922 0.002808  -1.218683 -0.763792 0.283221
36  0.002514 -2.947153 0.002124  1.124592 0.040686 1.634771
37  -0.452959 -2.162080 0.004216  -1.520140 -0.010843 1.693515
38  -2.495927 -1.391464 0.001248  -0.000861 -3.140878 -0.201970
39  2.251879 -0.501682 0.001727  1.108582 0.098534 0.686031
40  -2.690627 -5.388759 0.001429  1.342954 0.184705 3.013556
41  -0.020424 -1.401754 0.040455  -2.113874 0.733707 -1.455103
42  0.044002 2.249246 0.000288  1.586978 0.164284 0.155464
time 115
0  0.000000 0.000000 0.000000  0.000000 0.000000 0.000000
1  3.436051 -0.141958 0.242206  -1.575508 -0.001578 -1.462428
2  -0.603451 2.612664 0.817130  1.570796 -0.000000 0.945489
3  -0.009011 -1.198048 0.423864  -0.182815 -1.672067 -1.949544
4  -2.753213 1.268766 0.327178  -0.253924 2.099531 0.191549
5  -3.270398 2.485142 0.593677  1.570886 -0.000001 0.760672
6  -1.520108 -0.082615 0.378413  0.000000 0.000001 -1.540461
7  0.148937 0.356265 0.053377  0.714578 -0.799770 1.920778
8  -0.492673 -2.434525 0.103147  1.292342 1.570796 0.000000
9  -1.340381 1.690742 0.099676  0.512580 -1.570589 -0.532282
10  -2.836271 0.673547 0.077083  0.716650 2.177879 1.675559
11  -1.543865 1.581127 -0.111831  3.082177 -0.020403 0.474975
12  -2.565120 -0.994921 0.098025  -2.245354 -1.571019 -0.185459
13  0.767243 -1.335932 0.028243  3.081126 0.245887 -0.086681
14  1.214063 -5.061317 0.039618  -0.000857 -3.140815 0.044331
15  -0.412467 -1.237687 0.004488  -1.520123 -0.010830 0.372540
16  0.100668 -1.622303 0.006060  -1.520196 -0.010830 2.684154
17  -0.347207 -1.741394 0.006358  3.140718 -0.000770 0.817819
18  -1.201087 -1.625224 0.006891  -0.000863 -3.140815 -1.350699
19  0.738996 -1.423653 0.003390  0.051631 0.219497 -1.058524
20  0.331244 -0.369571 0.015311  -0.000866 -3.140826 -1.246713
21  0.040352 -2.237674 0.037982  2.141467 -0.202492 -1.921381
22  -3.398841 -2.765216 0.038151  0.396810 -1.341008 1.380093
23  0.179451 -0.887875 0.010440  -0.817944 -0.566694 -1.424200
24  0.146476 0.030492 0.027720  2.738541 0.773312 -0.467321
25  1.239745 -0.246540 0.017971  0.222056 0.032595 -1.382958
26  4.053361 5.224116 0.002597  1.124520 0.040514 -1.911476
27  1.257353 0.089757 0.004761  0.146256 -2.597645 1.156713
28  0.338059 -3.154486 0.009341  1.386887 -0.194171 0.633188
29  1.175419 6.130217 0.040265  -2.023005 -0.126758 0.356949
30  -0.030280 -0.481258 0.012987  2.995242 -1.098583 -0.614420
31  4.593674 -1.109384 0.048995  -0.863520 -0.479136 -0.143453
32  2.720536 -0.343546 0.001741  1.807939 -0.166807 2.044916
33  -3.875048 -3.171327 0.042264  1.244967 0.887186 -1.251347
34  2.265327 -0.367691 0.040923  1.564446 0.191864 -0.663805
35  1.284538 1.942922 0.002808  -1.218683 -0.763792 0.283221
36  0.002514 -2.947153 0.002124  1.124592 0.040686 1.634774
37  -0.452959 -2.162080 0.004216  -1.520140 -0.010843 1.693515
38  -2.495927 -1.391464 0.001248  -0.000861 -3.140878 -0.201970
39  2.251879 -0.501682 0.001727  1.108582 0.098534 0.685994
40  -2.690627 -5.388759 0.001429  1.342954 0.184705 3.013559
41  -0.020731 -1.399932 0.040325  -2.099878 0.662624 -1.612775
42  0.044002 2.249246 0.000288  1.586978 0.164284 0.155464
time 116
0  0.000000 0.000000 0.000000  0.000000 0.000000 0.000000
1  3.436051 -0.141957 0.242206  -1.575508 -0.001578 -1.462429
2  -0.603450 2.612662 0.817130  1.570796 -0.000000 0.945489
3  -0.007252 -1.193282 0.423223  -0.177144 -1.671671 -1.955437
4  -2.745551 1.276369 0.328797  -0.271243 2.119760 0.160362
5  -3.270401 2.485142 0.593677  1.570886 -0.000001 0.760671
6  -1.520109 -0.082616 0.378413  0.000001 0.000001 -1.540461
7  0.148937 0.356265 0.053377  0.714578 -0.799770 1.920780
8  -0.492673 -2.434525 0.103147  1.292342 1.570796 0.000000
9  -1.340381 1.690742 0.099676  0.512580 -1.570589 -0.532282
10  -2.836802 0.677920 0.074167  0.716688 2.237825 1.675809
11  -1.542428 1.585078 -0.111800  3.066736 -0.005788 -0.377302
12  -2.565120 -0.994921 0.098025  -2.245489 -1.571019 -0.185290
13  0.767258 -1.335910 0.028240  3.081220 0.245641 -0.086069
14  1.214063 -5.061317 0.039618  -0.000857 -3.140815 0.044331
15  -0.412467 -1.237687 0.004488  -1.520123 -0.010830 0.372540
16  0.100668 -1.622303 0.006060  -1.520196 -0.010830 2.684154
17  -0.347207 -1.741394 0.006358  3.140718 -0.000770 0.817819
18  -1.201087 -1.625224 0.006891  -0.000863 -3.140815 -1.350699
19  0.738987 -1.423645 0.003390  0.051630 0.219497 -1.058524
20  0.331245 -0.369572 0.015311  -0.000866 -3.140826 -1.246730
21  0.040352 -2.237673 0.037982  2.141467 -0.202492 -1.921383
22  -3.398841 -2.765217 0.038151  0.396810 -1.341008 1.380092
23  0.179456 -0.887865 0.010441  -0.818117 -0.566284 -1.424436
24  0.151995 0.018890 0.020995  -2.840858 1.087523 0.113524
25  1.239745 -0.246540 0.017971  0.222056 0.032595 -1.382958
26  4.053361 5.224116 0.002597  1.124520 0.040514 -1.911476
27  1.257353 0.089757 0.004761  0.146256 -2.597645 1.156713
28  0.338059 -3.154487 0.009341  1.386887 -0.194171 0.633208
29  1.183224 6.176167 0.043091  -3.037374 0.388101 0.156538
30  -0.030280 -0.481258 0.012987  2.995241 -1.098583 -0.614450
31  4.602215 -1.090382 0.046621  -1.313111 -0.337006 -0.014847
32  2.720536 -0.343546 0.001741  1.807938 -0.166808 2.044916
33  -3.891225 -3.180428 0.041784  1.934401 0.843873 -0.688963
34  2.278154 -0.360233 0.040938  1.230992 0.341510 -0.573316
35  1.284538 1.942922 0.002808  -1.218683 -0.763792 0.283221
36  0.002514 -2.947153 0.002124  1.124592 0.040687 1.634778
37  -0.452959 -2.162080 0.004216  -1.520140 -0.010843 1.693515
38  -2.495927 -1.391464 0.001248  -0.000861 -3.140878 -0.201970
39  2.251879 -0.501682 0.001727  1.108582 0.098534 0.685957
40  -2.690627 -5.388759 0.001429  1.342954 0.184705 3.013562
41  -0.020386 -1.397752 0.040134  -2.095954 0.582192 -1.774408
42  0.044002 2.249246 0.000288  1.586978 0.164284 0.155464
time 117
0  0.000000 0.000000 0.000000  0.000000 0.000000 0.000000
1  3.436051 -0.141956 0.242206  -1.575508 -0.001578 -1.462429
2  -0.603450 2.612659 0.817130  1.570796 -0.000000 0.945489
3  -0.004749 -1.188707 0.422937  -0.165723 -1.672509 -1.965486
4  -2.739244 1.283568 0.330353  -0.280675 2.133657 0.134572
5  -3.270403 2.485142 0.593677  1.570886 -0.000001 0.760670
6  -1.520110 -0.082617 0.378413  0.000001 0.000001 -1.540461
7  0.148938 0.356265 0.053377  0.714578 -0.799770 1.920783
8  -0.492673 -2.434525 0.103147  1.292342 1.570796 0.000000
9  -1.340381 1.690742 0.099676  0.512580 -1.570589 -0.532282
10  -2.837314 0.682442 0.070873  0.716644 2.302752 1.675954
11  -1.539895 1.587847 -0.111772  3.038805 0.000293 -1.225906
12  -2.565121 -0.994920 0.098025  -2.245489 -1.571019 -0.185290
13  0.767273 -1.335891 0.028237  3.081326 0.245425 -0.085462
14  1.214063 -5.061317 0.039618  -0.000857 -3.140815 0.044331
15  -0.412467 -1.237687 0.004488  -1.520123 -0.010830 0.372540
16  0.100668 -1.622303 0.006060  -1.520196 -0.010830 2.684154
17  -0.347207 -1.741394 0.006358  3.140718 -0.000770 0.817819
18  -1.201087 -1.625224 0.006891  -0.000863 -3.140815 -1.350699
19  0.738978 -1.423638 0.003390  0.051630 0.219497 -1.058524
20  0.331246 -0.369573 0.015311  -0.000866 -3.140826 -1.246748
21  0.040352 -2.237673 0.037982  2.141467 -0.202492 -1.921384
22  -3.398841 -2.765218 0.038151  0.396811 -1.341008 1.380090
23  0.179470 -0.887844 0.010435  -0.818099 -0.565947 -1.425018
24  0.156954 0.008525 0.019118  -1.702771 0.975665 1.120052
25  1.239745 -0.246540 0.017971  0.222056 0.032595 -1.382958
26  4.053361 5.224116 0.002597  1.124520 0.040514 -1.911476
27  1.257353 0.089757 0.004761  0.146256 -2.597645 1.156713
28  0.338059 -3.154488 0.009341  1.386887 -0.194171 0.633228
29  1.192351 6.222090 0.042441  2.033551 0.460854 -0.436428
30  -0.030280 -0.481258 0.012987  2.995243 -1.098583 -0.614480
31  4.610982 -1.070594 0.042542  -1.770046 -0.140045 0.044105
32  2.720536 -0.343546 0.001741  1.807930 -0.166813 2.044910
33  -3.907533 -3.188917 0.042117  2.419978 0.598301 -0.332406
34  2.290599 -0.353495 0.041934  0.905544 0.500958 -0.527253
35  1.284538 1.942922 0.002808  -1.218683 -0.763792 0.283221
36  0.002514 -2.947152 0.002124  1.124592 0.040687 1.634776
37  -0.452959 -2.162080 0.004216  -1.520140 -0.010843 1.693515
38  -2.495927 -1.391464 0.001248  -0.000861 -3.140878 -0.201970
39  2.251879 -0.501682 0.001727  1.108582 0.098534 0.685920
40  -2.690627 -5.388759 0.001429  1.342954 0.184705 3.013565
41  -0.019693 -1.395183 0.040293  -2.107635 0.512026 -1.940251
42  0.044002 2.249246 0.000288  1.586978 0.164284 0.155464
time 118
0  0.000000 0.000000 0.000000  0.000000 0.000000 0.000000
1  3.436051 -0.141955 0.242206  -1.575508 -0.001578 -1.462430
2  -0.603449 2.612657 0.817130  1.570796 -0.000000 0.945489
3  -0.002436 -1.185497 0.422794  -0.158462 -1.673202 -1.970774
4  -2.735208 1.290773 0.330528  -0.276512 2.134560 0.118598
5  -3.270406 2.485142 0.593677  1.570886 -0.000001 0.760669
6  -1.520110 -0.082618 0.378413  0.000000 0.000001 -1.540461
7  0.148938 0.356265 0.053377  0.714578 -0.799770 1.920785
8  -0.492673 -2.434525 0.103147  1.292342 1.570796 0.000000
9  -1.340381 1.690742 0.099676  0.512580 -1.570589 -0.532282
10  -2.838310 0.686619 0.070416  -2.418802 0.786075 -1.458248
11  -1.536898 1.589200 -0.111775  -0.132305 -3.126818 1.070575
12  -2.565121 -0.994920 0.098025  -2.245489 -1.571019 -0.185290
13  0.767290 -1.335876 0.028235  3.081446 0.245259 -0.084887
14  1.214063 -5.061317 0.039618  -0.000857 -3.140815 0.044331
15  -0.412467 -1.237687 0.004488  -1.520123 -0.010830 0.372540
16  0.100668 -1.622303 0.006060  -1.520196 -0.010830 2.684154
17  -0.347207 -1.741394 0.006358  3.140718 -0.000770 0.817819
18  -1.201087 -1.625224 0.006891  -0.000863 -3.140815 -1.350699
19  0.738970 -1.423633 0.003390  0.051629 0.219497 -1.058525
20  0.331247 -0.369574 0.015311  -0.000866 -3.140826 -1.246765
21  0.040352 -2.237672 0.037982  2.141467 -0.202492 -1.921386
22  -3.398841 -2.765218 0.038151  0.396810 -1.341008 1.380090
23  0.179480 -0.887824 0.010441  -0.818389 -0.565649 -1.425670
24  0.162102 -0.001839 0.023555  -1.202772 0.550816 1.477631
25  1.239745 -0.246540 0.017971  0.222056 0.032595 -1.382958
26  4.053361 5.224116 0.002597  1.124520 0.040514 -1.911476
27  1.257353 0.089757 0.004761  0.146256 -2.597645 1.156713
28  0.338059 -3.154489 0.009341  1.386887 -0.194171 0.633248
29  1.202711 6.266926 0.040623  0.955091 0.013031 -0.739835
30  -0.030280 -0.481258 0.012987  2.995240 -1.098583 -0.614511
31  4.619131 -1.050175 0.041925  -2.247491 0.060164 0.017666
32  2.720536 -0.343546 0.001741  1.807941 -0.166805 2.044904
33  -3.924010 -3.196868 0.041969  2.724111 0.263408 -0.169490
34  2.302686 -0.347156 0.042584  0.580279 0.663719 -0.526050
35  1.284538 1.942922 0.002808  -1.218683 -0.763792 0.283221
36  0.002514 -2.947152 0.002124  1.124592 0.040687 1.634773
37  -0.452959 -2.162080 0.004216  -1.520140 -0.010843 1.693515
38  -2.495927 -1.391464 0.001248  -0.000861 -3.140878 -0.201970
39  2.251880 -0.501682 0.001727  1.108582 0.098534 0.685884
40  -2.690626 -5.388759 0.001429  1.342954 0.184705 3.013568
41  -0.018885 -1.393205 0.040464  -2.120820 0.459992 -2.105436
42  0.044002 2.249246 0.000288  1.586978 0.164284 0.155464
time 119
0  0.000000 0.000000 0.000000  0.000000 0.000000 0.000000
1  3.436052 -0.141956 0.242206  -1.575508 -0.001578 -1.462431
2  -0.603448 2.612654 0.817130  1.570796 -0.000000 0.945489
3  -0.000587 -1.183046 0.422736  -0.149840 -1.674055 -1.977189
4  -2.734581 1.296080 0.328432  -0.283713 2.125336 0.092873
5  -3.270408 2.485141 0.593677  1.570886 -0.000001 0.760668
6  -1.520111 -0.082619 0.378413  0.000000 0.000001 -1.540460
7  0.148938 0.356266 0.053377  0.714578 -0.799770 1.920788
8  -0.492673 -2.434525 0.103147  1.292342 1.570796 0.000000
9  -1.340381 1.690742 0.099676  0.512580 -1.570589 -0.532282
10  -2.838513 0.688444 0.069879  -2.426956 0.791502 -1.458815
11  -1.533930 1.589349 -0.111825  -0.142775 -3.094257 0.228594
12  -2.565121 -0.994920 0.098025  -2.245489 -1.571019 -0.185290
13  0.767309 -1.335862 0.028232  3.081585 0.245155 -0.084381
14  1.214063 -5.061317 0.039618  -0.000857 -3.140815 0.044331
15  -0.412467 -1.237687 0.004488  -1.520123 -0.010830 0.372540
16  0.100668 -1.622303 0.006060  -1.520196 -0.010830 2.684154
17  -0.347207 -1.741394 0.006358  3.140718 -0.000770 0.817819
18  -1.201087 -1.625224 0.006891  -0.000863 -3.140815 -1.350699
19  0.738963 -1.423628 0.003390  0.051629 0.219497 -1.058525
20  0.331248 -0.369575 0.015311  -0.000866 -3.140826 -1.246783
21  0.040352 -2.237671 0.037982  2.141467 -0.202492 -1.921387
22  -3.398841 -2.765218 0.038151  0.396810 -1.341008 1.380088
23  0.179489 -0.887819 0.010437  -0.818333 -0.565293 -1.425891
24  0.167420 -0.013020 0.031854  -0.974447 0.139154 1.557408
25  1.239746 -0.246540 0.017971  0.222056 0.032595 -1.382958
26  4.053361 5.224116 0.002597  1.124520 0.040514 -1.911476
27  1.257352 0.089757 0.004761  0.146256 -2.597645 1.156714
28  0.338059 -3.154490 0.009341  1.386887 -0.194171 0.633267
29  1.212127 6.312039 0.043026  -0.063189 -0.469304 -0.493310
30  -0.030280 -0.481258 0.012987  2.995243 -1.098583 -0.614540
31  4.624696 -1.030298 0.044745  -2.703368 0.174479 -0.072360
32  2.720535 -0.343545 0.001741  1.807941 -0.166805 2.044900
33  -3.940393 -3.204491 0.042755  2.960072 -0.096454 -0.113569
34  2.314587 -0.341209 0.042878  0.226950 0.822196 -0.584183
35  1.284538 1.942922 0.002808  -1.218683 -0.763792 0.283221
36  0.002514 -2.947152 0.002124  1.124592 0.040686 1.634777
37  -0.452959 -2.162080 0.004216  -1.520140 -0.010843 1.693515
38  -2.495927 -1.391464 0.001248  -0.000861 -3.140878 -0.201970
39  2.251880 -0.501682 0.001727  1.108582 0.098534 0.685848
40  -2.690626 -5.388759 0.001429  1.342954 0.184705 3.013571
41  -0.018513 -1.392297 0.040537  1.014437 2.703113 0.876076
42  0.044002 2.249246 0.000288  1.586978 0.164284 0.155464
time 120
0  0.000000 0.000000 0.000000  0.000000 0.000000 0.000000
1  3.436052 -0.141957 0.242206  -1.575508 -0.001578 -1.462432
2  -0.603448 2.612652 0.817130  1.570796 -0.000000 0.945489
3  0.000367 -1.181671 0.422679  -0.147058 -1.674428 -1.978302
4  -2.737684 1.299355 0.323629  -0.298552 2.103418 0.059695
5  -3.270410 2.485141 0.593677  1.570886 -0.000001 0.760668
6  -1.520111 -0.082620 0.378413  0.000000 0.000001 -1.540460
7  0.148938 0.356266 0.053377  0.714578 -0.799770 1.920790
8  -0.492673 -2.434525 0.103147  1.292342 1.570796 0.000000
9  -1.340381 1.690742 0.099676  0.512580 -1.570589 -0.532282
10  -2.838282 0.688006 0.069081  -2.424915 0.804528 -1.455589
11  -1.531218 1.588597 -0.111883  -0.130857 -3.068180 -0.611433
12  -2.565121 -0.994920 0.098025  -2.245489 -1.571019 -0.185290
13  0.767331 -1.335855 0.028230  3.081748 0.245168 -0.084042
14  1.214063 -5.061317 0.039618  -0.000857 -3.140815 0.044331
15  -0.412467 -1.237687 0.004488  -1.520123 -0.010830 0.372540
16  0.100668 -1.622303 0.006060  -1.520196 -0.010830 2.684154
17  -0.347207 -1.741394 0.006358  3.140718 -0.000770 0.817819
18  -1.201087 -1.625224 0.006891  -0.000863 -3.140815 -1.350699
19  0.738957 -1.423622 0.003390  0.051630 0.219495 -1.058525
20  0.331250 -0.369576 0.015311  -0.000866 -3.140826 -1.246800
21  0.040352 -2.237670 0.037982  2.141467 -0.202492 -1.921389
22  -3.398841 -2.765219 0.038151  0.396810 -1.341008 1.380087
23  0.179494 -0.887792 0.010438  -0.818241 -0.565610 -1.426219
24  0.171633 -0.023143 0.043946  -0.856812 -0.118971 1.564787
25  1.239746 -0.246540 0.017971  0.222056 0.032596 -1.382957
26  4.053361 5.224116 0.002597  1.124520 0.040514 -1.911476
27  1.257352 0.089757 0.004761  0.146256 -2.597645 1.156714
28  0.338059 -3.154490 0.009341  1.386887 -0.194171 0.633287
29  1.220318 6.357403 0.041552  -1.297442 -0.488925 0.108534
30  -0.030280 -0.481258 0.012987  2.995242 -1.098583 -0.614570
31  4.628416 -1.010616 0.045915  3.138913 0.196127 -0.186172
32  2.720535 -0.343545 0.001741  1.807939 -0.166806 2.044899
33  -3.955795 -3.212650 0.043852  -3.079796 -0.427460 -0.137657
34  2.326503 -0.335608 0.042803  -0.198744 0.962947 -0.734379
35  1.284538 1.942922 0.002808  -1.218683 -0.763792 0.283221
36  0.002514 -2.947151 0.002124  1.124592 0.040686 1.634779
37  -0.452959 -2.162080 0.004216  -1.520140 -0.010843 1.693515
38  -2.495927 -1.391464 0.001248  -0.000861 -3.140878 -0.201970
39  2.251880 -0.501681 0.001727  1.108582 0.098534 0.685813
40  -2.690626 -5.388759 0.001429  1.342954 0.184705 3.013574
41  -0.018578 -1.391824 0.040552  1.012450 2.707890 0.717789
42  0.044002 2.249246 0.000288  1.586978 0.164284 0.155464
time 121
0  0.000000 0.000000 0.000000  0.000000 0.000000 0.000000
1  3.436053 -0.141957 0.242206  -1.575508 -0.001578 -1.462431
2  -0.603447 2.612649 0.817130  1.570796 -0.000000 0.945488
3  0.000649 -1.181052 0.422634  -0.146338 -1.674437 -1.978282
4  -2.744195 1.303770 0.320019  -0.300313 2.081589 0.037998
5  -3.270413 2.485141 0.593677  1.570886 -0.000001 0.760667
6  -1.520112 -0.082621 0.378413  0.000001 0.000001 -1.540460
7  0.148939 0.356266 0.053377  0.714578 -0.799770 1.920792
8  -0.492673 -2.434525 0.103147  1.292342 1.570796 0.000000
9  -1.340381 1.690742 0.099676  0.512580 -1.570589 -0.532282
10  -2.838352 0.688181 0.068888  -2.424676 0.800486 -1.454889
11  -1.528767 1.587218 -0.111923  -0.113930 -3.058703 -1.448733
12  -2.565121 -0.994920 0.098025  -2.245489 -1.571019 -0.185290
13  0.767358 -1.335839 0.028228  3.082047 0.245331 -0.083520
14  1.214063 -5.061317 0.039618  -0.000857 -3.140815 0.044331
15  -0.412467 -1.237687 0.004488  -1.520123 -0.010830 0.372540
16  0.100668 -1.622303 0.006060  -1.520196 -0.010830 2.684154
17  -0.347207 -1.741394 0.006358  3.140718 -0.000770 0.817819
18  -1.201087 -1.625224 0.006891  -0.000863 -3.140815 -1.350699
19  0.738947 -1.423612 0.003390  0.051629 0.219496 -1.058525
20  0.331251 -0.369577 0.015311  -0.000866 -3.140826 -1.246818
21  0.040352 -2.237670 0.037982  2.141467 -0.202492 -1.921391
22  -3.398841 -2.765220 0.038151  0.396811 -1.341008 1.380085
23  0.179478 -0.887753 0.010438  -0.818252 -0.565635 -1.427909
24  0.175037 -0.031292 0.050955  -0.783338 -0.279028 1.551326
25  1.239746 -0.246540 0.017971  0.222056 0.032595 -1.382957
26  4.053361 5.224116 0.002597  1.124520 0.040514 -1.911476
27  1.257352 0.089757 0.004761  0.146256 -2.597645 1.156714
28  0.338059 -3.154491 0.009341  1.386887 -0.194171 0.633307
29  1.227487 6.402079 0.041793  -2.344211 -0.018174 0.360012
30  -0.030280 -0.481258 0.012987  2.995240 -1.098583 -0.614602
31  4.630301 -0.990870 0.045491  2.712099 0.129146 -0.289203
32  2.720535 -0.343545 0.001741  1.807943 -0.166805 2.044899
33  -3.970383 -3.221459 0.044295  -2.763128 -0.715090 -0.268391
34  2.338489 -0.330376 0.042952  -0.750750 1.049346 -1.020833
35  1.284538 1.942922 0.002808  -1.218683 -0.763792 0.283221
36  0.002514 -2.947151 0.002124  1.124593 0.040689 1.634781
37  -0.452959 -2.162080 0.004216  -1.520140 -0.010843 1.693515
38  -2.495927 -1.391464 0.001248  -0.000861 -3.140878 -0.201970
39  2.251880 -0.501681 0.001727  1.108582 0.098534 0.685779
40  -2.690626 -5.388759 0.001429  1.342954 0.184705 3.013577
41  -0.019069 -1.391663 0.040520  1.012304 2.698167 0.559684
42  0.044002 2.249246 0.000288  1.586978 0.164284 0.155464
time 122
0  0.000000 0.000000 0.000000  0.000000 0.000000 0.000000
1  3.436053 -0.141956 0.242206  -1.575508 -0.001578 -1.462432
2  -0.603446 2.612647 0.817130  1.570796 -0.000000 0.945488
3  0.000437 -1.180720 0.422571  -0.146783 -1.674274 -1.978162
4  -2.753565 1.308157 0.315993  -0.302053 2.057927 0.016797
5  -3.270415 2.485141 0.593677  1.570886 -0.000001 0.760666
6  -1.520113 -0.082622 0.378413  0.000001 0.000001 -1.540460
7  0.148939 0.356266 0.053377  0.714578 -0.799770 1.920795
8  -0.492673 -2.434525 0.103147  1.292342 1.570796 0.000000
9  -1.340381 1.690742 0.099676  0.512580 -1.570589 -0.532282
10  -2.838365 0.688074 0.068878  -2.424924 0.800668 -1.455020
11  -1.526573 1.585264 -0.111926  3.038321 -0.087555 0.859655
12  -2.565122 -0.994920 0.098025  -2.245489 -1.571019 -0.185290
13  0.767389 -1.335825 0.028225  3.082442 0.245659 -0.082950
14  1.214063 -5.061317 0.039618  -0.000857 -3.140815 0.044331
15  -0.412467 -1.237687 0.004488  -1.520123 -0.010830 0.372540
16  0.100668 -1.622303 0.006060  -1.520196 -0.010830 2.684154
17  -0.347207 -1.741394 0.006358  3.140718 -0.000770 0.817819
18  -1.201087 -1.625224 0.006891  -0.000863 -3.140815 -1.350699
19  0.738938 -1.423603 0.003390  0.051629 0.219496 -1.058525
20  0.331252 -0.369578 0.015311  -0.000866 -3.140826 -1.246835
21  0.040352 -2.237669 0.037982  2.141467 -0.202492 -1.921392
22  -3.398841 -2.765220 0.038151  0.396810 -1.341008 1.380085
23  0.179455 -0.887734 0.010439  -0.818261 -0.565659 -1.429002
24  0.177069 -0.036021 0.054146  -0.746014 -0.354935 1.540647
25  1.239746 -0.246540 0.017971  0.222056 0.032595 -1.382958
26  4.053361 5.224116 0.002597  1.124520 0.040514 -1.911476
27  1.257352 0.089757 0.004761  0.146256 -2.597645 1.156714
28  0.338060 -3.154492 0.009341  1.386887 -0.194171 0.633327
29  1.235841 6.446632 0.043435  2.947395 0.444505 0.080483
30  -0.030280 -0.481258 0.012987  2.995244 -1.098584 -0.614634
31  4.630470 -0.970825 0.044152  2.290850 -0.014156 -0.351588
32  2.720534 -0.343545 0.001741  1.807945 -0.166804 2.044898
33  -3.984357 -3.231029 0.044085  -2.276478 -0.920704 -0.583446
34  2.349939 -0.325271 0.043598  -1.336596 1.028900 -1.346798
35  1.284538 1.942922 0.002808  -1.218683 -0.763792 0.283221
36  0.002514 -2.947151 0.002124  1.124592 0.040688 1.634782
37  -0.452959 -2.162081 0.004216  -1.520140 -0.010843 1.693515
38  -2.495927 -1.391464 0.001248  -0.000861 -3.140878 -0.201970
39  2.251881 -0.501681 0.001727  1.108582 0.098534 0.685745
40  -2.690626 -5.388759 0.001429  1.342954 0.184705 3.013579
41  -0.019928 -1.391566 0.040454  1.014058 2.678029 0.401009
42  0.044002 2.249246 0.000288  1.586978 0.164284 0.155464
time 123
0  0.000000 0.000000 0.000000  0.000000 0.000000 0.000000
1  3.436053 -0.141955 0.242206  -1.575508 -0.001578 -1.462432
2  -0.603446 2.612644 0.817130  1.570796 -0.000000 0.945488
3  -0.000206 -1.180393 0.422484  -0.147873 -1.673979 -1.978314
4  -2.765386 1.312208 0.311584  -0.300536 2.031269 -0.002205
5  -3.270418 2.485141 0.593677  1.570886 -0.000001 0.760665
6  -1.520113 -0.082622 0.378413  0.000000 0.000001 -1.540461
7  0.148939 0.356266 0.053377  0.714578 -0.799770 1.920797
8  -0.492673 -2.434525 0.103147  1.292342 1.570796 0.000000
9  -1.340381 1.690742 0.099676  0.512580 -1.570589 -0.532282
10  -2.838381 0.688002 0.068878  -2.424924 0.800668 -1.454601
11  -1.524801 1.582741 -0.111895  3.051084 -0.094234 0.030273
12  -2.565122 -0.994920 0.098025  -2.245256 -1.571019 -0.185488
13  0.767423 -1.335814 0.028222  3.082930 0.246160 -0.082380
14  1.214063 -5.061317 0.039618  -0.000857 -3.140815 0.044331
15  -0.412467 -1.237687 0.004488  -1.520123 -0.010830 0.372540
16  0.100668 -1.622303 0.006060  -1.520196 -0.010830 2.684154
17  -0.347207 -1.741394 0.006358  3.140718 -0.000770 0.817819
18  -1.201087 -1.625224 0.006891  -0.000863 -3.140814 -1.350699
19  0.738928 -1.423594 0.003390  0.051629 0.219496 -1.058525
20  0.331253 -0.369579 0.015311  -0.000866 -3.140826 -1.246853
21  0.040352 -2.237668 0.037982  2.141467 -0.202492 -1.921394
22  -3.398841 -2.765221 0.038151  0.396811 -1.341008 1.380083
23  0.179428 -0.887719 0.010439  -0.818287 -0.565618 -1.430152
24  0.177434 -0.036952 0.054157  -0.746105 -0.355098 1.541515
25  1.239746 -0.246540 0.017971  0.222056 0.032595 -1.382958
26  4.053361 5.224116 0.002597  1.124520 0.040514 -1.911476
27  1.257352 0.089758 0.004761  0.146256 -2.597645 1.156714
28  0.338060 -3.154492 0.009341  1.386887 -0.194171 0.633347
29  1.245442 6.490779 0.041430  1.754875 0.443934 -0.511137
30  -0.030280 -0.481258 0.012987  2.995242 -1.098583 -0.614661
31  4.631097 -0.950913 0.044083  1.856310 -0.158106 -0.351364
32  2.720534 -0.343545 0.001741  1.807945 -0.166804 2.044898
33  -3.997898 -3.241455 0.043232  -1.598603 -0.954713 -1.091663
34  2.360920 -0.320009 0.043956  -1.813833 0.928410 -1.564193
35  1.284538 1.942922 0.002808  -1.218683 -0.763792 0.283221
36  0.002514 -2.947151 0.002124  1.124592 0.040688 1.634786
37  -0.452959 -2.162081 0.004216  -1.520140 -0.010843 1.693515
38  -2.495927 -1.391464 0.001248  -0.000861 -3.140878 -0.201970
39  2.251881 -0.501681 0.001727  1.108582 0.098534 0.685712
40  -2.690626 -5.388759 0.001429  1.342954 0.184705 3.013582
41  -0.021103 -1.391382 0.040359  1.017655 2.649221 0.241253
42  0.044002 2.249246 0.000288  1.586978 0.164284 0.155464
time 124
0  0.000000 0.000000 0.000000  0.000000 0.000000 0.000000
1  3.436054 -0.141955 0.242206  -1.575508 -0.001578 -1.462432
2  -0.603445 2.612642 0.817130  1.570796 -0.000000 0.945488
3  -0.001135 -1.179974 0.422369  -0.149380 -1.673602 -1.979088
4  -2.778882 1.316959 0.306400  -0.295868 2.000112 -0.019495
5  -3.270420 2.485140 0.593677  1.570886 -0.000001 0.760664
6  -1.520113 -0.082623 0.378413  0.000000 0.000001 -1.540461
7  0.148939 0.356266 0.053377  0.714578 -0.799770 1.920800
8  -0.492673 -2.434525 0.103147  1.292342 1.570796 0.000000
9  -1.340381 1.690742 0.099676  0.512580 -1.570589 -0.532282
10  -2.838446 0.687973 0.068878  -2.424923 0.800668 -1.453364
11  -1.523813 1.579699 -0.111846  3.073996 -0.094005 -0.795628
12  -2.565122 -0.994920 0.098025  -2.245256 -1.571019 -0.185488
13  0.767463 -1.335806 0.028219  3.083519 0.246841 -0.081815
14  1.214063 -5.061317 0.039618  -0.000857 -3.140815 0.044331
15  -0.412467 -1.237687 0.004488  -1.520123 -0.010830 0.372540
16  0.100668 -1.622303 0.006060  -1.520196 -0.010830 2.684154
17  -0.347207 -1.741394 0.006358  3.140718 -0.000770 0.817819
18  -1.201087 -1.625224 0.006891  -0.000863 -3.140814 -1.350699
19  0.738919 -1.423586 0.003390  0.051629 0.219496 -1.058526
20  0.331254 -0.369580 0.015311  -0.000866 -3.140826 -1.246871
21  0.040352 -2.237668 0.037982  2.141467 -0.202492 -1.921395
22  -3.398841 -2.765221 0.038151  0.396810 -1.341008 1.380082
23  0.179381 -0.887711 0.010439  -0.818289 -0.565527 -1.431504
24  0.176155 -0.034058 0.050993  -0.782927 -0.279510 1.553813
25  1.239746 -0.246540 0.017971  0.222056 0.032595 -1.382957
26  4.053361 5.224116 0.002597  1.124520 0.040514 -1.911476
27  1.257352 0.089758 0.004761  0.146256 -2.597645 1.156714
28  0.338060 -3.154493 0.009341  1.386887 -0.194171 0.633367
29  1.255466 6.534004 0.042065  0.742764 -0.026570 -0.757176
30  -0.030280 -0.481258 0.012987  2.995240 -1.098583 -0.614694
31  4.632994 -0.930950 0.042945  1.391472 -0.264237 -0.291575
32  2.720533 -0.343545 0.001741  1.807945 -0.166804 2.044898
33  -4.011183 -3.252848 0.041784  -1.009043 -0.773739 -1.502499
34  2.371587 -0.314555 0.044059  -2.180467 0.787805 -1.664056
35  1.284538 1.942922 0.002808  -1.218683 -0.763792 0.283221
36  0.002514 -2.947150 0.002124  1.124592 0.040688 1.634788
37  -0.452959 -2.162081 0.004216  -1.520140 -0.010843 1.693515
38  -2.495927 -1.391464 0.001248  -0.000861 -3.140878 -0.201970
39  2.251881 -0.501681 0.001727  1.108582 0.098534 0.685680
40  -2.690626 -5.388759 0.001429  1.342954 0.184705 3.013585
41  -0.022527 -1.391045 0.040239  1.021596 2.612699 0.079294
42  0.044002 2.249246 0.000288  1.586978 0.164284 0.155464
time 125
0  0.000000 0.000000 0.000000  0.000000 0.000000 0.000000
1  3.436054 -0.141954 0.242206  -1.575508 -0.001578 -1.462432
2  -0.603444 2.612639 0.817130  1.570796 -0.000000 0.945488
3  -0.002298 -1.179439 0.422231  -0.151039 -1.673155 -1.980774
4  -2.794385 1.322423 0.302694  -0.307155 1.973061 -0.050435
5  -3.270423 2.485140 0.593677  1.570886 -0.000001 0.760663
6  -1.520114 -0.082624 0.378413  0.000000 0.000001 -1.540460
7  0.148940 0.356266 0.053377  0.714578 -0.799770 1.920802
8  -0.492673 -2.434525 0.103147  1.292342 1.570796 0.000000
9  -1.340381 1.690742 0.099676  0.512580 -1.570589 -0.532282
10  -2.838539 0.687994 0.068878  -2.424923 0.800668 -1.450874
11  -1.524008 1.576461 -0.111807  -0.046031 -3.065615 1.524985
12  -2.565122 -0.994919 0.098025  -2.245256 -1.571019 -0.185488
13  0.767469 -1.335786 0.028217  3.083328 0.246184 -0.081521
14  1.214063 -5.061317 0.039618  -0.000857 -3.140815 0.044331
15  -0.412467 -1.237687 0.004488  -1.520123 -0.010830 0.372540
16  0.100668 -1.622303 0.006060  -1.520196 -0.010830 2.684154
17  -0.347207 -1.741394 0.006358  3.140718 -0.000770 0.817819
18  -1.201087 -1.625224 0.006891  -0.000863 -3.140814 -1.350699
19  0.738911 -1.423576 0.003390  0.051632 0.219497 -1.058525
20  0.331255 -0.369581 0.015311  -0.000866 -3.140826 -1.246889
21  0.040353 -2.237667 0.037982  2.141467 -0.202492 -1.921396
22  -3.398841 -2.765222 0.038151  0.396810 -1.341008 1.380081
23  0.179320 -0.887706 0.010438  -0.818348 -0.565313 -1.432861
24  0.173258 -0.027507 0.044262  -0.855011 -0.122466 1.568425
25  1.239746 -0.246540 0.017971  0.222056 0.032595 -1.382957
26  4.053361 5.224116 0.002597  1.124520 0.040514 -1.911476
27  1.257352 0.089758 0.004761  0.146256 -2.597645 1.156714
28  0.338060 -3.154494 0.009341  1.386887 -0.194171 0.633386
29  1.264327 6.577744 0.043160  -0.232242 -0.493957 -0.489625
30  -0.030281 -0.481258 0.012987  2.995244 -1.098584 -0.614727
31  4.636196 -0.911035 0.043083  0.897262 -0.303915 -0.189858
32  2.720532 -0.343544 0.001741  1.807945 -0.166804 2.044898
33  -4.024286 -3.264940 0.041967  -0.627262 -0.470133 -1.687119
34  2.382102 -0.308831 0.043907  0.659219 2.510851 1.456722
35  1.284538 1.942922 0.002808  -1.218683 -0.763792 0.283221
36  0.002514 -2.947150 0.002124  1.124592 0.040688 1.634791
37  -0.452959 -2.162081 0.004216  -1.520140 -0.010843 1.693515
38  -2.495927 -1.391464 0.001248  -0.000861 -3.140878 -0.201970
39  2.251881 -0.501681 0.001727  1.108582 0.098535 0.685649
40  -2.690626 -5.388759 0.001429  1.342954 0.184705 3.013588
41  -0.024182 -1.390538 0.040093  1.023842 2.568518 -0.086062
42  0.044002 2.249246 0.000288  1.586978 0.164284 0.155464
time 126
0  0.000000 0.000000 0.000000  0.000000 0.000000 0.000000
1  3.436053 -0.141954 0.242206  -1.575508 -0.001578 -1.462433
2  -0.603444 2.612637 0.817130  1.570796 -0.000000 0.945488
3  -0.003485 -1.178856 0.422192  -0.151184 -1.673071 -1.984439
4  -2.810098 1.328299 0.297296  -0.334682 1.958338 -0.098152
5  -3.270425 2.485140 0.593677  1.570886 -0.000001 0.760662
6  -1.520114 -0.082625 0.378413  0.000000 0.000001 -1.540460
7  0.148940 0.356267 0.053377  0.714578 -0.799770 1.920805
8  -0.492673 -2.434525 0.103147  1.292342 1.570796 0.000000
9  -1.340381 1.690742 0.099676  0.512580 -1.570589 -0.532282
10  -2.838755 0.688211 0.068878  -2.424923 0.800668 -1.446878
11  -1.525573 1.573569 -0.111807  -0.042166 -3.093916 0.709882
12  -2.565122 -0.994919 0.098025  -2.245256 -1.571019 -0.185488
13  0.767470 -1.335749 0.028215  3.083010 0.245252 -0.081034
14  1.214063 -5.061317 0.039618  -0.000857 -3.140815 0.044331
15  -0.412467 -1.237687 0.004488  -1.520123 -0.010830 0.372540
16  0.100668 -1.622303 0.006060  -1.520196 -0.010830 2.684154
17  -0.347207 -1.741394 0.006358  3.140718 -0.000770 0.817819
18  -1.201087 -1.625224 0.006891  -0.000863 -3.140814 -1.350699
19  0.738899 -1.423563 0.003390  0.051629 0.219496 -1.058526
20  0.331256 -0.369582 0.015311  -0.000866 -3.140826 -1.246907
21  0.040353 -2.237667 0.037982  2.141467 -0.202492 -1.921397
22  -3.398841 -2.765222 0.038151  0.396811 -1.341008 1.380079
23  0.179296 -0.887710 0.010437  -0.818453 -0.564946 -1.433210
24  0.169115 -0.017917 0.033361  -0.965028 0.128630 1.567375
25  1.239746 -0.246540 0.017971  0.222056 0.032596 -1.382957
26  4.053361 5.224116 0.002597  1.124520 0.040514 -1.911476
27  1.257352 0.089758 0.004761  0.146256 -2.597645 1.156715
28  0.338060 -3.154495 0.009341  1.386887 -0.194171 0.633406
29  1.271879 6.621455 0.040735  -1.447270 -0.512825 0.123015
30  -0.030281 -0.481258 0.012987  2.995242 -1.098583 -0.614753
31  4.639975 -0.892561 0.046450  0.459478 -0.271369 -0.101267
32  2.720531 -0.343544 0.001741  1.807924 -0.166809 2.044902
33  -4.037212 -3.276363 0.043441  -0.355733 -0.162224 -1.735366
34  2.392605 -0.302737 0.043499  0.386010 2.673694 1.487646
35  1.284538 1.942922 0.002808  -1.218683 -0.763792 0.283221
36  0.002515 -2.947150 0.002124  1.124592 0.040688 1.634794
37  -0.452959 -2.162081 0.004216  -1.520140 -0.010843 1.693515
38  -2.495927 -1.391464 0.001248  -0.000861 -3.140878 -0.201970
39  2.251882 -0.501681 0.001727  1.108582 0.098535 0.685620
40  -2.690626 -5.388759 0.001429  1.342954 0.184705 3.013591
41  -0.026250 -1.390280 0.040123  1.024958 2.531295 -0.251537
42  0.044002 2.249246 0.000288  1.586978 0.164284 0.155464
time 127
0  0.000000 0.000000 0.000000  0.000000 0.000000 0.000000
1  3.436053 -0.141955 0.242206  -1.575508 -0.001578 -1.462433
2  -0.603443 2.612634 0.817130  1.570796 -0.000000 0.945488
3  -0.004301 -1.178563 0.422195  -0.151233 -1.673072 -1.987385
4  -2.824778 1.334300 0.290431  -0.377112 1.948153 -0.165201
5  -3.270428 2.485140 0.593677  1.570886 -0.000001 0.760661
6  -1.520115 -0.082626 0.378413  0.000000 0.000001 -1.540460
7  0.148940 0.356267 0.053377  0.714578 -0.799770 1.920807
8  -0.492673 -2.434525 0.103147  1.292342 1.570796 0.000000
9  -1.340381 1.690742 0.099676  0.512580 -1.570589 -0.532282
10  -2.839040 0.688573 0.068870  -2.424775 0.800683 -1.440681
11  -1.528327 1.571605 -0.111845  -0.056010 -3.114498 -0.100787
12  -2.565123 -0.994919 0.098025  -2.245390 -1.571019 -0.185319
13  0.767477 -1.335719 0.028212  3.082863 0.244592 -0.080431
14  1.214063 -5.061317 0.039618  -0.000857 -3.140815 0.044331
15  -0.412467 -1.237687 0.004488  -1.520123 -0.010830 0.372540
16  0.100668 -1.622303 0.006060  -1.520196 -0.010830 2.684154
17  -0.347207 -1.741394 0.006358  3.140718 -0.000770 0.817819
18  -1.201087 -1.625224 0.006891  -0.000863 -3.140814 -1.350699
19  0.738889 -1.423553 0.003390  0.051629 0.219496 -1.058526
20  0.331257 -0.369583 0.015311  -0.000866 -3.140826 -1.246925
21  0.040353 -2.237666 0.037982  2.141467 -0.202492 -1.921398
22  -3.398841 -2.765223 0.038151  0.396811 -1.341008 1.380078
23  0.179286 -0.887716 0.010438  -0.818566 -0.564672 -1.433255
24  0.164575 -0.007672 0.024404  -1.165614 0.496769 1.494262
25  1.239746 -0.246540 0.017971  0.222056 0.032595 -1.382957
26  4.053361 5.224116 0.002597  1.124520 0.040514 -1.911476
27  1.257351 0.089758 0.004761  0.146256 -2.597645 1.156715
28  0.338060 -3.154495 0.009341  1.386887 -0.194171 0.633426
29  1.278990 6.664354 0.042636  -2.441600 -0.034499 0.378707
30  -0.030281 -0.481258 0.012987  2.995242 -1.098583 -0.614784
31  4.644284 -0.875164 0.048312  0.077236 -0.202116 -0.045294
32  2.720530 -0.343545 0.001741  1.807934 -0.166806 2.044900
33  -4.050038 -3.287153 0.044209  -0.106274 0.124446 -1.706895
34  2.403207 -0.296154 0.042840  0.117941 2.836567 1.557487
35  1.284538 1.942922 0.002808  -1.218683 -0.763792 0.283221
36  0.002515 -2.947150 0.002124  1.124593 0.040688 1.634797
37  -0.452959 -2.162081 0.004216  -1.520140 -0.010843 1.693515
38  -2.495927 -1.391464 0.001248  -0.000861 -3.140878 -0.201970
39  2.251882 -0.501681 0.001727  1.108582 0.098535 0.685594
40  -2.690626 -5.388759 0.001429  1.342954 0.184705 3.013593
41  -0.028186 -1.390233 0.040165  1.017982 2.506632 -0.419784
42  0.044002 2.249246 0.000288  1.586978 0.164284 0.155464
time 128
0  0.000000 0.000000 0.000000  0.000000 0.000000 0.000000
1  3.436052 -0.141955 0.242206  -1.575508 -0.001578 -1.462433
2  -0.603442 2.612632 0.817130  1.570796 -0.000000 0.945488
3  -0.004864 -1.178410 0.422195  -0.151280 -1.673065 -1.989498
4  -2.838076 1.339898 0.283026  -0.422392 1.926646 -0.243332
5  -3.270430 2.485139 0.593677  1.570886 -0.000001 0.760660
6  -1.520116 -0.082627 0.378413  0.000000 0.000001 -1.540460
7  0.148940 0.356267 0.053377  0.714578 -0.799770 1.920810
8  -0.492673 -2.434526 0.103147  1.292342 1.570796 0.000000
9  -1.340381 1.690742 0.099676  0.512580 -1.570589 -0.532282
10  -2.839318 0.688982 0.068877  -2.424912 0.800673 -1.435557
11  -1.531728 1.570962 -0.111892  -0.072988 -3.120340 -0.908355
12  -2.565123 -0.994919 0.098025  -2.245390 -1.571019 -0.185319
13  0.767490 -1.335694 0.028209  3.082875 0.244222 -0.079829
14  1.214063 -5.061317 0.039618  -0.000857 -3.140815 0.044331
15  -0.412467 -1.237687 0.004488  -1.520123 -0.010830 0.372540
16  0.100668 -1.622303 0.006060  -1.520196 -0.010830 2.684154
17  -0.347207 -1.741394 0.006358  3.140718 -0.000770 0.817819
18  -1.201087 -1.625224 0.006891  -0.000863 -3.140814 -1.350699
19  0.738880 -1.423545 0.003390  0.051629 0.219496 -1.058526
20  0.331258 -0.369584 0.015311  -0.000866 -3.140826 -1.246943
21  0.040354 -2.237666 0.037982  2.141467 -0.202492 -1.921399
22  -3.398841 -2.765223 0.038151  0.396810 -1.341008 1.380077
23  0.179281 -0.887729 0.010438  -0.818650 -0.564416 -1.432929
24  0.159790 0.002364 0.019650  -1.558163 0.898012 1.232403
25  1.239747 -0.246540 0.017971  0.222056 0.032596 -1.382957
26  4.053361 5.224116 0.002597  1.124520 0.040514 -1.911476
27  1.257351 0.089758 0.004761  0.146256 -2.597645 1.156715
28  0.338060 -3.154496 0.009341  1.386886 -0.194171 0.633446
29  1.287491 6.707192 0.043476  2.915127 0.445540 0.128767
30  -0.030281 -0.481258 0.012987  2.995244 -1.098584 -0.614817
31  4.649159 -0.858558 0.048974  -0.271319 -0.108953 -0.021931
32  2.720529 -0.343546 0.001741  1.807943 -0.166805 2.044899
33  -4.062926 -3.297457 0.044338  0.171225 0.380969 -1.607428
34  2.413975 -0.288942 0.041950  2.979385 0.148158 -1.479245
35  1.284538 1.942922 0.002808  -1.218683 -0.763792 0.283221
36  0.002515 -2.947150 0.002124  1.124593 0.040688 1.634801
37  -0.452959 -2.162081 0.004216  -1.520140 -0.010843 1.693515
38  -2.495927 -1.391464 0.001248  -0.000861 -3.140878 -0.201970
39  2.251882 -0.501680 0.001727  1.108582 0.098537 0.685584
40  -2.690626 -5.388759 0.001429  1.342954 0.184705 3.013596
41  -0.029928 -1.390104 0.040169  1.006536 2.488374 -0.589562
42  0.044002 2.249246 0.000288  1.586978 0.164284 0.155464
time 129
0  0.000000 0.000000 0.000000  0.000000 0.000000 0.000000
1  3.436053 -0.141955 0.242206  -1.575508 -0.001578 -1.462433
2  -0.603442 2.612629 0.817130  1.570796 -0.000000 0.945488
3  -0.005260 -1.178314 0.422193  -0.151361 -1.673051 -1.990920
4  -2.853988 1.344995 0.272361  -0.494569 1.897702 -0.349755
5  -3.270432 2.485139 0.593677  1.570886 -0.000001 0.760659
6  -1.520116 -0.082628 0.378413  0.000000 0.000001 -1.540459
7  0.148941 0.356267 0.053377  0.714578 -0.799770 1.920812
8  -0.492673 -2.434526 0.103147  1.292342 1.570796 0.000000
9  -1.340381 1.690742 0.099676  0.512580 -1.570589 -0.532282
10  -2.839267 0.688923 0.068890  -2.424632 0.800463 -1.432130
11  -1.535059 1.571665 -0.111917  3.057926 -0.021170 1.428651
12  -2.565123 -0.994919 0.098025  -2.245390 -1.571019 -0.185319
13  0.767511 -1.335674 0.028207  3.083056 0.244166 -0.079242
14  1.214063 -5.061317 0.039618  -0.000857 -3.140815 0.044331
15  -0.412467 -1.237687 0.004488  -1.520123 -0.010830 0.372540
16  0.100668 -1.622303 0.006060  -1.520196 -0.010830 2.684154
17  -0.347207 -1.741394 0.006358  3.140718 -0.000770 0.817819
18  -1.201087 -1.625224 0.006891  -0.000863 -3.140814 -1.350699
19  0.738871 -1.423536 0.003390  0.051629 0.219496 -1.058527
20  0.331259 -0.369585 0.015311  -0.000866 -3.140826 -1.246961
21  0.040354 -2.237666 0.037982  2.141467 -0.202492 -1.921400
22  -3.398841 -2.765224 0.038151  0.396811 -1.341008 1.380075
23  0.179269 -0.887740 0.010438  -0.818699 -0.564261 -1.432694
24  0.155335 0.011811 0.019792  -2.498287 1.116140 0.418127
25  1.239747 -0.246540 0.017971  0.222056 0.032595 -1.382957
26  4.053361 5.224116 0.002597  1.124520 0.040514 -1.911476
27  1.257351 0.089758 0.004761  0.146256 -2.597645 1.156715
28  0.338060 -3.154497 0.009341  1.386886 -0.194171 0.633466
29  1.297245 6.749490 0.040993  1.746142 0.507606 -0.478048
30  -0.030281 -0.481258 0.012987  2.995241 -1.098583 -0.614844
31  4.654761 -0.842306 0.048499  -0.609643 -0.000004 -0.030187
32  2.720527 -0.343546 0.001741  1.807946 -0.166803 2.044899
33  -4.076094 -3.307457 0.043831  0.523760 0.590075 -1.415349
34  2.425162 -0.281354 0.041954  2.687922 0.013293 -1.339389
35  1.284538 1.942922 0.002808  -1.218683 -0.763792 0.283221
36  0.002515 -2.947149 0.002124  1.124592 0.040688 1.634804
37  -0.452959 -2.162081 0.004216  -1.520140 -0.010843 1.693515
38  -2.495927 -1.391464 0.001248  -0.000861 -3.140878 -0.201970
39  2.251882 -0.501680 0.001727  1.108585 0.098528 0.685582
40  -2.690626 -5.388759 0.001429  1.342954 0.184705 3.013599
41  -0.031515 -1.389872 0.040155  0.993116 2.475016 -0.759627
42  0.044002 2.249246 0.000288  1.586978 0.164284 0.155464
time 130
0  0.000000 0.000000 0.000000  0.000000 0.000000 0.000000
1  3.436052 -0.141955 0.242206  -1.575508 -0.001578 -1.462433
2  -0.603441 2.612627 0.817130  1.570796 -0.000000 0.945488
3  -0.005537 -1.178267 0.422188  -0.151447 -1.673032 -1.991879
4  -2.872202 1.351356 0.258700  -0.601637 1.864226 -0.493585
5  -3.270435 2.485139 0.593677  1.570886 -0.000001 0.760658
6  -1.520117 -0.082629 0.378413  0.000001 0.000001 -1.540459
7  0.148941 0.356267 0.053377  0.714578 -0.799770 1.920815
8  -0.492673 -2.434526 0.103147  1.292342 1.570796 0.000000
9  -1.340381 1.690742 0.099676  0.512580 -1.570589 -0.532282
10  -2.839160 0.688865 0.068878  -2.424924 0.800667 -1.428630
11  -1.537699 1.573379 -0.111911  3.048043 -0.018581 0.627395
12  -2.565123 -0.994919 0.098025  -2.245390 -1.571019 -0.185319
13  0.767553 -1.335662 0.028205  3.083366 0.244460 -0.078633
14  1.214063 -5.061317 0.039618  -0.000857 -3.140815 0.044331
15  -0.412467 -1.237687 0.004488  -1.520123 -0.010830 0.372540
16  0.100668 -1.622303 0.006060  -1.520196 -0.010830 2.684154
17  -0.347207 -1.741394 0.006358  3.140718 -0.000770 0.817819
18  -1.201087 -1.625224 0.006891  -0.000863 -3.140814 -1.350699
19  0.738873 -1.423535 0.003330  0.048827 0.221859 -1.059129
20  0.331260 -0.369586 0.015311  -0.000866 -3.140826 -1.246980
21  0.040355 -2.237665 0.037982  2.141467 -0.202492 -1.921401
22  -3.398841 -2.765224 0.038151  0.396810 -1.341008 1.380074
23  0.179253 -0.887759 0.010438  -0.818740 -0.564129 -1.432497
24  0.150737 0.021451 0.024930  2.917037 0.906814 -0.333224
25  1.239747 -0.246540 0.017971  0.222056 0.032595 -1.382957
26  4.053361 5.224116 0.002597  1.124520 0.040514 -1.911476
27  1.257351 0.089758 0.004761  0.146256 -2.597645 1.156715
28  0.338060 -3.154498 0.009341  1.386886 -0.194171 0.633486
29  1.307218 6.790963 0.042413  0.752537 0.061134 -0.792803
30  -0.030281 -0.481258 0.012987  2.995243 -1.098583 -0.614874
31  4.661264 -0.825956 0.046845  -0.962525 0.119896 -0.073251
32  2.720526 -0.343547 0.001741  1.807941 -0.166804 2.044899
33  -4.089725 -3.317338 0.042707  0.991785 0.711350 -1.105732
34  2.436682 -0.274691 0.042522  2.399405 -0.052894 -1.173416
35  1.284538 1.942922 0.002808  -1.218683 -0.763792 0.283221
36  0.002515 -2.947149 0.002124  1.124593 0.040688 1.634807
37  -0.452959 -2.162081 0.004216  -1.520140 -0.010843 1.693515
38  -2.495927 -1.391464 0.001248  -0.000861 -3.140878 -0.201970
39  2.251883 -0.501680 0.001727  1.108584 0.098530 0.685581
40  -2.690626 -5.388758 0.001429  1.342954 0.184705 3.013602
41  -0.032953 -1.389541 0.040129  0.978827 2.464920 -0.929702
42  0.044002 2.249246 0.000288  1.586978 0.164284 0.155464
time 131
0  0.000000 0.000000 0.000000  0.000000 0.000000 0.000000
1  3.436053 -0.141954 0.242206  -1.575508 -0.001578 -1.462433
2  -0.603440 2.612624 0.817130  1.570796 -0.000000 0.945488
3  -0.005563 -1.178072 0.422163  -0.151254 -1.673013 -1.992489
4  -2.889691 1.356587 0.245993  -0.697937 1.825994 -0.619998
5  -3.270437 2.485139 0.593677  1.570886 -0.000001 0.760657
6  -1.520117 -0.082630 0.378413  0.000001 0.000001 -1.540459
7  0.148941 0.356267 0.053377  0.714578 -0.799770 1.920817
8  -0.492673 -2.434526 0.103147  1.292342 1.570796 0.000000
9  -1.340381 1.690742 0.099676  0.512580 -1.570589 -0.532282
10  -2.839160 0.688865 0.068878  -2.424924 0.800667 -1.428629
11  -1.539318 1.575576 -0.111892  3.031479 -0.018826 -0.170322
12  -2.565124 -0.994919 0.098025  -2.245390 -1.571019 -0.185319
13  0.767573 -1.335680 0.028202  3.083976 0.245152 -0.077838
14  1.214063 -5.061317 0.039618  -0.000857 -3.140815 0.044331
15  -0.412467 -1.237687 0.004488  -1.520123 -0.010830 0.372540
16  0.100668 -1.622303 0.006060  -1.520196 -0.010830 2.684154
17  -0.347207 -1.741394 0.006358  3.140718 -0.000770 0.817819
18  -1.201087 -1.625224 0.006891  -0.000863 -3.140814 -1.350699
19  0.738875 -1.423554 0.003383  0.051329 0.219751 -1.058641
20  0.331262 -0.369586 0.015311  -0.000866 -3.140826 -1.246999
21  0.040355 -2.237665 0.037982  2.141467 -0.202492 -1.921402
22  -3.398841 -2.765225 0.038151  0.396811 -1.341008 1.380073
23  0.179253 -0.887755 0.010436  -0.818711 -0.564138 -1.432602
24  0.145651 0.031673 0.031980  2.571451 0.584470 -0.571738
25  1.239747 -0.246540 0.017971  0.222056 0.032595 -1.382957
26  4.053361 5.224116 0.002597  1.124520 0.040514 -1.911476
27  1.257351 0.089758 0.004761  0.146256 -2.597645 1.156715
28  0.338060 -3.154498 0.009341  1.386887 -0.194171 0.633505
29  1.316020 6.832997 0.043323  -0.131210 -0.447987 -0.611553
30  -0.030281 -0.481258 0.012987  2.995242 -1.098583 -0.614903
31  4.668806 -0.809157 0.043919  -1.359584 0.243771 -0.161619
32  2.720525 -0.343547 0.001741  1.807940 -0.166802 2.044899
33  -4.103987 -3.327236 0.041035  1.537791 0.688341 -0.728427
34  2.448455 -0.268961 0.042515  2.110041 -0.041584 -1.000757
35  1.284538 1.942922 0.002808  -1.218683 -0.763792 0.283221
36  0.002515 -2.947149 0.002124  1.124592 0.040688 1.634810
37  -0.452959 -2.162081 0.004216  -1.520140 -0.010843 1.693515
38  -2.495927 -1.391464 0.001248  -0.000861 -3.140878 -0.201970
39  2.251883 -0.501679 0.001727  1.108585 0.098527 0.685580
40  -2.690625 -5.388758 0.001429  1.342954 0.184705 3.013604
41  -0.033781 -1.389279 0.040160  0.972896 2.445936 -1.087340
42  0.044002 2.249246 0.000288  1.586978 0.164284 0.155464
time 132
0  0.000000 0.000000 0.000000  0.000000 0.000000 0.000000
1  3.436053 -0.141954 0.242206  -1.575508 -0.001578 -1.462434
2  -0.603440 2.612622 0.817130  1.570796 -0.000000 0.945488
3  -0.005383 -1.177849 0.422135  -0.151134 -1.672982 -1.992359
4  -2.900383 1.358108 0.247235  -0.697767 1.830119 -0.636684
5  -3.270695 2.487126 0.593677  1.570886 -0.000001 0.757619
6  -1.520118 -0.082631 0.378413  0.000001 0.000001 -1.540459
7  0.148941 0.356268 0.053377  0.714578 -0.799770 1.920820
8  -0.492673 -2.434526 0.103147  1.292342 1.570796 0.000000
9  -1.340381 1.690742 0.099676  0.512580 -1.570589 -0.532282
10  -2.839160 0.688865 0.068878  -2.424924 0.800667 -1.428630
11  -1.539915 1.577778 -0.111880  3.013321 -0.031788 -0.964590
12  -2.565124 -0.994919 0.098025  -2.245390 -1.571019 -0.185319
13  0.767561 -1.335691 0.028200  3.083896 0.244711 -0.077144
14  1.214063 -5.061317 0.039618  -0.000857 -3.140815 0.044331
15  -0.412467 -1.237687 0.004488  -1.520123 -0.010830 0.372540
16  0.100668 -1.622303 0.006060  -1.520196 -0.010830 2.684154
17  -0.347207 -1.741394 0.006358  3.140718 -0.000770 0.817819
18  -1.201087 -1.625224 0.006891  -0.000863 -3.140814 -1.350699
19  0.738866 -1.423581 0.003389  0.051600 0.219524 -1.058581
20  0.331263 -0.369587 0.015311  -0.000866 -3.140826 -1.247017
21  0.040355 -2.237664 0.037982  2.141467 -0.202492 -1.921403
22  -3.398841 -2.765225 0.038151  0.396810 -1.341008 1.380072
23  0.179283 -0.887717 0.010437  -0.818734 -0.564151 -1.433078
24  0.140599 0.041054 0.040343  2.421492 0.324750 -0.641538
25  1.239747 -0.246540 0.017971  0.222056 0.032595 -1.382957
26  4.053361 5.224116 0.002597  1.124520 0.040514 -1.911476
27  1.257351 0.089758 0.004761  0.146256 -2.597645 1.156715
28  0.338060 -3.154499 0.009341  1.386887 -0.194171 0.633525
29  1.323532 6.875009 0.040805  -1.299899 -0.600532 -0.000030
30  -0.030281 -0.481258 0.012987  2.995241 -1.098583 -0.614934
31  4.676810 -0.791847 0.042805  -1.819020 0.331479 -0.306367
32  2.720524 -0.343548 0.001741  1.807946 -0.166803 2.044898
33  -4.118794 -3.336804 0.041177  2.011628 0.510340 -0.436133
34  2.460702 -0.264028 0.041944  1.827520 0.046669 -0.842548
35  1.284538 1.942922 0.002808  -1.218683 -0.763792 0.283221
36  0.002515 -2.947148 0.002124  1.124592 0.040688 1.634814
37  -0.452959 -2.162081 0.004216  -1.520140 -0.010843 1.693515
38  -2.495927 -1.391464 0.001248  -0.000861 -3.140878 -0.201970
39  2.251883 -0.501679 0.001727  1.108583 0.098532 0.685561
40  -2.690625 -5.388758 0.001429  1.342954 0.184705 3.013607
41  -0.034424 -1.388901 0.040177  0.970005 2.437207 -1.223291
42  0.044002 2.249246 0.000288  1.586978 0.164284 0.155464
time 133
0  0.000000 0.000000 0.000000  0.000000 0.000000 0.000000
1  3.436053 -0.141954 0.242206  -1.575508 -0.001578 -1.462434
2  -0.603439 2.612619 0.817130  1.570796 -0.000000 0.945488
3  -0.005175 -1.177621 0.422102  -0.150972 -1.672945 -1.992161
4  -2.906440 1.355761 0.245750  -0.713186 1.830582 -0.656978
5  -3.271134 2.489408 0.593677  1.570886 -0.000000 0.754399
6  -1.520119 -0.082632 0.378413  0.000000 0.000001 -1.540459
7  0.148942 0.356268 0.053377  0.714578 -0.799770 1.920822
8  -0.492673 -2.434526 0.103147  1.292342 1.570796 0.000000
9  -1.340381 1.690742 0.099676  0.512580 -1.570589 -0.532282
10  -2.839160 0.688865 0.068878  -2.424924 0.800667 -1.428630
11  -1.539741 1.579768 -0.111897  -0.132702 -3.083706 1.385653
12  -2.565124 -0.994918 0.098025  -2.245390 -1.571019 -0.185319
13  0.767554 -1.335702 0.028197  3.083957 0.244514 -0.076225
14  1.214063 -5.061317 0.039618  -0.000857 -3.140815 0.044331
15  -0.412467 -1.237687 0.004488  -1.520123 -0.010830 0.372540
16  0.100668 -1.622303 0.006060  -1.520196 -0.010830 2.684154
17  -0.347207 -1.741394 0.006358  3.140718 -0.000770 0.817819
18  -1.201087 -1.625224 0.006891  -0.000863 -3.140814 -1.350699
19  0.738862 -1.423608 0.003390  0.051627 0.219500 -1.058575
20  0.331264 -0.369588 0.015311  -0.000866 -3.140826 -1.247036
21  0.040356 -2.237664 0.037982  2.141467 -0.202492 -1.921405
22  -3.398841 -2.765226 0.038151  0.396810 -1.341008 1.380071
23  0.179327 -0.887675 0.010437  -0.818716 -0.564196 -1.433518
24  0.136744 0.048074 0.046917  2.353179 0.194057 -0.665217
25  1.239747 -0.246540 0.017971  0.222056 0.032595 -1.382957
26  4.053361 5.224116 0.002597  1.124520 0.040514 -1.911476
27  1.257351 0.089758 0.004761  0.146256 -2.597645 1.156715
28  0.338060 -3.154500 0.009341  1.386887 -0.194171 0.633545
29  1.330516 6.916329 0.042576  -2.331544 -0.193735 0.398259
30  -0.030281 -0.481258 0.012987  2.995242 -1.098583 -0.614962
31  4.682778 -0.774379 0.044463  -2.257362 0.303766 -0.456716
32  2.720523 -0.343548 0.001741  1.807939 -0.166806 2.044899
33  -4.133834 -3.345708 0.041408  2.363378 0.242335 -0.281644
34  2.473647 -0.259784 0.040841  1.553053 0.204880 -0.717101
35  1.284538 1.942922 0.002808  -1.218683 -0.763792 0.283221
36  0.002515 -2.947148 0.002124  1.124592 0.040688 1.634817
37  -0.452959 -2.162081 0.004216  -1.520140 -0.010843 1.693515
38  -2.495927 -1.391464 0.001248  -0.000861 -3.140878 -0.201970
39  2.251883 -0.501679 0.001727  1.108582 0.098535 0.685540
40  -2.690625 -5.388758 0.001429  1.342954 0.184705 3.013610
41  -0.034918 -1.388537 0.040188  -2.173544 0.711299 1.802458
42  0.044002 2.249246 0.000288  1.586978 0.164284 0.155464
time 134
0  0.000000 0.000000 0.000000  0.000000 0.000000 0.000000
1  3.436054 -0.141954 0.242206  -1.575508 -0.001578 -1.462434
2  -0.603438 2.612617 0.817130  1.570796 -0.000000 0.945488
3  -0.004980 -1.177418 0.422070  -0.150855 -1.672906 -1.991907
4  -2.907637 1.355011 0.245913  -0.712387 1.830992 -0.657655
5  -3.271137 2.489411 0.593677  1.570885 -0.000000 0.754405
6  -1.520120 -0.082633 0.378413  0.000001 0.000001 -1.540458
7  0.148942 0.356268 0.053377  0.714578 -0.799770 1.920824
8  -0.492673 -2.434526 0.103147  1.292342 1.570796 0.000000
9  -1.340381 1.690742 0.099676  0.512580 -1.570589 -0.532282
10  -2.839160 0.688865 0.068878  -2.424924 0.800667 -1.428631
11  -1.539010 1.581478 -0.111925  -0.119434 -3.064272 0.596357
12  -2.565124 -0.994918 0.098025  -2.245157 -1.571019 -0.185517
13  0.767554 -1.335720 0.028195  3.084159 0.244527 -0.075376
14  1.214063 -5.061317 0.039618  -0.000857 -3.140815 0.044331
15  -0.412467 -1.237687 0.004488  -1.520123 -0.010830 0.372540
16  0.100668 -1.622303 0.006060  -1.520196 -0.010830 2.684154
17  -0.347207 -1.741394 0.006358  3.140718 -0.000770 0.817819
18  -1.201087 -1.625224 0.006891  -0.000863 -3.140814 -1.350699
19  0.738858 -1.423637 0.003390  0.051630 0.219497 -1.058574
20  0.331265 -0.369589 0.015311  -0.000866 -3.140826 -1.247056
21  0.040356 -2.237663 0.037982  2.141467 -0.202492 -1.921406
22  -3.398841 -2.765226 0.038151  0.396810 -1.341008 1.380069
23  0.179371 -0.887639 0.010437  -0.818699 -0.564239 -1.433872
24  0.134414 0.051972 0.048757  2.336241 0.157752 -0.674426
25  1.239747 -0.246540 0.017971  0.222056 0.032595 -1.382957
26  4.053361 5.224116 0.002597  1.124520 0.040514 -1.911476
27  1.257351 0.089758 0.004761  0.146256 -2.597645 1.156716
28  0.338060 -3.154501 0.009341  1.386887 -0.194171 0.633565
29  1.338660 6.957631 0.043769  3.123377 0.340738 0.289163
30  -0.030281 -0.481258 0.012987  2.995240 -1.098583 -0.614995
31  4.686737 -0.756754 0.044662  -2.652287 0.181604 -0.567213
32  2.720523 -0.343549 0.001741  1.807945 -0.166803 2.044898
33  -4.148127 -3.354672 0.042829  2.658944 -0.032097 -0.225098
34  2.487060 -0.256420 0.040904  1.275286 0.406712 -0.641088
35  1.284538 1.942922 0.002808  -1.218683 -0.763792 0.283221
36  0.002515 -2.947148 0.002124  1.124592 0.040688 1.634816
37  -0.452959 -2.162081 0.004216  -1.520140 -0.010843 1.693515
38  -2.495927 -1.391464 0.001248  -0.000861 -3.140878 -0.201970
39  2.251884 -0.501679 0.001727  1.108581 0.098538 0.685529
40  -2.690625 -5.388758 0.001429  1.342954 0.184705 3.013613
41  -0.035299 -1.388224 0.040198  -2.175305 0.717204 1.705269
42  0.044002 2.249246 0.000288  1.586978 0.164284 0.155464
time 135
0  0.000000 0.000000 0.000000  0.000000 0.000000 0.000000
1  3.436055 -0.141954 0.242206  -1.575508 -0.001578 -1.462434
2  -0.603438 2.612614 0.817130  1.570796 -0.000000 0.945488
3  -0.004801 -1.177256 0.422040  -0.150765 -1.672866 -1.991647
4  -2.907626 1.355002 0.245936  -0.712393 1.831046 -0.657660
5  -3.271139 2.489412 0.593677  1.570885 -0.000000 0.754405
6  -1.520120 -0.082634 0.378413  0.000001 0.000001 -1.540459
7  0.148942 0.356268 0.053377  0.714578 -0.799770 1.920827
8  -0.492673 -2.434526 0.103147  1.292342 1.570796 0.000000
9  -1.340381 1.690742 0.099676  0.512580 -1.570589 -0.532282
10  -2.839160 0.688865 0.068878  -2.424924 0.800667 -1.428632
11  -1.537853 1.582995 -0.111953  -0.103723 -3.060287 -0.189939
12  -2.565124 -0.994918 0.098025  -2.245157 -1.571019 -0.185517
13  0.767549 -1.335735 0.028193  3.084173 0.244243 -0.074510
14  1.214063 -5.061317 0.039618  -0.000857 -3.140815 0.044331
15  -0.412467 -1.237687 0.004488  -1.520123 -0.010830 0.372540
16  0.100668 -1.622303 0.006060  -1.520196 -0.010830 2.684154
17  -0.347207 -1.741394 0.006358  3.140718 -0.000770 0.817819
18  -1.201087 -1.625224 0.006891  -0.000863 -3.140814 -1.350699
19  0.738854 -1.423667 0.003390  0.051630 0.219496 -1.058573
20  0.331266 -0.369590 0.015311  -0.000866 -3.140826 -1.247075
21  0.040357 -2.237663 0.037982  2.141467 -0.202492 -1.921407
22  -3.398841 -2.765227 0.038151  0.396810 -1.341008 1.380069
23  0.179414 -0.887617 0.010437  -0.818683 -0.564278 -1.434130
24  0.133787 0.052517 0.046023  2.362144 0.215150 -0.677740
25  1.239747 -0.246540 0.017971  0.222056 0.032595 -1.382957
26  4.053361 5.224116 0.002597  1.124520 0.040514 -1.911476
27  1.257350 0.089759 0.004761  0.146256 -2.597645 1.156716
28  0.338060 -3.154501 0.009341  1.386886 -0.194171 0.633584
29  1.348006 6.998472 0.041508  2.043628 0.599617 -0.265165
30  -0.030281 -0.481258 0.012987  2.995242 -1.098583 -0.615023
31  4.688708 -0.738716 0.043574  -3.009928 -0.014360 -0.618016
32  2.720523 -0.343549 0.001741  1.807945 -0.166802 2.044898
33  -4.161371 -3.364214 0.043665  2.951455 -0.278842 -0.242264
34  2.499989 -0.253685 0.041748  1.003346 0.610263 -0.612749
35  1.284538 1.942922 0.002808  -1.218683 -0.763792 0.283221
36  0.002515 -2.947148 0.002124  1.124592 0.040688 1.634819
37  -0.452959 -2.162081 0.004216  -1.520140 -0.010843 1.693514
38  -2.495927 -1.391464 0.001248  -0.000861 -3.140878 -0.201970
39  2.251884 -0.501678 0.001727  1.108584 0.098529 0.685541
40  -2.690625 -5.388758 0.001429  1.342954 0.184705 3.013615
41  -0.035577 -1.387990 0.040206  -2.176787 0.722120 1.626765
42  0.044002 2.249246 0.000288  1.586978 0.164284 0.155464
time 136
0  0.000000 0.000000 0.000000  0.000000 0.000000 0.000000
1  3.436056 -0.141955 0.242206  -1.575508 -0.001578 -1.462434
2  -0.603437 2.612612 0.817130  1.570796 -0.000000 0.945488
3  -0.004645 -1.177168 0.422016  -0.150734 -1.672828 -1.991363
4  -2.907624 1.355001 0.245938  -0.712393 1.831052 -0.657661
5  -3.271140 2.489412 0.593677  1.570885 -0.000000 0.754405
6  -1.520121 -0.082635 0.378413  0.000001 0.000001 -1.540459
7  0.148942 0.356268 0.053377  0.714578 -0.799770 1.920829
8  -0.492673 -2.434526 0.103147  1.292342 1.570796 0.000000
9  -1.340381 1.690742 0.099676  0.512580 -1.570589 -0.532282
10  -2.839160 0.688865 0.068878  -2.424924 0.800667 -1.428632
11  -1.536248 1.584364 -0.111966  -0.095131 -3.061805 -0.972164
12  -2.565125 -0.994918 0.098025  -2.245157 -1.571019 -0.185517
13  0.767545 -1.335751 0.028190  3.084251 0.244041 -0.073663
14  1.214063 -5.061316 0.039618  -0.000857 -3.140815 0.044331
15  -0.412467 -1.237687 0.004488  -1.520123 -0.010830 0.372540
16  0.100668 -1.622303 0.006060  -1.520196 -0.010830 2.684154
17  -0.347207 -1.741394 0.006358  3.140718 -0.000770 0.817818
18  -1.201087 -1.625224 0.006891  -0.000863 -3.140814 -1.350699
19  0.738850 -1.423696 0.003390  0.051630 0.219496 -1.058573
20  0.331267 -0.369591 0.015311  -0.000866 -3.140826 -1.247094
21  0.040357 -2.237662 0.037982  2.141467 -0.202492 -1.921408
22  -3.398841 -2.765227 0.038151  0.396810 -1.341008 1.380068
23  0.179426 -0.887603 0.010437  -0.818675 -0.564292 -1.434128
24  0.134798 0.049746 0.038549  2.435500 0.368380 -0.666239
25  1.239747 -0.246540 0.017971  0.222056 0.032595 -1.382957
26  4.053361 5.224116 0.002597  1.124520 0.040514 -1.911476
27  1.257350 0.089759 0.004761  0.146256 -2.597645 1.156716
28  0.338060 -3.154502 0.009341  1.386886 -0.194171 0.633604
29  1.357751 7.038444 0.042162  0.970712 0.287283 -0.774588
30  -0.030281 -0.481257 0.012987  2.995241 -1.098583 -0.615056
31  4.690108 -0.721254 0.045454  2.931062 -0.209478 -0.607161
32  2.720523 -0.343550 0.001741  1.807943 -0.166802 2.044898
33  -4.173726 -3.374400 0.043920  -3.000909 -0.483386 -0.334321
34  2.512506 -0.251390 0.042291  0.717904 0.811020 -0.637415
35  1.284538 1.942922 0.002808  -1.218683 -0.763792 0.283221
36  0.002515 -2.947147 0.002124  1.124592 0.040688 1.634820
37  -0.452959 -2.162081 0.004216  -1.520140 -0.010843 1.693514
38  -2.495927 -1.391464 0.001248  -0.000861 -3.140878 -0.201970
39  2.251884 -0.501678 0.001727  1.108582 0.098536 0.685532
40  -2.690625 -5.388758 0.001429  1.342954 0.184705 3.013618
41  -0.035760 -1.387857 0.040212  -2.177862 0.725522 1.566152
42  0.044002 2.249246 0.000288  1.586978 0.164284 0.155464
time 137
0  0.000000 0.000000 0.000000  0.000000 0.000000 0.000000
1  3.436056 -0.141955 0.242206  -1.575508 -0.001578 -1.462434
2  -0.603436 2.612609 0.817130  1.570796 -0.000000 0.945488
3  -0.004462 -1.177075 0.421994  -0.150661 -1.672799 -1.991083
4  -2.907624 1.355001 0.245939  -0.712394 1.831053 -0.657661
5  -3.271142 2.489413 0.593677  1.570885 -0.000000 0.754406
6  -1.520121 -0.082635 0.378413  0.000001 0.000001 -1.540459
7  0.148943 0.356268 0.053377  0.714578 -0.799770 1.920832
8  -0.492673 -2.434526 0.103147  1.292342 1.570796 0.000000
9  -1.340381 1.690742 0.099676  0.512580 -1.570589 -0.532282
10  -2.839160 0.688865 0.068878  -2.424924 0.800667 -1.428633
11  -1.534168 1.585432 -0.111957  3.053261 -0.081631 1.391021
12  -2.565125 -0.994918 0.098025  -2.245157 -1.571019 -0.185517
13  0.767542 -1.335765 0.028188  3.084321 0.243841 -0.072824
14  1.214063 -5.061316 0.039618  -0.000857 -3.140815 0.044331
15  -0.412467 -1.237687 0.004488  -1.520123 -0.010830 0.372540
16  0.100668 -1.622303 0.006060  -1.520196 -0.010830 2.684154
17  -0.347207 -1.741394 0.006358  3.140718 -0.000770 0.817818
18  -1.201087 -1.625224 0.006891  -0.000863 -3.140814 -1.350699
19  0.738847 -1.423725 0.003390  0.051630 0.219496 -1.058572
20  0.331268 -0.369591 0.015311  -0.000867 -3.140826 -1.247114
21  0.040357 -2.237662 0.037982  2.141467 -0.202492 -1.921409
22  -3.398841 -2.765228 0.038151  0.396811 -1.341008 1.380065
23  0.179417 -0.887569 0.010437  -0.818668 -0.564303 -1.434089
24  0.137629 0.042524 0.031383  2.587378 0.608260 -0.606266
25  1.239748 -0.246540 0.017971  0.222056 0.032595 -1.382957
26  4.053361 5.224116 0.002597  1.124520 0.040514 -1.911476
27  1.257350 0.089759 0.004761  0.146256 -2.597645 1.156716
28  0.338060 -3.154503 0.009341  1.386887 -0.194171 0.633624
29  1.366337 7.078805 0.043673  0.177144 -0.260962 -0.787143
30  -0.030281 -0.481257 0.012987  2.995241 -1.098583 -0.615085
31  4.692214 -0.704505 0.046345  2.582600 -0.367716 -0.541362
32  2.720522 -0.343551 0.001741  1.807949 -0.166805 2.044897
33  -4.185336 -3.385353 0.043604  -2.599057 -0.624122 -0.512702
34  2.524789 -0.249564 0.042511  0.373342 1.001469 -0.746770
35  1.284538 1.942922 0.002808  -1.218683 -0.763792 0.283221
36  0.002516 -2.947147 0.002124  1.124592 0.040688 1.634822
37  -0.452959 -2.162081 0.004216  -1.520140 -0.010843 1.693514
38  -2.495927 -1.391464 0.001248  -0.000861 -3.140878 -0.201970
39  2.251884 -0.501678 0.001727  1.108584 0.098531 0.685535
40  -2.690625 -5.388758 0.001429  1.342954 0.184705 3.013621
41  -0.035824 -1.387752 0.040216  -2.178624 0.727993 1.516598
42  0.044002 2.249246 0.000288  1.586978 0.164284 0.155464
time 138
0  0.000000 0.000000 0.000000  0.000000 0.000000 0.000000
1  3.439287 -0.142632 0.242203  -1.575497 -0.001575 -1.457009
2  -0.603436 2.612607 0.817130  1.570796 -0.000000 0.945487
3  -0.004258 -1.176976 0.421974  -0.150658 -1.672766 -1.990708
4  -2.907624 1.355001 0.245939  -0.712394 1.831053 -0.657661
5  -3.271143 2.489413 0.593677  1.570885 -0.000000 0.754406
6  -1.520121 -0.082636 0.378413  0.000001 0.000001 -1.540459
7  0.148943 0.356268 0.053377  0.714578 -0.799770 1.920834
8  -0.492673 -2.434526 0.103147  1.292342 1.570796 0.000000
9  -1.340381 1.690742 0.099676  0.512580 -1.570589 -0.532282
10  -2.839160 0.688865 0.068878  -2.424924 0.800667 -1.428634
11  -1.531719 1.585901 -0.111929  3.066196 -0.082869 0.615962
12  -2.565125 -0.994918 0.098025  -2.245157 -1.571019 -0.185517
13  0.767540 -1.335783 0.028186  3.084387 0.243642 -0.071991
14  1.214063 -5.061316 0.039618  -0.000857 -3.140815 0.044331
15  -0.412467 -1.237687 0.004488  -1.520123 -0.010830 0.372540
16  0.100668 -1.622303 0.006060  -1.520196 -0.010830 2.684154
17  -0.347207 -1.741394 0.006358  3.140718 -0.000770 0.817819
18  -1.201087 -1.625224 0.006891  -0.000863 -3.140814 -1.350699
19  0.738843 -1.423755 0.003390  0.051630 0.219496 -1.058572
20  0.331269 -0.369592 0.015311  -0.000867 -3.140826 -1.247134
21  0.040358 -2.237661 0.037982  2.141467 -0.202492 -1.921410
22  -3.398841 -2.765228 0.038151  0.396809 -1.341008 1.380066
23  0.179417 -0.887532 0.010438  -0.818694 -0.564319 -1.434053
24  0.141380 0.033180 0.025435  2.883879 0.886985 -0.402641
25  1.239748 -0.246540 0.017971  0.222056 0.032596 -1.382957
26  4.053361 5.224116 0.002597  1.124520 0.040514 -1.911476
27  1.257350 0.089759 0.004761  0.146256 -2.597645 1.156716
28  0.338060 -3.154504 0.009341  1.386887 -0.194171 0.633644
29  1.373746 7.119286 0.041822  -0.812401 -0.651957 -0.331596
30  -0.030282 -0.481257 0.012987  2.995243 -1.098583 -0.615116
31  4.695022 -0.688143 0.046382  2.204846 -0.477595 -0.423644
32  2.720573 -0.343617 0.001741  1.807943 -0.166808 2.044894
33  -4.196354 -3.397191 0.042730  -2.124655 -0.666623 -0.764360
34  2.533266 -0.247462 0.042504  -0.008444 1.107619 -0.960771
35  1.284538 1.942922 0.002808  -1.218683 -0.763792 0.283221
36  0.002516 -2.947146 0.002124  1.124592 0.040688 1.634824
37  -0.452959 -2.162081 0.004216  -1.520140 -0.010843 1.693514
38  -2.495927 -1.391464 0.001248  -0.000861 -3.140878 -0.201970
39  2.251885 -0.501677 0.001727  1.108586 0.098524 0.685543
40  -2.690625 -5.388758 0.001429  1.342954 0.184705 3.013623
41  -0.035817 -1.387659 0.040219  -2.179223 0.729883 1.476008
42  0.044002 2.249246 0.000288  1.586978 0.164284 0.155464
time 139
0  0.000000 0.000000 0.000000  0.000000 0.000000 0.000000
1  3.441513 -0.143653 0.242201  -1.575493 -0.001574 -1.451487
2  -0.603435 2.612604 0.817130  1.570796 -0.000000 0.945487
3  -0.004049 -1.176868 0.421952  -0.150544 -1.672743 -1.990441
4  -2.907624 1.355001 0.245939  -0.712394 1.831053 -0.657661
5  -3.271145 2.489413 0.593677  1.570885 -0.000000 0.754406
6  -1.520122 -0.082637 0.378413  0.000001 0.000001 -1.540459
7  0.148943 0.356269 0.053377  0.714578 -0.799770 1.920837
8  -0.492673 -2.434526 0.103147  1.292342 1.570796 0.000000
9  -1.340381 1.690742 0.099676  0.512580 -1.570589 -0.532282
10  -2.839160 0.688865 0.068878  -2.424924 0.800667 -1.428635
11  -1.529213 1.585472 -0.111896  3.082054 -0.074266 -0.155244
12  -2.565125 -0.994918 0.098025  -2.245292 -1.571019 -0.185348
13  0.767538 -1.335799 0.028184  3.084439 0.243428 -0.071177
14  1.214063 -5.061316 0.039618  -0.000857 -3.140815 0.044331
15  -0.412467 -1.237687 0.004488  -1.520123 -0.010830 0.372540
16  0.100668 -1.622303 0.006060  -1.520196 -0.010830 2.684154
17  -0.347207 -1.741394 0.006358  3.140718 -0.000770 0.817819
18  -1.201087 -1.625224 0.006891  -0.000863 -3.140814 -1.350699
19  0.738840 -1.423786 0.003390  0.051630 0.219496 -1.058571
20  0.331270 -0.369593 0.015311  -0.000866 -3.140826 -1.247154
21  0.040358 -2.237661 0.037982  2.141467 -0.202492 -1.921411
22  -3.398841 -2.765229 0.038151  0.396810 -1.341008 1.380063
23  0.179423 -0.887495 0.010438  -0.818692 -0.564332 -1.434088
24  0.145226 0.024007 0.020494  -2.707147 1.106434 0.188893
25  1.239748 -0.246540 0.017971  0.222056 0.032595 -1.382957
26  4.053361 5.224116 0.002597  1.124520 0.040514 -1.911476
27  1.257350 0.089759 0.004761  0.146256 -2.597645 1.156716
28  0.338060 -3.154505 0.009341  1.386886 -0.194171 0.633664
29  1.380102 7.159134 0.041841  -1.979341 -0.477346 0.312423
30  -0.030282 -0.481257 0.012987  2.995240 -1.098583 -0.615146
31  4.698603 -0.671835 0.045579  1.788249 -0.525105 -0.262877
32  2.720604 -0.343665 0.001741  1.807943 -0.166806 2.044894
33  -4.206903 -3.410031 0.041346  -1.638237 -0.584210 -1.016119
34  2.539643 -0.245299 0.042810  -0.380465 1.130300 -1.205923
35  1.284538 1.942922 0.002808  -1.218683 -0.763792 0.283221
36  0.002516 -2.947146 0.002124  1.124592 0.040688 1.634825
37  -0.452959 -2.162081 0.004216  -1.520140 -0.010843 1.693514
38  -2.495927 -1.391464 0.001248  -0.000861 -3.140878 -0.201970
39  2.251885 -0.501677 0.001727  1.108585 0.098528 0.685554
40  -2.690625 -5.388758 0.001429  1.342954 0.184705 3.013626
41  -0.035784 -1.387587 0.040221  -2.179569 0.731309 1.443989
42  0.044002 2.249246 0.000288  1.586978 0.164284 0.155464
time 140
0  0.000000 0.000000 0.000000  0.000000 0.000000 0.000000
1  3.442806 -0.144266 0.242201  -1.575490 -0.001574 -1.448210
2  -0.603434 2.612602 0.817130  1.570796 -0.000000 0.945488
3  -0.003867 -1.176733 0.421931  -0.150380 -1.672726 -1.990259
4  -2.907624 1.355001 0.245939  -0.712394 1.831053 -0.657661
5  -3.271146 2.489414 0.593677  1.570885 -0.000000 0.754407
6  -1.520123 -0.082638 0.378413  0.000001 0.000001 -1.540458
7  0.148943 0.356269 0.053377  0.714578 -0.799770 1.920839
8  -0.492673 -2.434526 0.103147  1.292342 1.570796 0.000000
9  -1.340381 1.690742 0.099676  0.512580 -1.570589 -0.532282
10  -2.839160 0.688865 0.068878  -2.424924 0.800667 -1.428636
11  -1.527111 1.584033 -0.111881  3.089520 -0.055491 -0.921708
12  -2.565125 -0.994917 0.098025  -2.245292 -1.571019 -0.185348
13  0.767536 -1.335816 0.028182  3.084494 0.243220 -0.070360
14  1.214063 -5.061316 0.039618  -0.000857 -3.140815 0.044331
15  -0.412467 -1.237687 0.004488  -1.520123 -0.010830 0.372540
16  0.100668 -1.622303 0.006060  -1.520196 -0.010830 2.684154
17  -0.347207 -1.741394 0.006358  3.140718 -0.000770 0.817818
18  -1.201087 -1.625224 0.006891  -0.000863 -3.140814 -1.350699
19  0.738836 -1.423815 0.003390  0.051630 0.219496 -1.058570
20  0.331272 -0.369594 0.015311  -0.000867 -3.140826 -1.247175
21  0.040359 -2.237660 0.037982  2.141467 -0.202492 -1.921412
22  -3.398841 -2.765229 0.038151  0.396810 -1.341008 1.380062
23  0.179432 -0.887463 0.010438  -0.818673 -0.564357 -1.434260
24  0.148747 0.015337 0.019141  -1.754755 0.996321 1.032394
25  1.239748 -0.246540 0.017971  0.222056 0.032595 -1.382957
26  4.053361 5.224116 0.002597  1.124520 0.040514 -1.911476
27  1.257350 0.089759 0.004761  0.146256 -2.597645 1.156717
28  0.338060 -3.154505 0.009341  1.386886 -0.194171 0.633683
29  1.387624 7.198602 0.043960  -2.776963 0.063097 0.448057
30  -0.030282 -0.481257 0.012987  2.995241 -1.098583 -0.615175
31  4.703008 -0.655244 0.043930  1.344182 -0.493518 -0.086628
32  2.720637 -0.343715 0.001741  1.807944 -0.166806 2.044895
33  -4.217044 -3.423834 0.040892  -1.211327 -0.392807 -1.184888
34  2.543940 -0.242558 0.042972  -0.649201 1.092233 -1.378027
35  1.284538 1.942922 0.002808  -1.218683 -0.763792 0.283221
36  0.002516 -2.947146 0.002124  1.124592 0.040688 1.634828
37  -0.452960 -2.162081 0.004216  -1.520140 -0.010843 1.693514
38  -2.495927 -1.391464 0.001248  -0.000861 -3.140878 -0.201970
39  2.251885 -0.501677 0.001727  1.108583 0.098532 0.685507
40  -2.690625 -5.388758 0.001429  1.342954 0.184705 3.013629
41  -0.035764 -1.387519 0.040224  -2.179946 0.732741 1.417983
42  0.044002 2.249246 0.000288  1.586978 0.164284 0.155464
time 141
0  0.000000 0.000000 0.000000  0.000000 0.000000 0.000000
1  3.443232 -0.144453 0.242200  -1.575489 -0.001573 -1.447240
2  -0.603434 2.612599 0.817130  1.570796 -0.000000 0.945487
3  -0.003706 -1.176556 0.421908  -0.150146 -1.672716 -1.990178
4  -2.907624 1.355002 0.245939  -0.712394 1.831053 -0.657661
5  -3.271148 2.489415 0.593677  1.570885 -0.000000 0.754407
6  -1.520124 -0.082639 0.378413  0.000001 0.000001 -1.540458
7  0.148944 0.356269 0.053377  0.714578 -0.799770 1.920841
8  -0.492672 -2.434526 0.103147  1.292342 1.570796 0.000000
9  -1.340381 1.690742 0.099676  0.512580 -1.570589 -0.532282
10  -2.839160 0.688865 0.068878  -2.424924 0.800667 -1.428636
11  -1.525878 1.581762 -0.111894  -0.058395 -3.104118 1.457836
12  -2.565125 -0.994917 0.098025  -2.245292 -1.571019 -0.185348
13  0.767533 -1.335832 0.028180  3.084547 0.243008 -0.069545
14  1.214063 -5.061316 0.039618  -0.000857 -3.140815 0.044331
15  -0.412467 -1.237687 0.004488  -1.520123 -0.010830 0.372540
16  0.100668 -1.622303 0.006060  -1.520196 -0.010830 2.684154
17  -0.347207 -1.741394 0.006358  3.140718 -0.000770 0.817818
18  -1.201087 -1.625224 0.006891  -0.000863 -3.140814 -1.350699
19  0.738832 -1.423846 0.003390  0.051630 0.219496 -1.058570
20  0.331273 -0.369594 0.015311  -0.000867 -3.140826 -1.247195
21  0.040359 -2.237660 0.037982  2.141467 -0.202492 -1.921413
22  -3.398841 -2.765230 0.038151  0.396811 -1.341008 1.380060
23  0.179448 -0.887437 0.010437  -0.818645 -0.564394 -1.434644
24  0.152575 0.006779 0.022072  -1.286660 0.658542 1.386059
25  1.239748 -0.246540 0.017971  0.222056 0.032595 -1.382957
26  4.053361 5.224116 0.002597  1.124520 0.040514 -1.911476
27  1.257350 0.089759 0.004761  0.146256 -2.597645 1.156717
28  0.338060 -3.154506 0.009341  1.386886 -0.194171 0.633703
29  1.396305 7.237890 0.042887  2.666878 0.548749 0.143568
30  -0.030282 -0.481257 0.012987  2.995242 -1.098583 -0.615205
31  4.708359 -0.638451 0.043286  0.908546 -0.373134 0.058781
32  2.720670 -0.343755 0.001741  1.807946 -0.166804 2.044894
33  -4.226971 -3.437083 0.042697  -0.870211 -0.175534 -1.250627
34  2.546221 -0.239235 0.042974  -0.787705 1.020768 -1.451878
35  1.284538 1.942922 0.002808  -1.218683 -0.763792 0.283221
36  0.002516 -2.947146 0.002124  1.124592 0.040688 1.634831
37  -0.452960 -2.162081 0.004216  -1.520140 -0.010843 1.693514
38  -2.495927 -1.391464 0.001248  -0.000861 -3.140878 -0.201970
39  2.251885 -0.501676 0.001727  1.108583 0.098532 0.685466
40  -2.690625 -5.388758 0.001429  1.342954 0.184705 3.013632
41  -0.035757 -1.387446 0.040226  -2.180483 0.734351 1.396255
42  0.044002 2.249246 0.000288  1.586978 0.164284 0.155464
time 142
0  0.000000 0.000000 0.000000  0.000000 0.000000 0.000000
1  3.443232 -0.144454 0.242200  -1.575489 -0.001573 -1.447239
2  -0.603433 2.612597 0.817130  1.570796 -0.000000 0.945487
3  -0.003563 -1.176367 0.421885  -0.149961 -1.672700 -1.990081
4  -2.907624 1.355002 0.245939  -0.712394 1.831053 -0.657661
5  -3.271149 2.489415 0.593677  1.570885 -0.000000 0.754407
6  -1.520124 -0.082640 0.378413  0.000001 0.000001 -1.540458
7  0.148944 0.356269 0.053377  0.714578 -0.799770 1.920844
8  -0.492672 -2.434526 0.103147  1.292342 1.570796 0.000000
9  -1.340381 1.690742 0.099676  0.512580 -1.570589 -0.532282
10  -2.839159 0.688865 0.068878  -2.424924 0.800667 -1.428637
11  -1.525791 1.579105 -0.111925  -0.071333 -3.111965 0.699172
12  -2.565126 -0.994917 0.098025  -2.245292 -1.571019 -0.185348
13  0.767531 -1.335849 0.028177  3.084599 0.242799 -0.068730
14  1.214063 -5.061316 0.039618  -0.000857 -3.140815 0.044331
15  -0.412467 -1.237687 0.004488  -1.520123 -0.010830 0.372540
16  0.100668 -1.622303 0.006060  -1.520196 -0.010830 2.684154
17  -0.347207 -1.741394 0.006358  3.140718 -0.000770 0.817818
18  -1.201087 -1.625224 0.006891  -0.000863 -3.140814 -1.350699
19  0.738829 -1.423876 0.003390  0.051630 0.219496 -1.058569
20  0.331274 -0.369595 0.015311  -0.000867 -3.140826 -1.247216
21  0.040359 -2.237659 0.037982  2.141467 -0.202492 -1.921415
22  -3.398841 -2.765230 0.038151  0.396810 -1.341008 1.380060
23  0.179467 -0.887410 0.010437  -0.818635 -0.564434 -1.435031
24  0.156551 -0.002073 0.027666  -1.059688 0.316204 1.494126
25  1.239748 -0.246540 0.017971  0.222056 0.032595 -1.382957
26  4.053361 5.224116 0.002597  1.124520 0.040514 -1.911476
27  1.257349 0.089759 0.004761  0.146256 -2.597645 1.156717
28  0.338060 -3.154507 0.009341  1.386886 -0.194171 0.633723
29  1.406173 7.276235 0.040172  1.498054 0.600797 -0.551768
30  -0.030282 -0.481257 0.012987  2.995243 -1.098583 -0.615237
31  4.714628 -0.622969 0.045496  0.563499 -0.191940 0.121885
32  2.720670 -0.343756 0.001741  1.807926 -0.166807 2.044897
33  -4.236740 -3.449610 0.043836  -0.566835 0.027717 -1.245529
34  2.547381 -0.235435 0.042870  -0.853581 0.932435 -1.469456
35  1.284538 1.942922 0.002808  -1.218683 -0.763792 0.283221
36  0.002516 -2.947145 0.002124  1.124592 0.040688 1.634834
37  -0.452960 -2.162081 0.004216  -1.520140 -0.010843 1.693514
38  -2.495927 -1.391464 0.001248  -0.000861 -3.140878 -0.201970
39  2.251886 -0.501676 0.001727  1.108583 0.098533 0.685419
40  -2.690625 -5.388758 0.001429  1.342954 0.184705 3.013634
41  -0.035754 -1.387377 0.040229  -2.180954 0.735879 1.377925
42  0.044002 2.249246 0.000288  1.586978 0.164284 0.155464
time 143
0  0.000000 0.000000 0.000000  0.000000 0.000000 0.000000
1  3.443233 -0.144454 0.242200  -1.575489 -0.001573 -1.447240
2  -0.603432 2.612594 0.817130  1.570796 -0.000000 0.945487
3  -0.003430 -1.176176 0.421863  -0.149784 -1.672685 -1.989989
4  -2.907624 1.355002 0.245939  -0.712394 1.831053 -0.657661
5  -3.271151 2.489415 0.593677  1.570885 -0.000000 0.754408
6  -1.520125 -0.082640 0.378413  0.000001 0.000001 -1.540458
7  0.148944 0.356269 0.053377  0.714578 -0.799770 1.920846
8  -0.492672 -2.434526 0.103147  1.292342 1.570796 0.000000
9  -1.340381 1.690742 0.099676  0.512580 -1.570589 -0.532282
10  -2.839159 0.688865 0.068878  -2.424924 0.800667 -1.428638
11  -1.526818 1.576625 -0.111950  -0.080764 -3.111933 -0.056573
12  -2.565126 -0.994917 0.098025  -2.245292 -1.571019 -0.185348
13  0.767528 -1.335866 0.028175  3.084652 0.242591 -0.067915
14  1.214063 -5.061316 0.039618  -0.000857 -3.140815 0.044331
15  -0.412467 -1.237687 0.004488  -1.520123 -0.010830 0.372540
16  0.100668 -1.622303 0.006060  -1.520196 -0.010830 2.684154
17  -0.347207 -1.741394 0.006358  3.140718 -0.000770 0.817818
18  -1.201087 -1.625224 0.006891  -0.000863 -3.140814 -1.350699
19  0.738825 -1.423906 0.003390  0.051630 0.219496 -1.058568
20  0.331275 -0.369596 0.015311  -0.000867 -3.140826 -1.247237
21  0.040360 -2.237659 0.037982  2.141467 -0.202492 -1.921416
22  -3.398841 -2.765231 0.038151  0.396811 -1.341008 1.380058
23  0.179488 -0.887384 0.010437  -0.818623 -0.564474 -1.435416
24  0.160293 -0.010326 0.035836  -0.939331 0.067825 1.517886
25  1.239748 -0.246540 0.017971  0.222056 0.032595 -1.382956
26  4.053361 5.224116 0.002597  1.124520 0.040514 -1.911476
27  1.257349 0.089759 0.004761  0.146256 -2.597645 1.156717
28  0.338060 -3.154508 0.009341  1.386886 -0.194171 0.633742
29  1.415247 7.314503 0.043535  0.622490 0.128359 -0.885856
30  -0.030282 -0.481257 0.012987  2.995242 -1.098583 -0.615266
31  4.721846 -0.608741 0.046561  0.276576 0.008663 0.119478
32  2.720670 -0.343756 0.001741  1.807944 -0.166804 2.044894
33  -4.246480 -3.461544 0.044415  -0.266230 0.204570 -1.185640
34  2.547962 -0.231200 0.042695  -0.891815 0.831902 -1.462718
35  1.284538 1.942922 0.002808  -1.218683 -0.763792 0.283221
36  0.002516 -2.947145 0.002124  1.124592 0.040688 1.634838
37  -0.452960 -2.162081 0.004216  -1.520140 -0.010843 1.693514
38  -2.495927 -1.391464 0.001248  -0.000861 -3.140878 -0.201970
39  2.251886 -0.501676 0.001727  1.108583 0.098533 0.685379
40  -2.690625 -5.388758 0.001429  1.342954 0.184705 3.013637
41  -0.035756 -1.387315 0.040231  -2.181398 0.737284 1.362185
42  0.044002 2.249246 0.000288  1.586978 0.164284 0.155464
time 144
0  0.000000 0.000000 0.000000  0.000000 0.000000 0.000000
1  3.443234 -0.144453 0.242200  -1.575489 -0.001573 -1.447240
2  -0.603432 2.612592 0.817130  1.570796 -0.000000 0.945487
3  -0.003305 -1.175995 0.421844  -0.149580 -1.672678 -1.989933
4  -2.907624 1.355002 0.245939  -0.712394 1.831053 -0.657661
5  -3.271152 2.489416 0.593677  1.570885 -0.000000 0.754408
6  -1.520125 -0.082641 0.378413  0.000001 0.000001 -1.540458
7  0.148945 0.356269 0.053377  0.714578 -0.799770 1.920848
8  -0.492672 -2.434526 0.103147  1.292342 1.570796 0.000000
9  -1.340381 1.690742 0.099676  0.512580 -1.570589 -0.532282
10  -2.839159 0.688865 0.068878  -2.424924 0.800667 -1.428639
11  -1.528628 1.574805 -0.111956  -0.085781 -3.112512 -0.809295
12  -2.565126 -0.994917 0.098025  -2.245292 -1.571019 -0.185348
13  0.767526 -1.335883 0.028173  3.084704 0.242384 -0.067101
14  1.214063 -5.061316 0.039618  -0.000857 -3.140815 0.044331
15  -0.412467 -1.237687 0.004488  -1.520123 -0.010830 0.372540
16  0.100668 -1.622303 0.006060  -1.520196 -0.010830 2.684154
17  -0.347207 -1.741394 0.006358  3.140718 -0.000770 0.817818
18  -1.201087 -1.625224 0.006891  -0.000863 -3.140814 -1.350699
19  0.738822 -1.423937 0.003390  0.051630 0.219496 -1.058568
20  0.331276 -0.369597 0.015311  -0.000867 -3.140826 -1.247258
21  0.040360 -2.237659 0.037982  2.141467 -0.202492 -1.921417
22  -3.398841 -2.765231 0.038151  0.396810 -1.341008 1.380057
23  0.179507 -0.887359 0.010437  -0.818609 -0.564515 -1.435752
24  0.162617 -0.015859 0.041751  -0.881272 -0.065306 1.511855
25  1.239748 -0.246540 0.017971  0.222056 0.032596 -1.382956
26  4.053361 5.224116 0.002597  1.124520 0.040514 -1.911476
27  1.257349 0.089759 0.004761  0.146256 -2.597645 1.156717
28  0.338061 -3.154508 0.009341  1.386886 -0.194171 0.633762
29  1.423303 7.353195 0.043436  -0.109240 -0.425498 -0.770446
30  -0.030282 -0.481257 0.012987  2.995243 -1.098584 -0.615298
31  4.730158 -0.595567 0.046685  0.010833 0.218767 0.065919
32  2.720669 -0.343756 0.001741  1.807945 -0.166803 2.044894
33  -4.256341 -3.473085 0.044447  0.056729 0.344898 -1.075112
34  2.547990 -0.226484 0.042509  -0.911979 0.719545 -1.441316
35  1.284538 1.942922 0.002808  -1.218683 -0.763792 0.283221
36  0.002516 -2.947145 0.002124  1.124592 0.040688 1.634841
37  -0.452960 -2.162081 0.004216  -1.520140 -0.010843 1.693514
38  -2.495927 -1.391464 0.001248  -0.000861 -3.140878 -0.201970
39  2.251886 -0.501676 0.001727  1.108583 0.098533 0.685332
40  -2.690624 -5.388758 0.001429  1.342954 0.184705 3.013639
41  -0.035763 -1.387264 0.040233  -2.181817 0.738397 1.348373
42  0.044002 2.249246 0.000288  1.586978 0.164284 0.155464
time 145
0  0.000000 0.000000 0.000000  0.000000 0.000000 0.000000
1  3.443235 -0.144453 0.242200  -1.575489 -0.001573 -1.447241
2  -0.603431 2.612590 0.817130  1.570796 -0.000000 0.945487
3  -0.003210 -1.175919 0.421826  -0.149493 -1.672657 -1.989793
4  -2.907624 1.355002 0.245939  -0.712394 1.831053 -0.657661
5  -3.271154 2.489416 0.593677  1.570885 -0.000000 0.754408
6  -1.520126 -0.082642 0.378413  0.000001 0.000001 -1.540458
7  0.148945 0.356269 0.053377  0.714578 -0.799770 1.920851
8  -0.492672 -2.434526 0.103147  1.292342 1.570796 0.000000
9  -1.340381 1.690742 0.099676  0.512580 -1.570589 -0.532282
10  -2.839159 0.688865 0.068878  -2.424924 0.800667 -1.428640
11  -1.530721 1.573886 -0.111947  3.048286 -0.025835 1.582891
12  -2.565126 -0.994917 0.098025  -2.245292 -1.571019 -0.185348
13  0.767523 -1.335900 0.028171  3.084756 0.242177 -0.066287
14  1.214063 -5.061316 0.039618  -0.000857 -3.140815 0.044331
15  -0.412467 -1.237687 0.004488  -1.520123 -0.010830 0.372540
16  0.100668 -1.622303 0.006060  -1.520196 -0.010830 2.684154
17  -0.347207 -1.741394 0.006358  3.140718 -0.000770 0.817818
18  -1.201087 -1.625224 0.006891  -0.000863 -3.140814 -1.350699
19  0.738818 -1.423967 0.003390  0.051630 0.219496 -1.058567
20  0.331277 -0.369597 0.015311  -0.000867 -3.140826 -1.247279
21  0.040361 -2.237658 0.037982  2.141467 -0.202492 -1.921418
22  -3.398841 -2.765232 0.038151  0.396810 -1.341008 1.380056
23  0.179510 -0.887354 0.010436  -0.818581 -0.564532 -1.435846
24  0.163804 -0.018070 0.043414  -0.863681 -0.102939 1.502905
25  1.239748 -0.246540 0.017971  0.222056 0.032595 -1.382956
26  4.053361 5.224116 0.002597  1.124520 0.040514 -1.911476
27  1.257349 0.089759 0.004761  0.146256 -2.597645 1.156717
28  0.338061 -3.154509 0.009341  1.386886 -0.194171 0.633782
29  1.430031 7.391747 0.040320  -1.181841 -0.732027 -0.161493
30  -0.030282 -0.481257 0.012987  2.995241 -1.098583 -0.615326
31  4.739747 -0.583178 0.045877  -0.269243 0.434738 -0.041312
32  2.720669 -0.343757 0.001741  1.807945 -0.166803 2.044894
33  -4.266514 -3.484468 0.043933  0.417168 0.435200 -0.916898
34  2.548211 -0.221586 0.042507  -0.940224 0.608200 -1.423279
35  1.284538 1.942922 0.002808  -1.218683 -0.763792 0.283221
36  0.002516 -2.947145 0.002124  1.124592 0.040688 1.634844
37  -0.452960 -2.162081 0.004216  -1.520140 -0.010843 1.693514
38  -2.495927 -1.391464 0.001248  -0.000861 -3.140878 -0.201970
39  2.251887 -0.501676 0.001727  1.108583 0.098533 0.685291
40  -2.690624 -5.388758 0.001429  1.342954 0.184705 3.013642
41  -0.035768 -1.387307 0.040232  -2.181438 0.737261 1.337710
42  0.044002 2.249246 0.000288  1.586978 0.164284 0.155464
time 146
0  0.000000 0.000000 0.000000  0.000000 0.000000 0.000000
1  3.443236 -0.144453 0.242200  -1.575489 -0.001573 -1.447241
2  -0.603430 2.612587 0.817130  1.570796 -0.000000 0.945487
3  -0.003131 -1.175890 0.421812  -0.149532 -1.672628 -1.989590
4  -2.907624 1.355002 0.245939  -0.712394 1.831053 -0.657661
5  -3.271156 2.489417 0.593677  1.570885 -0.000000 0.754409
6  -1.520126 -0.082643 0.378413  0.000000 0.000001 -1.540458
7  0.148945 0.356270 0.053377  0.714578 -0.799770 1.920853
8  -0.492672 -2.434526 0.103147  1.292342 1.570796 0.000000
9  -1.340381 1.690742 0.099676  0.512580 -1.570589 -0.532282
10  -2.839159 0.688865 0.068878  -2.424924 0.800667 -1.428641
11  -1.532630 1.573830 -0.111939  3.035249 -0.026705 0.836817
12  -2.565127 -0.994917 0.098025  -2.245292 -1.571019 -0.185348
13  0.767520 -1.335918 0.028169  3.084808 0.241971 -0.065474
14  1.214063 -5.061316 0.039618  -0.000857 -3.140815 0.044331
15  -0.412467 -1.237687 0.004488  -1.520123 -0.010830 0.372540
16  0.100668 -1.622303 0.006060  -1.520196 -0.010830 2.684154
17  -0.347207 -1.741394 0.006358  3.140718 -0.000770 0.817818
18  -1.201087 -1.625224 0.006891  -0.000863 -3.140814 -1.350699
19  0.738814 -1.423998 0.003390  0.051630 0.219496 -1.058566
20  0.331278 -0.369598 0.015311  -0.000867 -3.140826 -1.247301
21  0.040361 -2.237658 0.037982  2.141467 -0.202492 -1.921419
22  -3.398841 -2.765233 0.038151  0.396810 -1.341008 1.380055
23  0.179505 -0.887350 0.010437  -0.818575 -0.564551 -1.435870
24  0.163645 -0.016655 0.041081  -0.886730 -0.048952 1.496034
25  1.239748 -0.246540 0.017971  0.222056 0.032595 -1.382956
26  4.053361 5.224116 0.002597  1.124520 0.040514 -1.911476
27  1.257349 0.089759 0.004761  0.146256 -2.597645 1.156718
28  0.338061 -3.154510 0.009341  1.386886 -0.194171 0.633801
29  1.436686 7.429531 0.043101  -2.238336 -0.411164 0.418811
30  -0.030282 -0.481257 0.012987  2.995242 -1.098583 -0.615357
31  4.750790 -0.571342 0.044088  -0.612621 0.648759 -0.228763
32  2.720669 -0.343757 0.001741  1.807945 -0.166803 2.044894
33  -4.277167 -3.495895 0.042882  0.816108 0.458855 -0.724485
34  2.548946 -0.216671 0.042428  -0.982983 0.498366 -1.410387
35  1.284538 1.942922 0.002808  -1.218683 -0.763792 0.283221
36  0.002516 -2.947145 0.002124  1.124593 0.040688 1.634847
37  -0.452960 -2.162081 0.004216  -1.520140 -0.010843 1.693514
38  -2.495927 -1.391464 0.001248  -0.000861 -3.140878 -0.201970
39  2.251887 -0.501675 0.001727  1.108583 0.098533 0.685245
40  -2.690624 -5.388758 0.001429  1.342954 0.184705 3.013645
41  -0.035769 -1.387357 0.040229  -2.180897 0.735983 1.329922
42  0.044002 2.249246 0.000288  1.586978 0.164284 0.155464
time 147
0  0.000000 0.000000 0.000000  0.000000 0.000000 0.000000
1  3.443237 -0.144454 0.242200  -1.575489 -0.001573 -1.447241
2  -0.603430 2.612585 0.817130  1.570796 -0.000000 0.945487
3  -0.003056 -1.175819 0.421800  -0.149472 -1.672615 -1.989525
4  -2.907624 1.355002 0.245939  -0.712394 1.831053 -0.657661
5  -3.271157 2.489417 0.593677  1.570885 -0.000000 0.754409
6  -1.520127 -0.082644 0.378413  0.000000 0.000001 -1.540458
7  0.148945 0.356270 0.053377  0.714578 -0.799770 1.920855
8  -0.492672 -2.434526 0.103147  1.292342 1.570796 0.000000
9  -1.340381 1.690742 0.099676  0.512580 -1.570589 -0.532282
10  -2.839159 0.688865 0.068878  -2.424924 0.800667 -1.428641
11  -1.534068 1.574409 -0.111941  3.023117 -0.037167 0.093827
12  -2.565127 -0.994917 0.098025  -2.245587 -1.571019 -0.185390
13  0.767518 -1.335935 0.028167  3.084860 0.241766 -0.064661
14  1.214063 -5.061316 0.039618  -0.000857 -3.140815 0.044331
15  -0.412467 -1.237687 0.004488  -1.520123 -0.010830 0.372540
16  0.100668 -1.622303 0.006060  -1.520196 -0.010830 2.684154
17  -0.347207 -1.741394 0.006358  3.140718 -0.000770 0.817818
18  -1.201087 -1.625224 0.006891  -0.000863 -3.140814 -1.350699
19  0.738811 -1.424028 0.003390  0.051630 0.219496 -1.058566
20  0.331280 -0.369599 0.015311  -0.000867 -3.140826 -1.247323
21  0.040361 -2.237657 0.037982  2.141467 -0.202492 -1.921420
22  -3.398840 -2.765233 0.038151  0.396811 -1.341008 1.380053
23  0.179491 -0.887339 0.010437  -0.818582 -0.564550 -1.436018
24  0.162253 -0.011579 0.034679  -0.951532 0.097966 1.484991
25  1.239748 -0.246540 0.017971  0.222056 0.032595 -1.382956
26  4.053361 5.224116 0.002597  1.124520 0.040514 -1.911476
27  1.257349 0.089760 0.004761  0.146256 -2.597645 1.156718
28  0.338061 -3.154510 0.009341  1.386886 -0.194171 0.633821
29  1.444567 7.467175 0.044156  -2.933473 0.153545 0.477081
30  -0.030282 -0.481257 0.012987  2.995242 -1.098583 -0.615387
31  4.761849 -0.559509 0.045097  -1.057380 0.778355 -0.529818
32  2.720669 -0.343758 0.001741  1.807947 -0.166806 2.044893
33  -4.288426 -3.507521 0.041332  1.236452 0.401642 -0.529943
34  2.550203 -0.211656 0.042277  -1.039114 0.388232 -1.399251
35  1.284538 1.942922 0.002808  -1.218683 -0.763792 0.283221
36  0.002516 -2.947144 0.002124  1.124592 0.040688 1.634851
37  -0.452960 -2.162081 0.004216  -1.520140 -0.010843 1.693514
38  -2.495927 -1.391464 0.001248  -0.000861 -3.140878 -0.201970
39  2.251887 -0.501675 0.001727  1.108583 0.098533 0.685204
40  -2.690624 -5.388758 0.001429  1.342954 0.184705 3.013647
41  -0.035778 -1.387376 0.040228  -2.180814 0.735431 1.322708
42  0.044002 2.249246 0.000288  1.586978 0.164284 0.155464
time 148
0  0.000000 0.000000 0.000000  0.000000 0.000000 0.000000
1  3.443236 -0.144454 0.242200  -1.575489 -0.001573 -1.447241
2  -0.603429 2.612582 0.817130  1.570796 -0.000000 0.945487
3  -0.002975 -1.175752 0.421787  -0.149389 -1.672604 -1.989570
4  -2.907624 1.355002 0.245939  -0.712394 1.831053 -0.657661
5  -3.271159 2.489418 0.593677  1.570885 -0.000000 0.754409
6  -1.520128 -0.082645 0.378413  0.000001 0.000001 -1.540458
7  0.148946 0.356270 0.053377  0.714578 -0.799770 1.920857
8  -0.492672 -2.434526 0.103147  1.292342 1.570796 0.000000
9  -1.340381 1.690742 0.099676  0.512580 -1.570589 -0.532282
10  -2.839159 0.688865 0.068878  -2.424924 0.800667 -1.428642
11  -1.535009 1.575351 -0.111956  3.020549 -0.054460 -0.646466
12  -2.565127 -0.994916 0.098025  -2.245587 -1.571019 -0.185390
13  0.767515 -1.335953 0.028165  3.084912 0.241562 -0.063849
14  1.214063 -5.061316 0.039618  -0.000857 -3.140815 0.044331
15  -0.412467 -1.237687 0.004488  -1.520123 -0.010830 0.372540
16  0.100668 -1.622303 0.006060  -1.520196 -0.010830 2.684154
17  -0.347207 -1.741394 0.006358  3.140718 -0.000770 0.817818
18  -1.201087 -1.625224 0.006891  -0.000863 -3.140814 -1.350699
19  0.738807 -1.424059 0.003390  0.051630 0.219496 -1.058565
20  0.331281 -0.369599 0.015311  -0.000867 -3.140826 -1.247344
21  0.040362 -2.237657 0.037982  2.141467 -0.202492 -1.921421
22  -3.398840 -2.765234 0.038151  0.396810 -1.341008 1.380053
23  0.179488 -0.887333 0.010437  -0.818569 -0.564572 -1.436106
24  0.159612 -0.003721 0.027099  -1.075357 0.346439 1.452125
25  1.239749 -0.246540 0.017971  0.222056 0.032595 -1.382956
26  4.053361 5.224116 0.002597  1.124520 0.040514 -1.911476
27  1.257349 0.089760 0.004761  0.146256 -2.597645 1.156718
28  0.338061 -3.154511 0.009341  1.386886 -0.194171 0.633841
29  1.453595 7.504432 0.042167  2.527061 0.635603 0.114454
30  -0.030282 -0.481257 0.012987  2.995241 -1.098583 -0.615417
31  4.770943 -0.547161 0.045980  -1.521363 0.752043 -0.860066
32  2.720668 -0.343759 0.001741  1.807934 -0.166805 2.044895
33  -4.300154 -3.519480 0.040600  1.650398 0.267369 -0.376253
34  2.551991 -0.206459 0.042049  -1.108700 0.276130 -1.386971
35  1.284538 1.942922 0.002808  -1.218683 -0.763792 0.283221
36  0.002516 -2.947144 0.002124  1.124592 0.040688 1.634854
37  -0.452960 -2.162081 0.004216  -1.520140 -0.010843 1.693514
38  -2.495927 -1.391464 0.001248  -0.000861 -3.140878 -0.201970
39  2.251887 -0.501675 0.001727  1.108583 0.098533 0.685158
40  -2.690624 -5.388758 0.001429  1.342954 0.184705 3.013650
41  -0.035787 -1.387404 0.040227  -2.180612 0.734683 1.315916
42  0.044002 2.249246 0.000288  1.586978 0.164284 0.155464
time 149
0  0.000000 0.000000 0.000000  0.000000 0.000000 0.000000
1  3.443236 -0.144454 0.242200  -1.575489 -0.001573 -1.447241
2  -0.603428 2.612580 0.817130  1.570796 -0.000000 0.945487
3  -0.002896 -1.175696 0.421775  -0.149341 -1.672588 -1.989584
4  -2.907624 1.355002 0.245939  -0.712394 1.831053 -0.657661
5  -3.271160 2.489418 0.593677  1.570885 -0.000000 0.754409
6  -1.520128 -0.082646 0.378413  0.000001 0.000001 -1.540458
7  0.148946 0.356270 0.053377  0.714578 -0.799770 1.920859
8  -0.492672 -2.434526 0.103147  1.292342 1.570796 0.000000
9  -1.340381 1.690742 0.099676  0.512580 -1.570589 -0.532282
10  -2.839159 0.688865 0.068878  -2.424924 0.800667 -1.428643
11  -1.535567 1.576450 -0.111975  3.029123 -0.067014 -1.384372
12  -2.565127 -0.994916 0.098025  -2.245587 -1.571019 -0.185390
13  0.767512 -1.335971 0.028163  3.084964 0.241358 -0.063037
14  1.214063 -5.061316 0.039618  -0.000857 -3.140815 0.044331
15  -0.412467 -1.237687 0.004488  -1.520123 -0.010830 0.372540
16  0.100668 -1.622303 0.006060  -1.520196 -0.010830 2.684154
17  -0.347207 -1.741394 0.006358  3.140718 -0.000770 0.817818
18  -1.201087 -1.625224 0.006891  -0.000863 -3.140814 -1.350699
19  0.738803 -1.424090 0.003390  0.051630 0.219496 -1.058565
20  0.331282 -0.369600 0.015311  -0.000867 -3.140826 -1.247367
21  0.040362 -2.237656 0.037982  2.141467 -0.202492 -1.921423
22  -3.398840 -2.765234 0.038151  0.396811 -1.341008 1.380051
23  0.179489 -0.887331 0.010437  -0.818572 -0.564565 -1.436160
24  0.156454 0.004831 0.022027  -1.289958 0.660502 1.345973
25  1.239749 -0.246540 0.017971  0.222056 0.032595 -1.382956
26  4.053361 5.224116 0.002597  1.124520 0.040514 -1.911476
27  1.257349 0.089760 0.004761  0.146256 -2.597645 1.156718
28  0.338061 -3.154512 0.009341  1.386886 -0.194171 0.633860
29  1.463348 7.540812 0.041524  1.358226 0.638280 -0.635233
30  -0.030282 -0.481257 0.012987  2.995241 -1.098583 -0.615447
31  4.778305 -0.534013 0.045808  -1.892488 0.596951 -1.100716
32  2.720667 -0.343760 0.001741  1.807932 -0.166806 2.044895
33  -4.310852 -3.531699 0.042029  2.022697 0.121343 -0.287602
34  2.554323 -0.201004 0.041735  -1.192692 0.160635 -1.370560
35  1.284538 1.942922 0.002808  -1.218683 -0.763792 0.283221
36  0.002516 -2.947144 0.002124  1.124593 0.040688 1.634858
37  -0.452960 -2.162081 0.004216  -1.520140 -0.010843 1.693514
38  -2.495927 -1.391464 0.001248  -0.000861 -3.140878 -0.201970
39  2.251888 -0.501675 0.001727  1.108583 0.098533 0.685118
40  -2.690624 -5.388758 0.001429  1.342954 0.184705 3.013653
41  -0.035797 -1.387440 0.040226  -2.180326 0.733736 1.309504
42  0.044002 2.249246 0.000288  1.586978 0.164284 0.155464
time 150
0  0.000000 0.000000 0.000000  0.000000 0.000000 0.000000
1  3.443237 -0.144454 0.242200  -1.575489 -0.001573 -1.447241
2  -0.603428 2.612577 0.817130  1.570796 -0.000000 0.945487
3  -0.002818 -1.175641 0.421762  -0.149291 -1.672573 -1.989602
4  -2.907623 1.355002 0.245939  -0.712394 1.831053 -0.657661
5  -3.271162 2.489419 0.593677  1.570885 -0.000000 0.754410
6  -1.520129 -0.082647 0.378413  0.000000 0.000001 -1.540458
7  0.148946 0.356270 0.053377  0.714578 -0.799770 1.920862
8  -0.492672 -2.434526 0.103147  1.292342 1.570796 0.000000
9  -1.340381 1.690742 0.099676  0.512580 -1.570589 -0.532282
10  -2.839159 0.688865 0.068878  -2.424924 0.800667 -1.428644
11  -1.535890 1.577658 -0.111989  -0.103090 -3.071722 1.022378
12  -2.565127 -0.994916 0.098025  -2.245587 -1.571019 -0.185390
13  0.767509 -1.335989 0.028161  3.085015 0.241156 -0.062226
14  1.214063 -5.061316 0.039618  -0.000857 -3.140815 0.044331
15  -0.412467 -1.237687 0.004488  -1.520123 -0.010830 0.372540
16  0.100668 -1.622303 0.006060  -1.520196 -0.010830 2.684154
17  -0.347207 -1.741394 0.006358  3.140718 -0.000770 0.817818
18  -1.201087 -1.625224 0.006891  -0.000863 -3.140814 -1.350699
19  0.738799 -1.424120 0.003390  0.051630 0.219496 -1.058564
20  0.331283 -0.369601 0.015311  -0.000867 -3.140826 -1.247389
21  0.040363 -2.237656 0.037982  2.141467 -0.202492 -1.921424
22  -3.398840 -2.765234 0.038151  0.396810 -1.341008 1.380051
23  0.179491 -0.887328 0.010437  -0.818573 -0.564559 -1.436215
24  0.153266 0.013072 0.019252  -1.706348 0.978479 1.036233
25  1.239749 -0.246540 0.017971  0.222056 0.032595 -1.382956
26  4.053361 5.224116 0.002597  1.124520 0.040514 -1.911476
27  1.257349 0.089760 0.004761  0.146256 -2.597645 1.156718
28  0.338061 -3.154513 0.009341  1.386886 -0.194171 0.633880
29  1.472020 7.577304 0.043947  0.563622 0.141236 -0.952879
30  -0.030282 -0.481257 0.012987  2.995241 -1.098583 -0.615480
31  4.784083 -0.519794 0.044570  -2.158062 0.353523 -1.232489
32  2.720666 -0.343760 0.001741  1.807943 -0.166805 2.044893
33  -4.320296 -3.544234 0.042889  2.368732 -0.012197 -0.250251
34  2.557211 -0.195223 0.041327  -1.293300 0.040632 -1.346558
35  1.284538 1.942922 0.002808  -1.218683 -0.763792 0.283221
36  0.002517 -2.947143 0.002124  1.124593 0.040688 1.634861
37  -0.452960 -2.162081 0.004216  -1.520140 -0.010843 1.693514
38  -2.495927 -1.391464 0.001248  -0.000861 -3.140878 -0.201970
39  2.251888 -0.501675 0.001727  1.108583 0.098533 0.685072
40  -2.690624 -5.388758 0.001429  1.342954 0.184705 3.013655
41  -0.035807 -1.387478 0.040224  -2.180009 0.732749 1.303415
42  0.044002 2.249246 0.000288  1.586978 0.164284 0.155464
end
triangles
end
