


materialPath: C:\Program Files (x86)\Steam\steamapps\sourcemods\who\materials
Loading c:\program files (x86)\steam\steamapps\sourcemods\who\maps\hostel.vmf
Could not locate 'GameData' key in c:\program files (x86)\steam\steamapps\sourcemods\who\gameinfo.txt
fixing up env_cubemap materials on brush sides...
0...1...2...3...4...5Brush 128: WARNING, microbrush
Brush 132: WARNING, microbrush
...6...7..Brush 156: WARNING, microbrush
Brush 154: WARNING, microbrush
Brush 163: WARNING, microbrush
Brush 164: WARNING, microbrush
.8...9...100...1...2...3...4...5Brush 128: WARNING, microbrush
Brush 132: WARNING, microbrush
...6...7..Brush 156: WARNING, microbrush
Brush 154: WARNING, microbrush
Brush 163: WARNING, microbrush
Brush 164: WARNING, microbrush
.8...9...10Processing areas...done (0)
Building Faces...done (0)
FixTjuncs...
PruneNodes...
WriteBSP...
done (0)
writing c:\program files (x86)\steam\steamapps\sourcemods\who\maps\hostel.prt...Building visibility clusters...
done (0)
Creating default LDR cubemaps for env_cubemap using skybox materials:
   skybox/sky_day01_01*.vmt
 ! Run buildcubemaps in the engine to get the correct cube maps.
Creating default HDR cubemaps for env_cubemap using skybox materials:
   skybox/sky_day01_01*.vmt
 ! Run buildcubemaps in the engine to get the correct cube maps.
Finding displacement neighbors...
Finding lightmap sample positions...
Displacement Alpha : 0...1...2...3...4...5...6...7...8...9...10
ConVarRef mat_reduceparticles doesn't point to an existing ConVar
Building Physics collision data...
done (0) (39642 bytes)
Placing detail props : 0...1...2...3...4...5...6...7...8...9...10
Compacting texture/material tables...
Reduced 302 texinfos to 159
Reduced 9 texdatas to 9 (200 bytes to 200)
Writing c:\program files (x86)\steam\steamapps\sourcemods\who\maps\hostel.bsp
0 seconds elapsed



8 threads
reading c:\program files (x86)\steam\steamapps\sourcemods\who\maps\hostel.bsp
reading c:\program files (x86)\steam\steamapps\sourcemods\who\maps\hostel.prt
 104 portalclusters
 235 numportals
0...1...2...3...4...5...6...7...8...9...100...1...2...3...4...5...6...7...8...9...10Optimized: 0 visible clusters (0.00%)
Total clusters visible: 9354
Average clusters visible: 89
Building PAS...
Average clusters audible: 103
visdatasize:3533  compressed from 3328
writing c:\program files (x86)\steam\steamapps\sourcemods\who\maps\hostel.bsp
0 seconds elapsed



Could not find lights.rad in lights.rad.
Trying VRAD BIN directory instead...
Warning: Couldn't open texlight file C:\Program Files (x86)\Steam\steamapps\common\Source SDK Base 2013 Singleplayer\bin\lights.rad.
Loading c:\program files (x86)\steam\steamapps\sourcemods\who\maps\hostel.bsp
467 faces
1654 square feet [238264.38 square inches]
0 Displacements
0 Square Feet [0.00 Square Inches]
467 patches before subdivision
11767 patches after subdivision
3 direct lights
0...1...2...3...4...5...6...7...8...9...100...1...2...3...4...5...6...7...8...9...10transfers 2437097, max 589
transfer lists:  18.6 megs
0...1...2...3...4...5...6...7...8...9...10	Bounce #1 added RGB(76904, 30939, 5908)
0...1...2...3...4...5...6...7...8...9...10	Bounce #2 added RGB(42939, 14115, 2280)
0...1...2...3...4...5...6...7...8...9...10	Bounce #3 added RGB(21442, 5806, 828)
0...1...2...3...4...5...6...7...8...9...10	Bounce #4 added RGB(11612, 2584, 330)
0...1...2...3...4...5...6...7...8...9...10	Bounce #5 added RGB(6127, 1135, 131)
0...1...2...3...4...5...6...7...8...9...10	Bounce #6 added RGB(3289, 504, 53)
0...1...2...3...4...5...6...7...8...9...10	Bounce #7 added RGB(1757, 224, 22)
0...1...2...3...4...5...6...7...8...9...10	Bounce #8 added RGB(942, 99, 9)
0...1...2...3...4...5...6...7...8...9...10	Bounce #9 added RGB(505, 44, 4)
0...1...2...3...4...5...6...7...8...9...10	Bounce #10 added RGB(271, 20, 1)
0...1...2...3...4...5...6...7...8...9...10	Bounce #11 added RGB(145, 9, 1)
0...1...2...3...4...5...6...7...8...9...10	Bounce #12 added RGB(78, 4, 0)
0...1...2...3...4...5...6...7...8...9...10	Bounce #13 added RGB(42, 2, 0)
0...1...2...3...4...5...6...7...8...9...10	Bounce #14 added RGB(22, 1, 0)
0...1...2...3...4...5...6...7...8...9...10	Bounce #15 added RGB(12, 0, 0)
0...1...2...3...4...5...6...7...8...9...10	Bounce #16 added RGB(6, 0, 0)
0...1...2...3...4...5...6...7...8...9...10	Bounce #17 added RGB(3, 0, 0)
0...1...2...3...4...5...6...7...8...9...10	Bounce #18 added RGB(2, 0, 0)
0...1...2...3...4...5...6...7...8...9...10	Bounce #19 added RGB(1, 0, 0)
0...1...2...3...4...5...6...7...8...9...10	Bounce #20 added RGB(1, 0, 0)
Build Patch/Sample Hash Table(s).....Done<0.0022 sec>
0...1...2...3...4...5...6...7...8...9...10FinalLightFace Done
0 of 0 (0% of) surface lights went in leaf ambient cubes.
0...1...2...3...4...5...6...7...8...9...10Writing leaf ambient...done
Ready to Finish

Object names       Objects/Maxobjs  Memory / Maxmem  Fullness 
------------       ---------------  ---------------  -------- 
models                   1/1024           48/49152    ( 0.1%) 
brushes                122/8192         1464/98304    ( 1.5%) 
brushsides             760/65536        6080/524288   ( 1.2%) 
planes                 358/65536        7160/1310720  ( 0.5%) 
vertexes               908/65536       10896/786432   ( 1.4%) 
nodes                  236/65536        7552/2097152  ( 0.4%) 
texinfos               159/12288       11448/884736   ( 1.3%) 
texdata                  9/2048          288/65536    ( 0.4%) 
dispinfos                0/0               0/0        ( 0.0%) 
disp_verts               0/0               0/0        ( 0.0%) 
disp_tris                0/0               0/0        ( 0.0%) 
disp_lmsamples           0/0               0/0        ( 0.0%) 
faces                  467/65536       26152/3670016  ( 0.7%) 
hdr faces                0/65536           0/3670016  ( 0.0%) 
origfaces              256/65536       14336/3670016  ( 0.4%) 
leaves                 238/65536        7616/2097152  ( 0.4%) 
leaffaces              596/65536        1192/131072   ( 0.9%) 
leafbrushes            260/65536         520/131072   ( 0.4%) 
areas                    2/256            16/2048     ( 0.8%) 
surfedges             3269/512000      13076/2048000  ( 0.6%) 
edges                 1919/256000       7676/1024000  ( 0.7%) 
LDR worldlights          3/8192          264/720896   ( 0.0%) 
HDR worldlights          0/8192            0/720896   ( 0.0%) 
leafwaterdata            0/32768           0/393216   ( 0.0%) 
waterstrips             55/32768         550/327680   ( 0.2%) 
waterverts               0/65536           0/786432   ( 0.0%) 
waterindices           798/65536        1596/131072   ( 1.2%) 
cubemapsamples           0/1024            0/16384    ( 0.0%) 
overlays                 3/512          1056/180224   ( 0.6%) 
LDR lightdata         [variable]     1181500/0        ( 0.0%) 
HDR lightdata         [variable]           0/0        ( 0.0%) 
visdata               [variable]        3533/16777216 ( 0.0%) 
entdata               [variable]        8701/393216   ( 2.2%) 
LDR ambient table      238/65536         952/262144   ( 0.4%) 
HDR ambient table      238/65536         952/262144   ( 0.4%) 
LDR leaf ambient       202/65536        5656/1835008  ( 0.3%) 
HDR leaf ambient       238/65536        6664/1835008  ( 0.4%) 
occluders                0/0               0/0        ( 0.0%) 
occluder polygons        0/0               0/0        ( 0.0%) 
occluder vert ind        0/0               0/0        ( 0.0%) 
detail props          [variable]           1/12       ( 8.3%) 
static props          [variable]           1/12       ( 8.3%) 
pakfile               [variable]      105655/0        ( 0.0%) 
physics               [variable]       39642/4194304  ( 0.9%) 
physics terrain       [variable]           2/1048576  ( 0.0%) 

Level flags = 0

Total triangle count: 1320
Writing c:\program files (x86)\steam\steamapps\sourcemods\who\maps\hostel.bsp
1 second elapsed



Could not find lights.rad in lights.rad.
Trying VRAD BIN directory instead...
Warning: Couldn't open texlight file C:\Program Files (x86)\Steam\steamapps\common\Source SDK Base 2013 Singleplayer\bin\lights.rad.
Loading c:\program files (x86)\steam\steamapps\sourcemods\who\maps\hostel.bsp
467 faces
1654 square feet [238264.38 square inches]
0 Displacements
0 Square Feet [0.00 Square Inches]
467 patches before subdivision
11767 patches after subdivision
3 direct lights
0...1...2...3...4...5...6...7...8...9...100...1...2...3...4...5...6...7...8...9...10transfers 2437097, max 589
transfer lists:  18.6 megs
0...1...2...3...4...5...6...7...8...9...10	Bounce #1 added RGB(76904, 30939, 5908)
0...1...2...3...4...5...6...7...8...9...10	Bounce #2 added RGB(42939, 14115, 2280)
0...1...2...3...4...5...6...7...8...9...10	Bounce #3 added RGB(21442, 5806, 828)
0...1...2...3...4...5...6...7...8...9...10	Bounce #4 added RGB(11612, 2584, 330)
0...1...2...3...4...5...6...7...8...9...10	Bounce #5 added RGB(6127, 1135, 131)
0...1...2...3...4...5...6...7...8...9...10	Bounce #6 added RGB(3289, 504, 53)
0...1...2...3...4...5...6...7...8...9...10	Bounce #7 added RGB(1757, 224, 22)
0...1...2...3...4...5...6...7...8...9...10	Bounce #8 added RGB(942, 99, 9)
0...1...2...3...4...5...6...7...8...9...10	Bounce #9 added RGB(505, 44, 4)
0...1...2...3...4...5...6...7...8...9...10	Bounce #10 added RGB(271, 20, 1)
0...1...2...3...4...5...6...7...8...9...10	Bounce #11 added RGB(145, 9, 1)
0...1...2...3...4...5...6...7...8...9...10	Bounce #12 added RGB(78, 4, 0)
0...1...2...3...4...5...6...7...8...9...10	Bounce #13 added RGB(42, 2, 0)
0...1...2...3...4...5...6...7...8...9...10	Bounce #14 added RGB(22, 1, 0)
0...1...2...3...4...5...6...7...8...9...10	Bounce #15 added RGB(12, 0, 0)
0...1...2...3...4...5...6...7...8...9...10	Bounce #16 added RGB(6, 0, 0)
0...1...2...3...4...5...6...7...8...9...10	Bounce #17 added RGB(3, 0, 0)
0...1...2...3...4...5...6...7...8...9...10	Bounce #18 added RGB(2, 0, 0)
0...1...2...3...4...5...6...7...8...9...10	Bounce #19 added RGB(1, 0, 0)
0...1...2...3...4...5...6...7...8...9...10	Bounce #20 added RGB(1, 0, 0)
Build Patch/Sample Hash Table(s).....Done<0.0022 sec>
0...1...2...3...4...5...6...7...8...9...10FinalLightFace Done
0 of 0 (0% of) surface lights went in leaf ambient cubes.
0...1...2...3...4...5...6...7...8...9...10Writing leaf ambient...done
Ready to Finish

Object names       Objects/Maxobjs  Memory / Maxmem  Fullness 
------------       ---------------  ---------------  -------- 
models                   1/1024           48/49152    ( 0.1%) 
brushes                122/8192         1464/98304    ( 1.5%) 
brushsides             760/65536        6080/524288   ( 1.2%) 
planes                 358/65536        7160/1310720  ( 0.5%) 
vertexes               908/65536       10896/786432   ( 1.4%) 
nodes                  236/65536        7552/2097152  ( 0.4%) 
texinfos               159/12288       11448/884736   ( 1.3%) 
texdata                  9/2048          288/65536    ( 0.4%) 
dispinfos                0/0               0/0        ( 0.0%) 
disp_verts               0/0               0/0        ( 0.0%) 
disp_tris                0/0               0/0        ( 0.0%) 
disp_lmsamples           0/0               0/0        ( 0.0%) 
faces                  467/65536       26152/3670016  ( 0.7%) 
hdr faces              467/65536       26152/3670016  ( 0.7%) 
origfaces              256/65536       14336/3670016  ( 0.4%) 
leaves                 238/65536        7616/2097152  ( 0.4%) 
leaffaces              596/65536        1192/131072   ( 0.9%) 
leafbrushes            260/65536         520/131072   ( 0.4%) 
areas                    2/256            16/2048     ( 0.8%) 
surfedges             3269/512000      13076/2048000  ( 0.6%) 
edges                 1919/256000       7676/1024000  ( 0.7%) 
LDR worldlights          3/8192          264/720896   ( 0.0%) 
HDR worldlights          3/8192          264/720896   ( 0.0%) 
leafwaterdata            0/32768           0/393216   ( 0.0%) 
waterstrips             55/32768         550/327680   ( 0.2%) 
waterverts               0/65536           0/786432   ( 0.0%) 
waterindices           798/65536        1596/131072   ( 1.2%) 
cubemapsamples           0/1024            0/16384    ( 0.0%) 
overlays                 3/512          1056/180224   ( 0.6%) 
LDR lightdata         [variable]     1181500/0        ( 0.0%) 
HDR lightdata         [variable]     1181500/0        ( 0.0%) 
visdata               [variable]        3533/16777216 ( 0.0%) 
entdata               [variable]        8701/393216   ( 2.2%) 
LDR ambient table      238/65536         952/262144   ( 0.4%) 
HDR ambient table      238/65536         952/262144   ( 0.4%) 
LDR leaf ambient       202/65536        5656/1835008  ( 0.3%) 
HDR leaf ambient       202/65536        5656/1835008  ( 0.3%) 
occluders                0/0               0/0        ( 0.0%) 
occluder polygons        0/0               0/0        ( 0.0%) 
occluder vert ind        0/0               0/0        ( 0.0%) 
detail props          [variable]           1/12       ( 8.3%) 
static props          [variable]           1/12       ( 8.3%) 
pakfile               [variable]      105655/0        ( 0.0%) 
physics               [variable]       39642/4194304  ( 0.9%) 
physics terrain       [variable]           2/1048576  ( 0.0%) 

Level flags = 0

Total triangle count: 1320
Writing c:\program files (x86)\steam\steamapps\sourcemods\who\maps\hostel.bsp
1 second elapsed



materialPath: C:\Program Files (x86)\Steam\steamapps\sourcemods\who\materials
Loading c:\program files (x86)\steam\steamapps\sourcemods\who\maps\hostel.vmf
Could not locate 'GameData' key in c:\program files (x86)\steam\steamapps\sourcemods\who\gameinfo.txt
fixing up env_cubemap materials on brush sides...
0...1...2...3...4...5Brush 128: WARNING, microbrush
Brush 132: WARNING, microbrush
...6...7..Brush 156: WARNING, microbrush
Brush 154: WARNING, microbrush
Brush 163: WARNING, microbrush
Brush 164: WARNING, microbrush
.8...9...100...1...2...3...4...5Brush 128: WARNING, microbrush
Brush 132: WARNING, microbrush
...6...7..Brush 156: WARNING, microbrush
Brush 154: WARNING, microbrush
Brush 163: WARNING, microbrush
Brush 164: WARNING, microbrush
.8...9...10Processing areas...done (0)
Building Faces...done (0)
FixTjuncs...
PruneNodes...
WriteBSP...
done (0)
writing c:\program files (x86)\steam\steamapps\sourcemods\who\maps\hostel.prt...Building visibility clusters...
done (0)
Creating default LDR cubemaps for env_cubemap using skybox materials:
   skybox/sky_day01_01*.vmt
 ! Run buildcubemaps in the engine to get the correct cube maps.
Creating default HDR cubemaps for env_cubemap using skybox materials:
   skybox/sky_day01_01*.vmt
 ! Run buildcubemaps in the engine to get the correct cube maps.
Finding displacement neighbors...
Finding lightmap sample positions...
Displacement Alpha : 0...1...2...3...4...5...6...7...8...9...10
ConVarRef mat_reduceparticles doesn't point to an existing ConVar
Building Physics collision data...
done (0) (39642 bytes)
Placing detail props : 0...1...2...3...4...5...6...7...8...9...10
Compacting texture/material tables...
Reduced 302 texinfos to 159
Reduced 9 texdatas to 9 (200 bytes to 200)
Writing c:\program files (x86)\steam\steamapps\sourcemods\who\maps\hostel.bsp
0 seconds elapsed



8 threads
reading c:\program files (x86)\steam\steamapps\sourcemods\who\maps\hostel.bsp
reading c:\program files (x86)\steam\steamapps\sourcemods\who\maps\hostel.prt
 104 portalclusters
 235 numportals
0...1...2...3...4...5...6...7...8...9...100...1...2...3...4...5...6...7...8...9...10Optimized: 0 visible clusters (0.00%)
Total clusters visible: 9354
Average clusters visible: 89
Building PAS...
Average clusters audible: 103
visdatasize:3533  compressed from 3328
writing c:\program files (x86)\steam\steamapps\sourcemods\who\maps\hostel.bsp
0 seconds elapsed



Could not find lights.rad in lights.rad.
Trying VRAD BIN directory instead...
Warning: Couldn't open texlight file C:\Program Files (x86)\Steam\steamapps\common\Source SDK Base 2013 Singleplayer\bin\lights.rad.
Loading c:\program files (x86)\steam\steamapps\sourcemods\who\maps\hostel.bsp
467 faces
1654 square feet [238264.38 square inches]
0 Displacements
0 Square Feet [0.00 Square Inches]
467 patches before subdivision
11767 patches after subdivision
3 direct lights
0...1...2...3...4...5...6...7...8...9...100...1...2...3...4...5...6...7...8...9...10transfers 2437097, max 589
transfer lists:  18.6 megs
0...1...2...3...4...5...6...7...8...9...10	Bounce #1 added RGB(76904, 30939, 5908)
0...1...2...3...4...5...6...7...8...9...10	Bounce #2 added RGB(42939, 14115, 2280)
0...1...2...3...4...5...6...7...8...9...10	Bounce #3 added RGB(21442, 5806, 828)
0...1...2...3...4...5...6...7...8...9...10	Bounce #4 added RGB(11612, 2584, 330)
0...1...2...3...4...5...6...7...8...9...10	Bounce #5 added RGB(6127, 1135, 131)
0...1...2...3...4...5...6...7...8...9...10	Bounce #6 added RGB(3289, 504, 53)
0...1...2...3...4...5...6...7...8...9...10	Bounce #7 added RGB(1757, 224, 22)
0...1...2...3...4...5...6...7...8...9...10	Bounce #8 added RGB(942, 99, 9)
0...1...2...3...4...5...6...7...8...9...10	Bounce #9 added RGB(505, 44, 4)
0...1...2...3...4...5...6...7...8...9...10	Bounce #10 added RGB(271, 20, 1)
0...1...2...3...4...5...6...7...8...9...10	Bounce #11 added RGB(145, 9, 1)
0...1...2...3...4...5...6...7...8...9...10	Bounce #12 added RGB(78, 4, 0)
0...1...2...3...4...5...6...7...8...9...10	Bounce #13 added RGB(42, 2, 0)
0...1...2...3...4...5...6...7...8...9...10	Bounce #14 added RGB(22, 1, 0)
0...1...2...3...4...5...6...7...8...9...10	Bounce #15 added RGB(12, 0, 0)
0...1...2...3...4...5...6...7...8...9...10	Bounce #16 added RGB(6, 0, 0)
0...1...2...3...4...5...6...7...8...9...10	Bounce #17 added RGB(3, 0, 0)
0...1...2...3...4...5...6...7...8...9...10	Bounce #18 added RGB(2, 0, 0)
0...1...2...3...4...5...6...7...8...9...10	Bounce #19 added RGB(1, 0, 0)
0...1...2...3...4...5...6...7...8...9...10	Bounce #20 added RGB(1, 0, 0)
Build Patch/Sample Hash Table(s).....Done<0.0023 sec>
0...1...2...3...4...5...6...7...8...9...10FinalLightFace Done
0 of 0 (0% of) surface lights went in leaf ambient cubes.
0...1...2...3...4...5...6...7...8...9...10Writing leaf ambient...done
Ready to Finish

Object names       Objects/Maxobjs  Memory / Maxmem  Fullness 
------------       ---------------  ---------------  -------- 
models                   1/1024           48/49152    ( 0.1%) 
brushes                122/8192         1464/98304    ( 1.5%) 
brushsides             760/65536        6080/524288   ( 1.2%) 
planes                 358/65536        7160/1310720  ( 0.5%) 
vertexes               908/65536       10896/786432   ( 1.4%) 
nodes                  236/65536        7552/2097152  ( 0.4%) 
texinfos               159/12288       11448/884736   ( 1.3%) 
texdata                  9/2048          288/65536    ( 0.4%) 
dispinfos                0/0               0/0        ( 0.0%) 
disp_verts               0/0               0/0        ( 0.0%) 
disp_tris                0/0               0/0        ( 0.0%) 
disp_lmsamples           0/0               0/0        ( 0.0%) 
faces                  467/65536       26152/3670016  ( 0.7%) 
hdr faces                0/65536           0/3670016  ( 0.0%) 
origfaces              256/65536       14336/3670016  ( 0.4%) 
leaves                 238/65536        7616/2097152  ( 0.4%) 
leaffaces              596/65536        1192/131072   ( 0.9%) 
leafbrushes            260/65536         520/131072   ( 0.4%) 
areas                    2/256            16/2048     ( 0.8%) 
surfedges             3269/512000      13076/2048000  ( 0.6%) 
edges                 1919/256000       7676/1024000  ( 0.7%) 
LDR worldlights          3/8192          264/720896   ( 0.0%) 
HDR worldlights          0/8192            0/720896   ( 0.0%) 
leafwaterdata            0/32768           0/393216   ( 0.0%) 
waterstrips             55/32768         550/327680   ( 0.2%) 
waterverts               0/65536           0/786432   ( 0.0%) 
waterindices           798/65536        1596/131072   ( 1.2%) 
cubemapsamples           0/1024            0/16384    ( 0.0%) 
overlays                 3/512          1056/180224   ( 0.6%) 
LDR lightdata         [variable]     1181500/0        ( 0.0%) 
HDR lightdata         [variable]           0/0        ( 0.0%) 
visdata               [variable]        3533/16777216 ( 0.0%) 
entdata               [variable]        9105/393216   ( 2.3%) 
LDR ambient table      238/65536         952/262144   ( 0.4%) 
HDR ambient table      238/65536         952/262144   ( 0.4%) 
LDR leaf ambient       202/65536        5656/1835008  ( 0.3%) 
HDR leaf ambient       238/65536        6664/1835008  ( 0.4%) 
occluders                0/0               0/0        ( 0.0%) 
occluder polygons        0/0               0/0        ( 0.0%) 
occluder vert ind        0/0               0/0        ( 0.0%) 
detail props          [variable]           1/12       ( 8.3%) 
static props          [variable]           1/12       ( 8.3%) 
pakfile               [variable]      105655/0        ( 0.0%) 
physics               [variable]       39642/4194304  ( 0.9%) 
physics terrain       [variable]           2/1048576  ( 0.0%) 

Level flags = 0

Total triangle count: 1320
Writing c:\program files (x86)\steam\steamapps\sourcemods\who\maps\hostel.bsp
1 second elapsed



Could not find lights.rad in lights.rad.
Trying VRAD BIN directory instead...
Warning: Couldn't open texlight file C:\Program Files (x86)\Steam\steamapps\common\Source SDK Base 2013 Singleplayer\bin\lights.rad.
Loading c:\program files (x86)\steam\steamapps\sourcemods\who\maps\hostel.bsp
467 faces
1654 square feet [238264.38 square inches]
0 Displacements
0 Square Feet [0.00 Square Inches]
467 patches before subdivision
11767 patches after subdivision
3 direct lights
0...1...2...3...4...5...6...7...8...9...100...1...2...3...4...5...6...7...8...9...10transfers 2437097, max 589
transfer lists:  18.6 megs
0...1...2...3...4...5...6...7...8...9...10	Bounce #1 added RGB(76904, 30940, 5908)
0...1...2...3...4...5...6...7...8...9...10	Bounce #2 added RGB(42939, 14115, 2280)
0...1...2...3...4...5...6...7...8...9...10	Bounce #3 added RGB(21442, 5806, 828)
0...1...2...3...4...5...6...7...8...9...10	Bounce #4 added RGB(11612, 2584, 330)
0...1...2...3...4...5...6...7...8...9...10	Bounce #5 added RGB(6127, 1135, 131)
0...1...2...3...4...5...6...7...8...9...10	Bounce #6 added RGB(3289, 504, 53)
0...1...2...3...4...5...6...7...8...9...10	Bounce #7 added RGB(1757, 224, 22)
0...1...2...3...4...5...6...7...8...9...10	Bounce #8 added RGB(942, 99, 9)
0...1...2...3...4...5...6...7...8...9...10	Bounce #9 added RGB(505, 44, 4)
0...1...2...3...4...5...6...7...8...9...10	Bounce #10 added RGB(271, 20, 1)
0...1...2...3...4...5...6...7...8...9...10	Bounce #11 added RGB(145, 9, 1)
0...1...2...3...4...5...6...7...8...9...10	Bounce #12 added RGB(78, 4, 0)
0...1...2...3...4...5...6...7...8...9...10	Bounce #13 added RGB(42, 2, 0)
0...1...2...3...4...5...6...7...8...9...10	Bounce #14 added RGB(22, 1, 0)
0...1...2...3...4...5...6...7...8...9...10	Bounce #15 added RGB(12, 0, 0)
0...1...2...3...4...5...6...7...8...9...10	Bounce #16 added RGB(6, 0, 0)
0...1...2...3...4...5...6...7...8...9...10	Bounce #17 added RGB(3, 0, 0)
0...1...2...3...4...5...6...7...8...9...10	Bounce #18 added RGB(2, 0, 0)
0...1...2...3...4...5...6...7...8...9...10	Bounce #19 added RGB(1, 0, 0)
0...1...2...3...4...5...6...7...8...9...10	Bounce #20 added RGB(1, 0, 0)
Build Patch/Sample Hash Table(s).....Done<0.0022 sec>
0...1...2...3...4...5...6...7...8...9...10FinalLightFace Done
0 of 0 (0% of) surface lights went in leaf ambient cubes.
0...1...2...3...4...5...6...7...8...9...10Writing leaf ambient...done
Ready to Finish

Object names       Objects/Maxobjs  Memory / Maxmem  Fullness 
------------       ---------------  ---------------  -------- 
models                   1/1024           48/49152    ( 0.1%) 
brushes                122/8192         1464/98304    ( 1.5%) 
brushsides             760/65536        6080/524288   ( 1.2%) 
planes                 358/65536        7160/1310720  ( 0.5%) 
vertexes               908/65536       10896/786432   ( 1.4%) 
nodes                  236/65536        7552/2097152  ( 0.4%) 
texinfos               159/12288       11448/884736   ( 1.3%) 
texdata                  9/2048          288/65536    ( 0.4%) 
dispinfos                0/0               0/0        ( 0.0%) 
disp_verts               0/0               0/0        ( 0.0%) 
disp_tris                0/0               0/0        ( 0.0%) 
disp_lmsamples           0/0               0/0        ( 0.0%) 
faces                  467/65536       26152/3670016  ( 0.7%) 
hdr faces              467/65536       26152/3670016  ( 0.7%) 
origfaces              256/65536       14336/3670016  ( 0.4%) 
leaves                 238/65536        7616/2097152  ( 0.4%) 
leaffaces              596/65536        1192/131072   ( 0.9%) 
leafbrushes            260/65536         520/131072   ( 0.4%) 
areas                    2/256            16/2048     ( 0.8%) 
surfedges             3269/512000      13076/2048000  ( 0.6%) 
edges                 1919/256000       7676/1024000  ( 0.7%) 
LDR worldlights          3/8192          264/720896   ( 0.0%) 
HDR worldlights          3/8192          264/720896   ( 0.0%) 
leafwaterdata            0/32768           0/393216   ( 0.0%) 
waterstrips             55/32768         550/327680   ( 0.2%) 
waterverts               0/65536           0/786432   ( 0.0%) 
waterindices           798/65536        1596/131072   ( 1.2%) 
cubemapsamples           0/1024            0/16384    ( 0.0%) 
overlays                 3/512          1056/180224   ( 0.6%) 
LDR lightdata         [variable]     1181500/0        ( 0.0%) 
HDR lightdata         [variable]     1181500/0        ( 0.0%) 
visdata               [variable]        3533/16777216 ( 0.0%) 
entdata               [variable]        9105/393216   ( 2.3%) 
LDR ambient table      238/65536         952/262144   ( 0.4%) 
HDR ambient table      238/65536         952/262144   ( 0.4%) 
LDR leaf ambient       202/65536        5656/1835008  ( 0.3%) 
HDR leaf ambient       202/65536        5656/1835008  ( 0.3%) 
occluders                0/0               0/0        ( 0.0%) 
occluder polygons        0/0               0/0        ( 0.0%) 
occluder vert ind        0/0               0/0        ( 0.0%) 
detail props          [variable]           1/12       ( 8.3%) 
static props          [variable]           1/12       ( 8.3%) 
pakfile               [variable]      105655/0        ( 0.0%) 
physics               [variable]       39642/4194304  ( 0.9%) 
physics terrain       [variable]           2/1048576  ( 0.0%) 

Level flags = 0

Total triangle count: 1320
Writing c:\program files (x86)\steam\steamapps\sourcemods\who\maps\hostel.bsp
1 second elapsed



materialPath: C:\Program Files (x86)\Steam\steamapps\sourcemods\who\materials
Loading c:\program files (x86)\steam\steamapps\sourcemods\who\maps\hostel.vmf
Could not locate 'GameData' key in c:\program files (x86)\steam\steamapps\sourcemods\who\gameinfo.txt
fixing up env_cubemap materials on brush sides...
0...1...2...3...4...5Brush 128: WARNING, microbrush
Brush 132: WARNING, microbrush
...6...7..Brush 156: WARNING, microbrush
Brush 154: WARNING, microbrush
Brush 163: WARNING, microbrush
Brush 164: WARNING, microbrush
.8...9...100...1...2...3...4...5Brush 128: WARNING, microbrush
Brush 132: WARNING, microbrush
...6...7..Brush 156: WARNING, microbrush
Brush 154: WARNING, microbrush
Brush 163: WARNING, microbrush
Brush 164: WARNING, microbrush
.8...9...10Processing areas...done (0)
Building Faces...done (0)
FixTjuncs...
PruneNodes...
WriteBSP...
done (0)
writing c:\program files (x86)\steam\steamapps\sourcemods\who\maps\hostel.prt...Building visibility clusters...
done (0)
Creating default LDR cubemaps for env_cubemap using skybox materials:
   skybox/sky_day01_01*.vmt
 ! Run buildcubemaps in the engine to get the correct cube maps.
Creating default HDR cubemaps for env_cubemap using skybox materials:
   skybox/sky_day01_01*.vmt
 ! Run buildcubemaps in the engine to get the correct cube maps.
Finding displacement neighbors...
Finding lightmap sample positions...
Displacement Alpha : 0...1...2...3...4...5...6...7...8...9...10
ConVarRef mat_reduceparticles doesn't point to an existing ConVar
Building Physics collision data...
done (0) (39642 bytes)
Placing detail props : 0...1...2...3...4...5...6...7...8...9...10
Compacting texture/material tables...
Reduced 302 texinfos to 159
Reduced 9 texdatas to 9 (200 bytes to 200)
Writing c:\program files (x86)\steam\steamapps\sourcemods\who\maps\hostel.bsp
0 seconds elapsed



8 threads
reading c:\program files (x86)\steam\steamapps\sourcemods\who\maps\hostel.bsp
reading c:\program files (x86)\steam\steamapps\sourcemods\who\maps\hostel.prt
 104 portalclusters
 235 numportals
0...1...2...3...4...5...6...7...8...9...100...1...2...3...4...5...6...7...8...9...10Optimized: 0 visible clusters (0.00%)
Total clusters visible: 9354
Average clusters visible: 89
Building PAS...
Average clusters audible: 103
visdatasize:3533  compressed from 3328
writing c:\program files (x86)\steam\steamapps\sourcemods\who\maps\hostel.bsp
0 seconds elapsed



Could not find lights.rad in lights.rad.
Trying VRAD BIN directory instead...
Warning: Couldn't open texlight file C:\Program Files (x86)\Steam\steamapps\common\Source SDK Base 2013 Singleplayer\bin\lights.rad.
Loading c:\program files (x86)\steam\steamapps\sourcemods\who\maps\hostel.bsp
467 faces
1654 square feet [238264.38 square inches]
0 Displacements
0 Square Feet [0.00 Square Inches]
467 patches before subdivision
11767 patches after subdivision
3 direct lights
0...1...2...3...4...5...6...7...8...9...100...1...2...3...4...5...6...7...8...9...10transfers 2437097, max 589
transfer lists:  18.6 megs
0...1...2...3...4...5...6...7...8...9...10	Bounce #1 added RGB(76904, 30939, 5908)
0...1...2...3...4...5...6...7...8...9...10	Bounce #2 added RGB(42939, 14115, 2280)
0...1...2...3...4...5...6...7...8...9...10	Bounce #3 added RGB(21442, 5806, 828)
0...1...2...3...4...5...6...7...8...9...10	Bounce #4 added RGB(11612, 2584, 330)
0...1...2...3...4...5...6...7...8...9...10	Bounce #5 added RGB(6127, 1135, 131)
0...1...2...3...4...5...6...7...8...9...10	Bounce #6 added RGB(3289, 504, 53)
0...1...2...3...4...5...6...7...8...9...10	Bounce #7 added RGB(1757, 224, 22)
0...1...2...3...4...5...6...7...8...9...10	Bounce #8 added RGB(942, 99, 9)
0...1...2...3...4...5...6...7...8...9...10	Bounce #9 added RGB(505, 44, 4)
0...1...2...3...4...5...6...7...8...9...10	Bounce #10 added RGB(271, 20, 1)
0...1...2...3...4...5...6...7...8...9...10	Bounce #11 added RGB(145, 9, 1)
0...1...2...3...4...5...6...7...8...9...10	Bounce #12 added RGB(78, 4, 0)
0...1...2...3...4...5...6...7...8...9...10	Bounce #13 added RGB(42, 2, 0)
0...1...2...3...4...5...6...7...8...9...10	Bounce #14 added RGB(22, 1, 0)
0...1...2...3...4...5...6...7...8...9...10	Bounce #15 added RGB(12, 0, 0)
0...1...2...3...4...5...6...7...8...9...10	Bounce #16 added RGB(6, 0, 0)
0...1...2...3...4...5...6...7...8...9...10	Bounce #17 added RGB(3, 0, 0)
0...1...2...3...4...5...6...7...8...9...10	Bounce #18 added RGB(2, 0, 0)
0...1...2...3...4...5...6...7...8...9...10	Bounce #19 added RGB(1, 0, 0)
0...1...2...3...4...5...6...7...8...9...10	Bounce #20 added RGB(1, 0, 0)
Build Patch/Sample Hash Table(s).....Done<0.0023 sec>
0...1...2...3...4...5...6...7...8...9...10FinalLightFace Done
0 of 0 (0% of) surface lights went in leaf ambient cubes.
0...1...2...3...4...5...6...7...8...9...10Writing leaf ambient...done
Ready to Finish

Object names       Objects/Maxobjs  Memory / Maxmem  Fullness 
------------       ---------------  ---------------  -------- 
models                   1/1024           48/49152    ( 0.1%) 
brushes                122/8192         1464/98304    ( 1.5%) 
brushsides             760/65536        6080/524288   ( 1.2%) 
planes                 358/65536        7160/1310720  ( 0.5%) 
vertexes               908/65536       10896/786432   ( 1.4%) 
nodes                  236/65536        7552/2097152  ( 0.4%) 
texinfos               159/12288       11448/884736   ( 1.3%) 
texdata                  9/2048          288/65536    ( 0.4%) 
dispinfos                0/0               0/0        ( 0.0%) 
disp_verts               0/0               0/0        ( 0.0%) 
disp_tris                0/0               0/0        ( 0.0%) 
disp_lmsamples           0/0               0/0        ( 0.0%) 
faces                  467/65536       26152/3670016  ( 0.7%) 
hdr faces                0/65536           0/3670016  ( 0.0%) 
origfaces              256/65536       14336/3670016  ( 0.4%) 
leaves                 238/65536        7616/2097152  ( 0.4%) 
leaffaces              596/65536        1192/131072   ( 0.9%) 
leafbrushes            260/65536         520/131072   ( 0.4%) 
areas                    2/256            16/2048     ( 0.8%) 
surfedges             3269/512000      13076/2048000  ( 0.6%) 
edges                 1919/256000       7676/1024000  ( 0.7%) 
LDR worldlights          3/8192          264/720896   ( 0.0%) 
HDR worldlights          0/8192            0/720896   ( 0.0%) 
leafwaterdata            0/32768           0/393216   ( 0.0%) 
waterstrips             55/32768         550/327680   ( 0.2%) 
waterverts               0/65536           0/786432   ( 0.0%) 
waterindices           798/65536        1596/131072   ( 1.2%) 
cubemapsamples           0/1024            0/16384    ( 0.0%) 
overlays                 3/512          1056/180224   ( 0.6%) 
LDR lightdata         [variable]     1181500/0        ( 0.0%) 
HDR lightdata         [variable]           0/0        ( 0.0%) 
visdata               [variable]        3533/16777216 ( 0.0%) 
entdata               [variable]        9105/393216   ( 2.3%) 
LDR ambient table      238/65536         952/262144   ( 0.4%) 
HDR ambient table      238/65536         952/262144   ( 0.4%) 
LDR leaf ambient       202/65536        5656/1835008  ( 0.3%) 
HDR leaf ambient       238/65536        6664/1835008  ( 0.4%) 
occluders                0/0               0/0        ( 0.0%) 
occluder polygons        0/0               0/0        ( 0.0%) 
occluder vert ind        0/0               0/0        ( 0.0%) 
detail props          [variable]           1/12       ( 8.3%) 
static props          [variable]           1/12       ( 8.3%) 
pakfile               [variable]      105655/0        ( 0.0%) 
physics               [variable]       39642/4194304  ( 0.9%) 
physics terrain       [variable]           2/1048576  ( 0.0%) 

Level flags = 0

Total triangle count: 1320
Writing c:\program files (x86)\steam\steamapps\sourcemods\who\maps\hostel.bsp
1 second elapsed



Could not find lights.rad in lights.rad.
Trying VRAD BIN directory instead...
Warning: Couldn't open texlight file C:\Program Files (x86)\Steam\steamapps\common\Source SDK Base 2013 Singleplayer\bin\lights.rad.
Loading c:\program files (x86)\steam\steamapps\sourcemods\who\maps\hostel.bsp
467 faces
1654 square feet [238264.38 square inches]
0 Displacements
0 Square Feet [0.00 Square Inches]
467 patches before subdivision
11767 patches after subdivision
3 direct lights
0...1...2...3...4...5...6...7...8...9...100...1...2...3...4...5...6...7...8...9...10transfers 2437097, max 589
transfer lists:  18.6 megs
0...1...2...3...4...5...6...7...8...9...10	Bounce #1 added RGB(76904, 30940, 5908)
0...1...2...3...4...5...6...7...8...9...10	Bounce #2 added RGB(42939, 14115, 2280)
0...1...2...3...4...5...6...7...8...9...10	Bounce #3 added RGB(21442, 5806, 828)
0...1...2...3...4...5...6...7...8...9...10	Bounce #4 added RGB(11612, 2584, 330)
0...1...2...3...4...5...6...7...8...9...10	Bounce #5 added RGB(6127, 1135, 131)
0...1...2...3...4...5...6...7...8...9...10	Bounce #6 added RGB(3289, 504, 53)
0...1...2...3...4...5...6...7...8...9...10	Bounce #7 added RGB(1757, 224, 22)
0...1...2...3...4...5...6...7...8...9...10	Bounce #8 added RGB(942, 99, 9)
0...1...2...3...4...5...6...7...8...9...10	Bounce #9 added RGB(505, 44, 4)
0...1...2...3...4...5...6...7...8...9...10	Bounce #10 added RGB(271, 20, 1)
0...1...2...3...4...5...6...7...8...9...10	Bounce #11 added RGB(145, 9, 1)
0...1...2...3...4...5...6...7...8...9...10	Bounce #12 added RGB(78, 4, 0)
0...1...2...3...4...5...6...7...8...9...10	Bounce #13 added RGB(42, 2, 0)
0...1...2...3...4...5...6...7...8...9...10	Bounce #14 added RGB(22, 1, 0)
0...1...2...3...4...5...6...7...8...9...10	Bounce #15 added RGB(12, 0, 0)
0...1...2...3...4...5...6...7...8...9...10	Bounce #16 added RGB(6, 0, 0)
0...1...2...3...4...5...6...7...8...9...10	Bounce #17 added RGB(3, 0, 0)
0...1...2...3...4...5...6...7...8...9...10	Bounce #18 added RGB(2, 0, 0)
0...1...2...3...4...5...6...7...8...9...10	Bounce #19 added RGB(1, 0, 0)
0...1...2...3...4...5...6...7...8...9...10	Bounce #20 added RGB(1, 0, 0)
Build Patch/Sample Hash Table(s).....Done<0.0021 sec>
0...1...2...3...4...5...6...7...8...9...10FinalLightFace Done
0 of 0 (0% of) surface lights went in leaf ambient cubes.
0...1...2...3...4...5...6...7...8...9...10Writing leaf ambient...done
Ready to Finish

Object names       Objects/Maxobjs  Memory / Maxmem  Fullness 
------------       ---------------  ---------------  -------- 
models                   1/1024           48/49152    ( 0.1%) 
brushes                122/8192         1464/98304    ( 1.5%) 
brushsides             760/65536        6080/524288   ( 1.2%) 
planes                 358/65536        7160/1310720  ( 0.5%) 
vertexes               908/65536       10896/786432   ( 1.4%) 
nodes                  236/65536        7552/2097152  ( 0.4%) 
texinfos               159/12288       11448/884736   ( 1.3%) 
texdata                  9/2048          288/65536    ( 0.4%) 
dispinfos                0/0               0/0        ( 0.0%) 
disp_verts               0/0               0/0        ( 0.0%) 
disp_tris                0/0               0/0        ( 0.0%) 
disp_lmsamples           0/0               0/0        ( 0.0%) 
faces                  467/65536       26152/3670016  ( 0.7%) 
hdr faces              467/65536       26152/3670016  ( 0.7%) 
origfaces              256/65536       14336/3670016  ( 0.4%) 
leaves                 238/65536        7616/2097152  ( 0.4%) 
leaffaces              596/65536        1192/131072   ( 0.9%) 
leafbrushes            260/65536         520/131072   ( 0.4%) 
areas                    2/256            16/2048     ( 0.8%) 
surfedges             3269/512000      13076/2048000  ( 0.6%) 
edges                 1919/256000       7676/1024000  ( 0.7%) 
LDR worldlights          3/8192          264/720896   ( 0.0%) 
HDR worldlights          3/8192          264/720896   ( 0.0%) 
leafwaterdata            0/32768           0/393216   ( 0.0%) 
waterstrips             55/32768         550/327680   ( 0.2%) 
waterverts               0/65536           0/786432   ( 0.0%) 
waterindices           798/65536        1596/131072   ( 1.2%) 
cubemapsamples           0/1024            0/16384    ( 0.0%) 
overlays                 3/512          1056/180224   ( 0.6%) 
LDR lightdata         [variable]     1181500/0        ( 0.0%) 
HDR lightdata         [variable]     1181500/0        ( 0.0%) 
visdata               [variable]        3533/16777216 ( 0.0%) 
entdata               [variable]        9105/393216   ( 2.3%) 
LDR ambient table      238/65536         952/262144   ( 0.4%) 
HDR ambient table      238/65536         952/262144   ( 0.4%) 
LDR leaf ambient       202/65536        5656/1835008  ( 0.3%) 
HDR leaf ambient       202/65536        5656/1835008  ( 0.3%) 
occluders                0/0               0/0        ( 0.0%) 
occluder polygons        0/0               0/0        ( 0.0%) 
occluder vert ind        0/0               0/0        ( 0.0%) 
detail props          [variable]           1/12       ( 8.3%) 
static props          [variable]           1/12       ( 8.3%) 
pakfile               [variable]      105655/0        ( 0.0%) 
physics               [variable]       39642/4194304  ( 0.9%) 
physics terrain       [variable]           2/1048576  ( 0.0%) 

Level flags = 0

Total triangle count: 1320
Writing c:\program files (x86)\steam\steamapps\sourcemods\who\maps\hostel.bsp
1 second elapsed



materialPath: C:\Program Files (x86)\Steam\steamapps\sourcemods\who\materials
Loading c:\program files (x86)\steam\steamapps\sourcemods\who\maps\hostel.vmf
Could not locate 'GameData' key in c:\program files (x86)\steam\steamapps\sourcemods\who\gameinfo.txt
fixing up env_cubemap materials on brush sides...
0...1...2...3...4...5Brush 128: WARNING, microbrush
Brush 132: WARNING, microbrush
...6...7..Brush 156: WARNING, microbrush
Brush 154: WARNING, microbrush
Brush 163: WARNING, microbrush
Brush 164: WARNING, microbrush
.8...9...100...1...2...3...4...5Brush 128: WARNING, microbrush
Brush 132: WARNING, microbrush
...6...7..Brush 156: WARNING, microbrush
Brush 154: WARNING, microbrush
Brush 163: WARNING, microbrush
Brush 164: WARNING, microbrush
.8...9...10Processing areas...done (0)
Building Faces...done (0)
FixTjuncs...
PruneNodes...
WriteBSP...
done (0)
writing c:\program files (x86)\steam\steamapps\sourcemods\who\maps\hostel.prt...Building visibility clusters...
done (0)
Creating default LDR cubemaps for env_cubemap using skybox materials:
   skybox/sky_day01_01*.vmt
 ! Run buildcubemaps in the engine to get the correct cube maps.
Creating default HDR cubemaps for env_cubemap using skybox materials:
   skybox/sky_day01_01*.vmt
 ! Run buildcubemaps in the engine to get the correct cube maps.
Finding displacement neighbors...
Finding lightmap sample positions...
Displacement Alpha : 0...1...2...3...4...5...6...7...8...9...10
ConVarRef mat_reduceparticles doesn't point to an existing ConVar
Building Physics collision data...
done (0) (39642 bytes)
Placing detail props : 0...1...2...3...4...5...6...7...8...9...10
Compacting texture/material tables...
Reduced 302 texinfos to 159
Reduced 9 texdatas to 9 (200 bytes to 200)
Writing c:\program files (x86)\steam\steamapps\sourcemods\who\maps\hostel.bsp
0 seconds elapsed



8 threads
reading c:\program files (x86)\steam\steamapps\sourcemods\who\maps\hostel.bsp
reading c:\program files (x86)\steam\steamapps\sourcemods\who\maps\hostel.prt
 104 portalclusters
 235 numportals
0...1...2...3...4...5...6...7...8...9...100...1...2...3...4...5...6...7...8...9...10Optimized: 0 visible clusters (0.00%)
Total clusters visible: 9354
Average clusters visible: 89
Building PAS...
Average clusters audible: 103
visdatasize:3533  compressed from 3328
writing c:\program files (x86)\steam\steamapps\sourcemods\who\maps\hostel.bsp
0 seconds elapsed



Could not find lights.rad in lights.rad.
Trying VRAD BIN directory instead...
Warning: Couldn't open texlight file C:\Program Files (x86)\Steam\steamapps\common\Source SDK Base 2013 Singleplayer\bin\lights.rad.
Loading c:\program files (x86)\steam\steamapps\sourcemods\who\maps\hostel.bsp
467 faces
1654 square feet [238264.38 square inches]
0 Displacements
0 Square Feet [0.00 Square Inches]
467 patches before subdivision
11767 patches after subdivision
3 direct lights
0...1...2...3...4...5...6...7...8...9...100...1...2...3...4...5...6...7...8...9...10transfers 2437097, max 589
transfer lists:  18.6 megs
0...1...2...3...4...5...6...7...8...9...10	Bounce #1 added RGB(76904, 30939, 5908)
0...1...2...3...4...5...6...7...8...9...10	Bounce #2 added RGB(42939, 14115, 2280)
0...1...2...3...4...5...6...7...8...9...10	Bounce #3 added RGB(21442, 5806, 828)
0...1...2...3...4...5...6...7...8...9...10	Bounce #4 added RGB(11612, 2584, 330)
0...1...2...3...4...5...6...7...8...9...10	Bounce #5 added RGB(6127, 1135, 131)
0...1...2...3...4...5...6...7...8...9...10	Bounce #6 added RGB(3289, 504, 53)
0...1...2...3...4...5...6...7...8...9...10	Bounce #7 added RGB(1757, 224, 22)
0...1...2...3...4...5...6...7...8...9...10	Bounce #8 added RGB(942, 99, 9)
0...1...2...3...4...5...6...7...8...9...10	Bounce #9 added RGB(505, 44, 4)
0...1...2...3...4...5...6...7...8...9...10	Bounce #10 added RGB(271, 20, 1)
0...1...2...3...4...5...6...7...8...9...10	Bounce #11 added RGB(145, 9, 1)
0...1...2...3...4...5...6...7...8...9...10	Bounce #12 added RGB(78, 4, 0)
0...1...2...3...4...5...6...7...8...9...10	Bounce #13 added RGB(42, 2, 0)
0...1...2...3...4...5...6...7...8...9...10	Bounce #14 added RGB(22, 1, 0)
0...1...2...3...4...5...6...7...8...9...10	Bounce #15 added RGB(12, 0, 0)
0...1...2...3...4...5...6...7...8...9...10	Bounce #16 added RGB(6, 0, 0)
0...1...2...3...4...5...6...7...8...9...10	Bounce #17 added RGB(3, 0, 0)
0...1...2...3...4...5...6...7...8...9...10	Bounce #18 added RGB(2, 0, 0)
0...1...2...3...4...5...6...7...8...9...10	Bounce #19 added RGB(1, 0, 0)
0...1...2...3...4...5...6...7...8...9...10	Bounce #20 added RGB(1, 0, 0)
Build Patch/Sample Hash Table(s).....Done<0.0023 sec>
0...1...2...3...4...5...6...7...8...9...10FinalLightFace Done
0 of 0 (0% of) surface lights went in leaf ambient cubes.
0...1...2...3...4...5...6...7...8...9...10Writing leaf ambient...done
Ready to Finish

Object names       Objects/Maxobjs  Memory / Maxmem  Fullness 
------------       ---------------  ---------------  -------- 
models                   1/1024           48/49152    ( 0.1%) 
brushes                122/8192         1464/98304    ( 1.5%) 
brushsides             760/65536        6080/524288   ( 1.2%) 
planes                 358/65536        7160/1310720  ( 0.5%) 
vertexes               908/65536       10896/786432   ( 1.4%) 
nodes                  236/65536        7552/2097152  ( 0.4%) 
texinfos               159/12288       11448/884736   ( 1.3%) 
texdata                  9/2048          288/65536    ( 0.4%) 
dispinfos                0/0               0/0        ( 0.0%) 
disp_verts               0/0               0/0        ( 0.0%) 
disp_tris                0/0               0/0        ( 0.0%) 
disp_lmsamples           0/0               0/0        ( 0.0%) 
faces                  467/65536       26152/3670016  ( 0.7%) 
hdr faces                0/65536           0/3670016  ( 0.0%) 
origfaces              256/65536       14336/3670016  ( 0.4%) 
leaves                 238/65536        7616/2097152  ( 0.4%) 
leaffaces              596/65536        1192/131072   ( 0.9%) 
leafbrushes            260/65536         520/131072   ( 0.4%) 
areas                    2/256            16/2048     ( 0.8%) 
surfedges             3269/512000      13076/2048000  ( 0.6%) 
edges                 1919/256000       7676/1024000  ( 0.7%) 
LDR worldlights          3/8192          264/720896   ( 0.0%) 
HDR worldlights          0/8192            0/720896   ( 0.0%) 
leafwaterdata            0/32768           0/393216   ( 0.0%) 
waterstrips             55/32768         550/327680   ( 0.2%) 
waterverts               0/65536           0/786432   ( 0.0%) 
waterindices           798/65536        1596/131072   ( 1.2%) 
cubemapsamples           0/1024            0/16384    ( 0.0%) 
overlays                 3/512          1056/180224   ( 0.6%) 
LDR lightdata         [variable]     1181500/0        ( 0.0%) 
HDR lightdata         [variable]           0/0        ( 0.0%) 
visdata               [variable]        3533/16777216 ( 0.0%) 
entdata               [variable]        9105/393216   ( 2.3%) 
LDR ambient table      238/65536         952/262144   ( 0.4%) 
HDR ambient table      238/65536         952/262144   ( 0.4%) 
LDR leaf ambient       202/65536        5656/1835008  ( 0.3%) 
HDR leaf ambient       238/65536        6664/1835008  ( 0.4%) 
occluders                0/0               0/0        ( 0.0%) 
occluder polygons        0/0               0/0        ( 0.0%) 
occluder vert ind        0/0               0/0        ( 0.0%) 
detail props          [variable]           1/12       ( 8.3%) 
static props          [variable]           1/12       ( 8.3%) 
pakfile               [variable]      105655/0        ( 0.0%) 
physics               [variable]       39642/4194304  ( 0.9%) 
physics terrain       [variable]           2/1048576  ( 0.0%) 

Level flags = 0

Total triangle count: 1320
Writing c:\program files (x86)\steam\steamapps\sourcemods\who\maps\hostel.bsp
1 second elapsed



Could not find lights.rad in lights.rad.
Trying VRAD BIN directory instead...
Warning: Couldn't open texlight file C:\Program Files (x86)\Steam\steamapps\common\Source SDK Base 2013 Singleplayer\bin\lights.rad.
Loading c:\program files (x86)\steam\steamapps\sourcemods\who\maps\hostel.bsp
467 faces
1654 square feet [238264.38 square inches]
0 Displacements
0 Square Feet [0.00 Square Inches]
467 patches before subdivision
11767 patches after subdivision
3 direct lights
0...1...2...3...4...5...6...7...8...9...100...1...2...3...4...5...6...7...8...9...10transfers 2437097, max 589
transfer lists:  18.6 megs
0...1...2...3...4...5...6...7...8...9...10	Bounce #1 added RGB(76904, 30940, 5908)
0...1...2...3...4...5...6...7...8...9...10	Bounce #2 added RGB(42939, 14115, 2280)
0...1...2...3...4...5...6...7...8...9...10	Bounce #3 added RGB(21442, 5806, 828)
0...1...2...3...4...5...6...7...8...9...10	Bounce #4 added RGB(11612, 2584, 330)
0...1...2...3...4...5...6...7...8...9...10	Bounce #5 added RGB(6127, 1135, 131)
0...1...2...3...4...5...6...7...8...9...10	Bounce #6 added RGB(3289, 504, 53)
0...1...2...3...4...5...6...7...8...9...10	Bounce #7 added RGB(1757, 224, 22)
0...1...2...3...4...5...6...7...8...9...10	Bounce #8 added RGB(942, 99, 9)
0...1...2...3...4...5...6...7...8...9...10	Bounce #9 added RGB(505, 44, 4)
0...1...2...3...4...5...6...7...8...9...10	Bounce #10 added RGB(271, 20, 1)
0...1...2...3...4...5...6...7...8...9...10	Bounce #11 added RGB(145, 9, 1)
0...1...2...3...4...5...6...7...8...9...10	Bounce #12 added RGB(78, 4, 0)
0...1...2...3...4...5...6...7...8...9...10	Bounce #13 added RGB(42, 2, 0)
0...1...2...3...4...5...6...7...8...9...10	Bounce #14 added RGB(22, 1, 0)
0...1...2...3...4...5...6...7...8...9...10	Bounce #15 added RGB(12, 0, 0)
0...1...2...3...4...5...6...7...8...9...10	Bounce #16 added RGB(6, 0, 0)
0...1...2...3...4...5...6...7...8...9...10	Bounce #17 added RGB(3, 0, 0)
0...1...2...3...4...5...6...7...8...9...10	Bounce #18 added RGB(2, 0, 0)
0...1...2...3...4...5...6...7...8...9...10	Bounce #19 added RGB(1, 0, 0)
0...1...2...3...4...5...6...7...8...9...10	Bounce #20 added RGB(1, 0, 0)
Build Patch/Sample Hash Table(s).....Done<0.0022 sec>
0...1...2...3...4...5...6...7...8...9...10FinalLightFace Done
0 of 0 (0% of) surface lights went in leaf ambient cubes.
0...1...2...3...4...5...6...7...8...9...10Writing leaf ambient...done
Ready to Finish

Object names       Objects/Maxobjs  Memory / Maxmem  Fullness 
------------       ---------------  ---------------  -------- 
models                   1/1024           48/49152    ( 0.1%) 
brushes                122/8192         1464/98304    ( 1.5%) 
brushsides             760/65536        6080/524288   ( 1.2%) 
planes                 358/65536        7160/1310720  ( 0.5%) 
vertexes               908/65536       10896/786432   ( 1.4%) 
nodes                  236/65536        7552/2097152  ( 0.4%) 
texinfos               159/12288       11448/884736   ( 1.3%) 
texdata                  9/2048          288/65536    ( 0.4%) 
dispinfos                0/0               0/0        ( 0.0%) 
disp_verts               0/0               0/0        ( 0.0%) 
disp_tris                0/0               0/0        ( 0.0%) 
disp_lmsamples           0/0               0/0        ( 0.0%) 
faces                  467/65536       26152/3670016  ( 0.7%) 
hdr faces              467/65536       26152/3670016  ( 0.7%) 
origfaces              256/65536       14336/3670016  ( 0.4%) 
leaves                 238/65536        7616/2097152  ( 0.4%) 
leaffaces              596/65536        1192/131072   ( 0.9%) 
leafbrushes            260/65536         520/131072   ( 0.4%) 
areas                    2/256            16/2048     ( 0.8%) 
surfedges             3269/512000      13076/2048000  ( 0.6%) 
edges                 1919/256000       7676/1024000  ( 0.7%) 
LDR worldlights          3/8192          264/720896   ( 0.0%) 
HDR worldlights          3/8192          264/720896   ( 0.0%) 
leafwaterdata            0/32768           0/393216   ( 0.0%) 
waterstrips             55/32768         550/327680   ( 0.2%) 
waterverts               0/65536           0/786432   ( 0.0%) 
waterindices           798/65536        1596/131072   ( 1.2%) 
cubemapsamples           0/1024            0/16384    ( 0.0%) 
overlays                 3/512          1056/180224   ( 0.6%) 
LDR lightdata         [variable]     1181500/0        ( 0.0%) 
HDR lightdata         [variable]     1181500/0        ( 0.0%) 
visdata               [variable]        3533/16777216 ( 0.0%) 
entdata               [variable]        9105/393216   ( 2.3%) 
LDR ambient table      238/65536         952/262144   ( 0.4%) 
HDR ambient table      238/65536         952/262144   ( 0.4%) 
LDR leaf ambient       202/65536        5656/1835008  ( 0.3%) 
HDR leaf ambient       202/65536        5656/1835008  ( 0.3%) 
occluders                0/0               0/0        ( 0.0%) 
occluder polygons        0/0               0/0        ( 0.0%) 
occluder vert ind        0/0               0/0        ( 0.0%) 
detail props          [variable]           1/12       ( 8.3%) 
static props          [variable]           1/12       ( 8.3%) 
pakfile               [variable]      105655/0        ( 0.0%) 
physics               [variable]       39642/4194304  ( 0.9%) 
physics terrain       [variable]           2/1048576  ( 0.0%) 

Level flags = 0

Total triangle count: 1320
Writing c:\program files (x86)\steam\steamapps\sourcemods\who\maps\hostel.bsp
1 second elapsed



materialPath: C:\Program Files (x86)\Steam\steamapps\sourcemods\who\materials
Loading c:\program files (x86)\steam\steamapps\sourcemods\who\maps\hostel.vmf
Could not locate 'GameData' key in c:\program files (x86)\steam\steamapps\sourcemods\who\gameinfo.txt
fixing up env_cubemap materials on brush sides...
0...1...2...3...4...5Brush 128: WARNING, microbrush
Brush 132: WARNING, microbrush
...6...7..Brush 156: WARNING, microbrush
Brush 154: WARNING, microbrush
Brush 163: WARNING, microbrush
Brush 164: WARNING, microbrush
.8...9...100...1...2...3...4...5Brush 128: WARNING, microbrush
Brush 132: WARNING, microbrush
...6...7..Brush 156: WARNING, microbrush
Brush 154: WARNING, microbrush
Brush 163: WARNING, microbrush
Brush 164: WARNING, microbrush
.8...9...10Processing areas...done (0)
Building Faces...done (0)
FixTjuncs...
PruneNodes...
WriteBSP...
done (0)
writing c:\program files (x86)\steam\steamapps\sourcemods\who\maps\hostel.prt...Building visibility clusters...
done (0)
Creating default LDR cubemaps for env_cubemap using skybox materials:
   skybox/sky_day01_01*.vmt
 ! Run buildcubemaps in the engine to get the correct cube maps.
Creating default HDR cubemaps for env_cubemap using skybox materials:
   skybox/sky_day01_01*.vmt
 ! Run buildcubemaps in the engine to get the correct cube maps.
Finding displacement neighbors...
Finding lightmap sample positions...
Displacement Alpha : 0...1...2...3...4...5...6...7...8...9...10
ConVarRef mat_reduceparticles doesn't point to an existing ConVar
Building Physics collision data...
done (0) (39642 bytes)
Placing detail props : 0...1...2...3...4...5...6...7...8...9...10
Compacting texture/material tables...
Reduced 302 texinfos to 157
Reduced 9 texdatas to 9 (200 bytes to 200)
Writing c:\program files (x86)\steam\steamapps\sourcemods\who\maps\hostel.bsp
0 seconds elapsed



8 threads
reading c:\program files (x86)\steam\steamapps\sourcemods\who\maps\hostel.bsp
reading c:\program files (x86)\steam\steamapps\sourcemods\who\maps\hostel.prt
 105 portalclusters
 241 numportals
0...1...2...3...4...5...6...7...8...9...100...1...2...3...4...5...6...7...8...9...10Optimized: 0 visible clusters (0.00%)
Total clusters visible: 9473
Average clusters visible: 90
Building PAS...
Average clusters audible: 104
visdatasize:3811  compressed from 3360
writing c:\program files (x86)\steam\steamapps\sourcemods\who\maps\hostel.bsp
0 seconds elapsed



Could not find lights.rad in lights.rad.
Trying VRAD BIN directory instead...
Warning: Couldn't open texlight file C:\Program Files (x86)\Steam\steamapps\common\Source SDK Base 2013 Singleplayer\bin\lights.rad.
Loading c:\program files (x86)\steam\steamapps\sourcemods\who\maps\hostel.bsp
469 faces
1655 square feet [238389.59 square inches]
0 Displacements
0 Square Feet [0.00 Square Inches]
469 patches before subdivision
11707 patches after subdivision
3 direct lights
0...1...2...3...4...5...6...7...8...9...100...1...2...3...4...5...6...7...8...9...10transfers 2425295, max 590
transfer lists:  18.5 megs
0...1...2...3...4...5...6...7...8...9...10	Bounce #1 added RGB(76538, 30741, 5858)
0...1...2...3...4...5...6...7...8...9...10	Bounce #2 added RGB(42578, 14004, 2260)
0...1...2...3...4...5...6...7...8...9...10	Bounce #3 added RGB(21286, 5763, 820)
0...1...2...3...4...5...6...7...8...9...10	Bounce #4 added RGB(11519, 2564, 327)
0...1...2...3...4...5...6...7...8...9...10	Bounce #5 added RGB(6078, 1126, 130)
0...1...2...3...4...5...6...7...8...9...10	Bounce #6 added RGB(3262, 500, 53)
0...1...2...3...4...5...6...7...8...9...10	Bounce #7 added RGB(1742, 222, 21)
0...1...2...3...4...5...6...7...8...9...10	Bounce #8 added RGB(934, 99, 9)
0...1...2...3...4...5...6...7...8...9...10	Bounce #9 added RGB(500, 44, 4)
0...1...2...3...4...5...6...7...8...9...10	Bounce #10 added RGB(268, 20, 1)
0...1...2...3...4...5...6...7...8...9...10	Bounce #11 added RGB(144, 9, 1)
0...1...2...3...4...5...6...7...8...9...10	Bounce #12 added RGB(77, 4, 0)
0...1...2...3...4...5...6...7...8...9...10	Bounce #13 added RGB(41, 2, 0)
0...1...2...3...4...5...6...7...8...9...10	Bounce #14 added RGB(22, 1, 0)
0...1...2...3...4...5...6...7...8...9...10	Bounce #15 added RGB(12, 0, 0)
0...1...2...3...4...5...6...7...8...9...10	Bounce #16 added RGB(6, 0, 0)
0...1...2...3...4...5...6...7...8...9...10	Bounce #17 added RGB(3, 0, 0)
0...1...2...3...4...5...6...7...8...9...10	Bounce #18 added RGB(2, 0, 0)
0...1...2...3...4...5...6...7...8...9...10	Bounce #19 added RGB(1, 0, 0)
Build Patch/Sample Hash Table(s).....Done<0.0024 sec>
0...1...2...3...4...5...6...7...8...9...10FinalLightFace Done
0 of 0 (0% of) surface lights went in leaf ambient cubes.
0...1...2...3...4...5...6...7...8...9...10Writing leaf ambient...done
Ready to Finish

Object names       Objects/Maxobjs  Memory / Maxmem  Fullness 
------------       ---------------  ---------------  -------- 
models                   1/1024           48/49152    ( 0.1%) 
brushes                122/8192         1464/98304    ( 1.5%) 
brushsides             760/65536        6080/524288   ( 1.2%) 
planes                 358/65536        7160/1310720  ( 0.5%) 
vertexes               910/65536       10920/786432   ( 1.4%) 
nodes                  237/65536        7584/2097152  ( 0.4%) 
texinfos               157/12288       11304/884736   ( 1.3%) 
texdata                  9/2048          288/65536    ( 0.4%) 
dispinfos                0/0               0/0        ( 0.0%) 
disp_verts               0/0               0/0        ( 0.0%) 
disp_tris                0/0               0/0        ( 0.0%) 
disp_lmsamples           0/0               0/0        ( 0.0%) 
faces                  469/65536       26264/3670016  ( 0.7%) 
hdr faces                0/65536           0/3670016  ( 0.0%) 
origfaces              257/65536       14392/3670016  ( 0.4%) 
leaves                 239/65536        7648/2097152  ( 0.4%) 
leaffaces              600/65536        1200/131072   ( 0.9%) 
leafbrushes            259/65536         518/131072   ( 0.4%) 
areas                    2/256            16/2048     ( 0.8%) 
surfedges             3283/512000      13132/2048000  ( 0.6%) 
edges                 1935/256000       7740/1024000  ( 0.8%) 
LDR worldlights          3/8192          264/720896   ( 0.0%) 
HDR worldlights          0/8192            0/720896   ( 0.0%) 
leafwaterdata            0/32768           0/393216   ( 0.0%) 
waterstrips             57/32768         570/327680   ( 0.2%) 
waterverts               0/65536           0/786432   ( 0.0%) 
waterindices           828/65536        1656/131072   ( 1.3%) 
cubemapsamples           0/1024            0/16384    ( 0.0%) 
overlays                 3/512          1056/180224   ( 0.6%) 
LDR lightdata         [variable]     1182820/0        ( 0.0%) 
HDR lightdata         [variable]           0/0        ( 0.0%) 
visdata               [variable]        3811/16777216 ( 0.0%) 
entdata               [variable]        9106/393216   ( 2.3%) 
LDR ambient table      239/65536         956/262144   ( 0.4%) 
HDR ambient table      239/65536         956/262144   ( 0.4%) 
LDR leaf ambient       215/65536        6020/1835008  ( 0.3%) 
HDR leaf ambient       239/65536        6692/1835008  ( 0.4%) 
occluders                0/0               0/0        ( 0.0%) 
occluder polygons        0/0               0/0        ( 0.0%) 
occluder vert ind        0/0               0/0        ( 0.0%) 
detail props          [variable]           1/12       ( 8.3%) 
static props          [variable]           1/12       ( 8.3%) 
pakfile               [variable]      105655/0        ( 0.0%) 
physics               [variable]       39642/4194304  ( 0.9%) 
physics terrain       [variable]           2/1048576  ( 0.0%) 

Level flags = 0

Total triangle count: 1326
Writing c:\program files (x86)\steam\steamapps\sourcemods\who\maps\hostel.bsp
1 second elapsed



Could not find lights.rad in lights.rad.
Trying VRAD BIN directory instead...
Warning: Couldn't open texlight file C:\Program Files (x86)\Steam\steamapps\common\Source SDK Base 2013 Singleplayer\bin\lights.rad.
Loading c:\program files (x86)\steam\steamapps\sourcemods\who\maps\hostel.bsp
469 faces
1655 square feet [238389.59 square inches]
0 Displacements
0 Square Feet [0.00 Square Inches]
469 patches before subdivision
11707 patches after subdivision
3 direct lights
0...1...2...3...4...5...6...7...8...9...100...1...2...3...4...5...6...7...8...9...10transfers 2425295, max 590
transfer lists:  18.5 megs
0...1...2...3...4...5...6...7...8...9...10	Bounce #1 added RGB(76538, 30741, 5858)
0...1...2...3...4...5...6...7...8...9...10	Bounce #2 added RGB(42578, 14004, 2260)
0...1...2...3...4...5...6...7...8...9...10	Bounce #3 added RGB(21286, 5763, 820)
0...1...2...3...4...5...6...7...8...9...10	Bounce #4 added RGB(11519, 2564, 327)
0...1...2...3...4...5...6...7...8...9...10	Bounce #5 added RGB(6078, 1126, 130)
0...1...2...3...4...5...6...7...8...9...10	Bounce #6 added RGB(3262, 500, 53)
0...1...2...3...4...5...6...7...8...9...10	Bounce #7 added RGB(1742, 222, 21)
0...1...2...3...4...5...6...7...8...9...10	Bounce #8 added RGB(934, 99, 9)
0...1...2...3...4...5...6...7...8...9...10	Bounce #9 added RGB(500, 44, 4)
0...1...2...3...4...5...6...7...8...9...10	Bounce #10 added RGB(268, 20, 1)
0...1...2...3...4...5...6...7...8...9...10	Bounce #11 added RGB(144, 9, 1)
0...1...2...3...4...5...6...7...8...9...10	Bounce #12 added RGB(77, 4, 0)
0...1...2...3...4...5...6...7...8...9...10	Bounce #13 added RGB(41, 2, 0)
0...1...2...3...4...5...6...7...8...9...10	Bounce #14 added RGB(22, 1, 0)
0...1...2...3...4...5...6...7...8...9...10	Bounce #15 added RGB(12, 0, 0)
0...1...2...3...4...5...6...7...8...9...10	Bounce #16 added RGB(6, 0, 0)
0...1...2...3...4...5...6...7...8...9...10	Bounce #17 added RGB(3, 0, 0)
0...1...2...3...4...5...6...7...8...9...10	Bounce #18 added RGB(2, 0, 0)
0...1...2...3...4...5...6...7...8...9...10	Bounce #19 added RGB(1, 0, 0)
Build Patch/Sample Hash Table(s).....Done<0.0024 sec>
0...1...2...3...4...5...6...7...8...9...10FinalLightFace Done
0 of 0 (0% of) surface lights went in leaf ambient cubes.
0...1...2...3...4...5...6...7...8...9...10Writing leaf ambient...done
Ready to Finish

Object names       Objects/Maxobjs  Memory / Maxmem  Fullness 
------------       ---------------  ---------------  -------- 
models                   1/1024           48/49152    ( 0.1%) 
brushes                122/8192         1464/98304    ( 1.5%) 
brushsides             760/65536        6080/524288   ( 1.2%) 
planes                 358/65536        7160/1310720  ( 0.5%) 
vertexes               910/65536       10920/786432   ( 1.4%) 
nodes                  237/65536        7584/2097152  ( 0.4%) 
texinfos               157/12288       11304/884736   ( 1.3%) 
texdata                  9/2048          288/65536    ( 0.4%) 
dispinfos                0/0               0/0        ( 0.0%) 
disp_verts               0/0               0/0        ( 0.0%) 
disp_tris                0/0               0/0        ( 0.0%) 
disp_lmsamples           0/0               0/0        ( 0.0%) 
faces                  469/65536       26264/3670016  ( 0.7%) 
hdr faces              469/65536       26264/3670016  ( 0.7%) 
origfaces              257/65536       14392/3670016  ( 0.4%) 
leaves                 239/65536        7648/2097152  ( 0.4%) 
leaffaces              600/65536        1200/131072   ( 0.9%) 
leafbrushes            259/65536         518/131072   ( 0.4%) 
areas                    2/256            16/2048     ( 0.8%) 
surfedges             3283/512000      13132/2048000  ( 0.6%) 
edges                 1935/256000       7740/1024000  ( 0.8%) 
LDR worldlights          3/8192          264/720896   ( 0.0%) 
HDR worldlights          3/8192          264/720896   ( 0.0%) 
leafwaterdata            0/32768           0/393216   ( 0.0%) 
waterstrips             57/32768         570/327680   ( 0.2%) 
waterverts               0/65536           0/786432   ( 0.0%) 
waterindices           828/65536        1656/131072   ( 1.3%) 
cubemapsamples           0/1024            0/16384    ( 0.0%) 
overlays                 3/512          1056/180224   ( 0.6%) 
LDR lightdata         [variable]     1182820/0        ( 0.0%) 
HDR lightdata         [variable]     1182820/0        ( 0.0%) 
visdata               [variable]        3811/16777216 ( 0.0%) 
entdata               [variable]        9106/393216   ( 2.3%) 
LDR ambient table      239/65536         956/262144   ( 0.4%) 
HDR ambient table      239/65536         956/262144   ( 0.4%) 
LDR leaf ambient       215/65536        6020/1835008  ( 0.3%) 
HDR leaf ambient       215/65536        6020/1835008  ( 0.3%) 
occluders                0/0               0/0        ( 0.0%) 
occluder polygons        0/0               0/0        ( 0.0%) 
occluder vert ind        0/0               0/0        ( 0.0%) 
detail props          [variable]           1/12       ( 8.3%) 
static props          [variable]           1/12       ( 8.3%) 
pakfile               [variable]      105655/0        ( 0.0%) 
physics               [variable]       39642/4194304  ( 0.9%) 
physics terrain       [variable]           2/1048576  ( 0.0%) 

Level flags = 0

Total triangle count: 1326
Writing c:\program files (x86)\steam\steamapps\sourcemods\who\maps\hostel.bsp
1 second elapsed



materialPath: C:\Program Files (x86)\Steam\steamapps\sourcemods\who\materials
Loading c:\program files (x86)\steam\steamapps\sourcemods\who\maps\hostel.vmf
Could not locate 'GameData' key in c:\program files (x86)\steam\steamapps\sourcemods\who\gameinfo.txt
fixing up env_cubemap materials on brush sides...
0Brush 325: WARNING, microbrush
Brush 326: WARNING, microbrush
Brush 328: WARNING, microbrush
Brush 329: WARNING, microbrush
...1...2...3...4...5Brush 120: WARNING, microbrush
Brush 57: WARNING, microbrush
Brush 54: WARNING, microbrush
Brush 26: WARNING, microbrush
Brush 22: WARNING, microbrush
Brush 19: WARNING, microbrush
Brush 16: WARNING, microbrush
Brush 427: WARNING, microbrush
Brush 428: WARNING, microbrush
...6...7...8...9...100Brush 325: WARNING, microbrush
Brush 326: WARNING, microbrush
Brush 328: WARNING, microbrush
Brush 329: WARNING, microbrush
...1...2...3...4...5Brush 120: WARNING, microbrush
Brush 57: WARNING, microbrush
Brush 54: WARNING, microbrush
Brush 26: WARNING, microbrush
Brush 22: WARNING, microbrush
Brush 19: WARNING, microbrush
Brush 16: WARNING, microbrush
Brush 427: WARNING, microbrush
Brush 428: WARNING, microbrush
...6...7...8...9...10Processing areas...done (0)
Building Faces...done (0)
FixTjuncs...
PruneNodes...
WriteBSP...
done (0)
writing c:\program files (x86)\steam\steamapps\sourcemods\who\maps\hostel.prt...Building visibility clusters...
done (0)
Creating default LDR cubemaps for env_cubemap using skybox materials:
   skybox/sky_day01_01*.vmt
 ! Run buildcubemaps in the engine to get the correct cube maps.
Creating default HDR cubemaps for env_cubemap using skybox materials:
   skybox/sky_day01_01*.vmt
 ! Run buildcubemaps in the engine to get the correct cube maps.
Finding displacement neighbors...
Finding lightmap sample positions...
Displacement Alpha : 0...1...2...3...4...5...6...7...8...9...10
ConVarRef mat_reduceparticles doesn't point to an existing ConVar
Building Physics collision data...
done (0) (145338 bytes)
Placing detail props : 0...1...2...3...4...5...6...7...8...9...10
Compacting texture/material tables...
Reduced 842 texinfos to 565
Reduced 16 texdatas to 15 (424 bytes to 414)
Writing c:\program files (x86)\steam\steamapps\sourcemods\who\maps\hostel.bsp
0 seconds elapsed



8 threads
reading c:\program files (x86)\steam\steamapps\sourcemods\who\maps\hostel.bsp
reading c:\program files (x86)\steam\steamapps\sourcemods\who\maps\hostel.prt
 493 portalclusters
1281 numportals
0...1...2...3...4...5...6...7...8...9...100...1...2...3...4...5...6...7...8...9...10Optimized: 629 visible clusters (0.71%)
Total clusters visible: 88114
Average clusters visible: 178
Building PAS...
Average clusters audible: 461
visdatasize:61825  compressed from 63104
writing c:\program files (x86)\steam\steamapps\sourcemods\who\maps\hostel.bsp
0 seconds elapsed



Could not find lights.rad in lights.rad.
Trying VRAD BIN directory instead...
Warning: Couldn't open texlight file C:\Program Files (x86)\Steam\steamapps\common\Source SDK Base 2013 Singleplayer\bin\lights.rad.
Loading c:\program files (x86)\steam\steamapps\sourcemods\who\maps\hostel.bsp
2090 faces
9943 square feet [1431873.63 square inches]
0 Displacements
0 Square Feet [0.00 Square Inches]
2090 patches before subdivision
36686 patches after subdivision
7 direct lights
0...1...2...3...4...5...6...7...8...9...100...1...2...3...4...5...6...7...8...9...10transfers 12223366, max 1128
transfer lists:  93.3 megs
0...1...2...3...4...5...6...7...8...9...10	Bounce #1 added RGB(230132, 80792, 16633)
0...1...2...3...4...5...6...7...8...9...10	Bounce #2 added RGB(117758, 33077, 5867)
0...1...2...3...4...5...6...7...8...9...10	Bounce #3 added RGB(56837, 12258, 1931)
0...1...2...3...4...5...6...7...8...9...10	Bounce #4 added RGB(29009, 4930, 692)
0...1...2...3...4...5...6...7...8...9...10	Bounce #5 added RGB(14534, 1949, 246)
0...1...2...3...4...5...6...7...8...9...10	Bounce #6 added RGB(7383, 782, 89)
0...1...2...3...4...5...6...7...8...9...10	Bounce #7 added RGB(3732, 313, 32)
0...1...2...3...4...5...6...7...8...9...10	Bounce #8 added RGB(1894, 126, 12)
0...1...2...3...4...5...6...7...8...9...10	Bounce #9 added RGB(960, 51, 4)
0...1...2...3...4...5...6...7...8...9...10	Bounce #10 added RGB(487, 20, 2)
0...1...2...3...4...5...6...7...8...9...10	Bounce #11 added RGB(247, 8, 1)
0...1...2...3...4...5...6...7...8...9...10	Bounce #12 added RGB(125, 3, 0)
0...1...2...3...4...5...6...7...8...9...10	Bounce #13 added RGB(64, 1, 0)
0...1...2...3...4...5...6...7...8...9...10	Bounce #14 added RGB(32, 1, 0)
0...1...2...3...4...5...6...7...8...9...10	Bounce #15 added RGB(16, 0, 0)
0...1...2...3...4...5...6...7...8...9...10	Bounce #16 added RGB(8, 0, 0)
0...1...2...3...4...5...6...7...8...9...10	Bounce #17 added RGB(4, 0, 0)
0...1...2...3...4...5...6...7...8...9...10	Bounce #18 added RGB(2, 0, 0)
0...1...2...3...4...5...6...7...8...9...10	Bounce #19 added RGB(1, 0, 0)
0...1...2...3...4...5...6...7...8...9...10	Bounce #20 added RGB(1, 0, 0)
Build Patch/Sample Hash Table(s).....Done<0.0126 sec>
0...1...2...3...4...5...6...7...8...9...10FinalLightFace Done
0 of 0 (0% of) surface lights went in leaf ambient cubes.
0...1...2...3...4...5...6...7...8...9...10Writing leaf ambient...done
Ready to Finish

Object names       Objects/Maxobjs  Memory / Maxmem  Fullness 
------------       ---------------  ---------------  -------- 
models                   4/1024          192/49152    ( 0.4%) 
brushes                437/8192         5244/98304    ( 5.3%) 
brushsides            2741/65536       21928/524288   ( 4.2%) 
planes                 990/65536       19800/1310720  ( 1.5%) 
vertexes              4018/65536       48216/786432   ( 6.1%) 
nodes                 1157/65536       37024/2097152  ( 1.8%) 
texinfos               565/12288       40680/884736   ( 4.6%) 
texdata                 15/2048          480/65536    ( 0.7%) 
dispinfos                0/0               0/0        ( 0.0%) 
disp_verts               0/0               0/0        ( 0.0%) 
disp_tris                0/0               0/0        ( 0.0%) 
disp_lmsamples           0/0               0/0        ( 0.0%) 
faces                 2090/65536      117040/3670016  ( 3.2%) 
hdr faces                0/65536           0/3670016  ( 0.0%) 
origfaces             1300/65536       72800/3670016  ( 2.0%) 
leaves                1162/65536       37184/2097152  ( 1.8%) 
leaffaces             2557/65536        5114/131072   ( 3.9%) 
leafbrushes            916/65536        1832/131072   ( 1.4%) 
areas                    2/256            16/2048     ( 0.8%) 
surfedges            15439/512000      61756/2048000  ( 3.0%) 
edges                 8802/256000      35208/1024000  ( 3.4%) 
LDR worldlights          7/8192          616/720896   ( 0.1%) 
HDR worldlights          0/8192            0/720896   ( 0.0%) 
leafwaterdata            0/32768           0/393216   ( 0.0%) 
waterstrips            242/32768        2420/327680   ( 0.7%) 
waterverts               0/65536           0/786432   ( 0.0%) 
waterindices          3837/65536        7674/131072   ( 5.9%) 
cubemapsamples           6/1024           96/16384    ( 0.6%) 
overlays                 9/512          3168/180224   ( 1.8%) 
LDR lightdata         [variable]     3755072/0        ( 0.0%) 
HDR lightdata         [variable]           0/0        ( 0.0%) 
visdata               [variable]       61825/16777216 ( 0.4%) 
entdata               [variable]       25895/393216   ( 6.6%) 
LDR ambient table     1162/65536        4648/262144   ( 1.8%) 
HDR ambient table     1162/65536        4648/262144   ( 1.8%) 
LDR leaf ambient       738/65536       20664/1835008  ( 1.1%) 
HDR leaf ambient      1162/65536       32536/1835008  ( 1.8%) 
occluders                0/0               0/0        ( 0.0%) 
occluder polygons        0/0               0/0        ( 0.0%) 
occluder vert ind        0/0               0/0        ( 0.0%) 
detail props          [variable]           1/12       ( 8.3%) 
static props          [variable]           1/12       ( 8.3%) 
pakfile               [variable]      740930/0        ( 0.0%) 
physics               [variable]      145338/4194304  ( 3.5%) 
physics terrain       [variable]           2/1048576  ( 0.0%) 

Level flags = 0

Total triangle count: 6089
Writing c:\program files (x86)\steam\steamapps\sourcemods\who\maps\hostel.bsp
5 seconds elapsed



Could not find lights.rad in lights.rad.
Trying VRAD BIN directory instead...
Warning: Couldn't open texlight file C:\Program Files (x86)\Steam\steamapps\common\Source SDK Base 2013 Singleplayer\bin\lights.rad.
Loading c:\program files (x86)\steam\steamapps\sourcemods\who\maps\hostel.bsp
2090 faces
9943 square feet [1431873.63 square inches]
0 Displacements
0 Square Feet [0.00 Square Inches]
2090 patches before subdivision
36686 patches after subdivision
7 direct lights
0...1...2...3...4...5...6...7...8...9...100...1...2...3...4...5...6...7...8...9...10transfers 12223366, max 1128
transfer lists:  93.3 megs
0...1...2...3...4...5...6...7...8...9...10	Bounce #1 added RGB(230132, 80792, 16633)
0...1...2...3...4...5...6...7...8...9...10	Bounce #2 added RGB(117758, 33077, 5867)
0...1...2...3...4...5...6...7...8...9...10	Bounce #3 added RGB(56837, 12258, 1931)
0...1...2...3...4...5...6...7...8...9...10	Bounce #4 added RGB(29009, 4930, 692)
0...1...2...3...4...5...6...7...8...9...10	Bounce #5 added RGB(14534, 1949, 246)
0...1...2...3...4...5...6...7...8...9...10	Bounce #6 added RGB(7383, 782, 89)
0...1...2...3...4...5...6...7...8...9...10	Bounce #7 added RGB(3732, 313, 32)
0...1...2...3...4...5...6...7...8...9...10	Bounce #8 added RGB(1894, 126, 12)
0...1...2...3...4...5...6...7...8...9...10	Bounce #9 added RGB(960, 51, 4)
0...1...2...3...4...5...6...7...8...9...10	Bounce #10 added RGB(487, 20, 2)
0...1...2...3...4...5...6...7...8...9...10	Bounce #11 added RGB(247, 8, 1)
0...1...2...3...4...5...6...7...8...9...10	Bounce #12 added RGB(125, 3, 0)
0...1...2...3...4...5...6...7...8...9...10	Bounce #13 added RGB(64, 1, 0)
0...1...2...3...4...5...6...7...8...9...10	Bounce #14 added RGB(32, 1, 0)
0...1...2...3...4...5...6...7...8...9...10	Bounce #15 added RGB(16, 0, 0)
0...1...2...3...4...5...6...7...8...9...10	Bounce #16 added RGB(8, 0, 0)
0...1...2...3...4...5...6...7...8...9...10	Bounce #17 added RGB(4, 0, 0)
0...1...2...3...4...5...6...7...8...9...10	Bounce #18 added RGB(2, 0, 0)
0...1...2...3...4...5...6...7...8...9...10	Bounce #19 added RGB(1, 0, 0)
0...1...2...3...4...5...6...7...8...9...10	Bounce #20 added RGB(1, 0, 0)
Build Patch/Sample Hash Table(s).....Done<0.0074 sec>
0...1...2...3...4...5...6...7...8...9...10FinalLightFace Done
0 of 0 (0% of) surface lights went in leaf ambient cubes.
0...1...2...3...4...5...6...7...8...9...10Writing leaf ambient...done
Ready to Finish

Object names       Objects/Maxobjs  Memory / Maxmem  Fullness 
------------       ---------------  ---------------  -------- 
models                   4/1024          192/49152    ( 0.4%) 
brushes                437/8192         5244/98304    ( 5.3%) 
brushsides            2741/65536       21928/524288   ( 4.2%) 
planes                 990/65536       19800/1310720  ( 1.5%) 
vertexes              4018/65536       48216/786432   ( 6.1%) 
nodes                 1157/65536       37024/2097152  ( 1.8%) 
texinfos               565/12288       40680/884736   ( 4.6%) 
texdata                 15/2048          480/65536    ( 0.7%) 
dispinfos                0/0               0/0        ( 0.0%) 
disp_verts               0/0               0/0        ( 0.0%) 
disp_tris                0/0               0/0        ( 0.0%) 
disp_lmsamples           0/0               0/0        ( 0.0%) 
faces                 2090/65536      117040/3670016  ( 3.2%) 
hdr faces             2090/65536      117040/3670016  ( 3.2%) 
origfaces             1300/65536       72800/3670016  ( 2.0%) 
leaves                1162/65536       37184/2097152  ( 1.8%) 
leaffaces             2557/65536        5114/131072   ( 3.9%) 
leafbrushes            916/65536        1832/131072   ( 1.4%) 
areas                    2/256            16/2048     ( 0.8%) 
surfedges            15439/512000      61756/2048000  ( 3.0%) 
edges                 8802/256000      35208/1024000  ( 3.4%) 
LDR worldlights          7/8192          616/720896   ( 0.1%) 
HDR worldlights          7/8192          616/720896   ( 0.1%) 
leafwaterdata            0/32768           0/393216   ( 0.0%) 
waterstrips            242/32768        2420/327680   ( 0.7%) 
waterverts               0/65536           0/786432   ( 0.0%) 
waterindices          3837/65536        7674/131072   ( 5.9%) 
cubemapsamples           6/1024           96/16384    ( 0.6%) 
overlays                 9/512          3168/180224   ( 1.8%) 
LDR lightdata         [variable]     3755072/0        ( 0.0%) 
HDR lightdata         [variable]     3755072/0        ( 0.0%) 
visdata               [variable]       61825/16777216 ( 0.4%) 
entdata               [variable]       25895/393216   ( 6.6%) 
LDR ambient table     1162/65536        4648/262144   ( 1.8%) 
HDR ambient table     1162/65536        4648/262144   ( 1.8%) 
LDR leaf ambient       738/65536       20664/1835008  ( 1.1%) 
HDR leaf ambient       738/65536       20664/1835008  ( 1.1%) 
occluders                0/0               0/0        ( 0.0%) 
occluder polygons        0/0               0/0        ( 0.0%) 
occluder vert ind        0/0               0/0        ( 0.0%) 
detail props          [variable]           1/12       ( 8.3%) 
static props          [variable]           1/12       ( 8.3%) 
pakfile               [variable]      740930/0        ( 0.0%) 
physics               [variable]      145338/4194304  ( 3.5%) 
physics terrain       [variable]           2/1048576  ( 0.0%) 

Level flags = 0

Total triangle count: 6089
Writing c:\program files (x86)\steam\steamapps\sourcemods\who\maps\hostel.bsp
5 seconds elapsed



materialPath: C:\Program Files (x86)\Steam\steamapps\sourcemods\whohl2mod\materials
Loading c:\program files (x86)\steam\steamapps\sourcemods\whohl2mod\maps\hostel.vmf
Could not locate 'GameData' key in c:\program files (x86)\steam\steamapps\sourcemods\whohl2mod\gameinfo.txt
fixing up env_cubemap materials on brush sides...
0Brush 325: WARNING, microbrush
Brush 326: WARNING, microbrush
Brush 328: WARNING, microbrush
Brush 329: WARNING, microbrush
...1...2...3...4...5Brush 120: WARNING, microbrush
Brush 57: WARNING, microbrush
Brush 54: WARNING, microbrush
Brush 26: WARNING, microbrush
Brush 22: WARNING, microbrush
Brush 19: WARNING, microbrush
Brush 16: WARNING, microbrush
Brush 427: WARNING, microbrush
Brush 428: WARNING, microbrush
...6...7...8...9...100Brush 325: WARNING, microbrush
Brush 326: WARNING, microbrush
Brush 328: WARNING, microbrush
Brush 329: WARNING, microbrush
...1...2...3...4...5Brush 120: WARNING, microbrush
Brush 57: WARNING, microbrush
Brush 54: WARNING, microbrush
Brush 26: WARNING, microbrush
Brush 22: WARNING, microbrush
Brush 19: WARNING, microbrush
Brush 16: WARNING, microbrush
Brush 427: WARNING, microbrush
Brush 428: WARNING, microbrush
...6...7...8...9...10Processing areas...done (0)
Building Faces...done (0)
FixTjuncs...
PruneNodes...
WriteBSP...
done (0)
writing c:\program files (x86)\steam\steamapps\sourcemods\whohl2mod\maps\hostel.prt...Building visibility clusters...
done (0)
Creating default LDR cubemaps for env_cubemap using skybox materials:
   skybox/sky_day01_01*.vmt
 ! Run buildcubemaps in the engine to get the correct cube maps.
Creating default HDR cubemaps for env_cubemap using skybox materials:
   skybox/sky_day01_01*.vmt
 ! Run buildcubemaps in the engine to get the correct cube maps.
Finding displacement neighbors...
Finding lightmap sample positions...
Displacement Alpha : 0...1...2...3...4...5...6...7...8...9...10
ConVarRef mat_reduceparticles doesn't point to an existing ConVar
Building Physics collision data...
done (0) (145338 bytes)
Placing detail props : 0...1...2...3...4...5...6...7...8...9...10
Compacting texture/material tables...
Reduced 842 texinfos to 565
Reduced 16 texdatas to 15 (424 bytes to 414)
Writing c:\program files (x86)\steam\steamapps\sourcemods\whohl2mod\maps\hostel.bsp
0 seconds elapsed



6 threads
reading c:\program files (x86)\steam\steamapps\sourcemods\whohl2mod\maps\hostel.bsp
reading c:\program files (x86)\steam\steamapps\sourcemods\whohl2mod\maps\hostel.prt
 493 portalclusters
1281 numportals
0...1...2...3...4...5...6...7...8...9...100...1...2...3...4...5...6...7...8...9...10Optimized: 628 visible clusters (0.71%)
Total clusters visible: 88113
Average clusters visible: 178
Building PAS...
Average clusters audible: 461
visdatasize:61825  compressed from 63104
writing c:\program files (x86)\steam\steamapps\sourcemods\whohl2mod\maps\hostel.bsp
0 seconds elapsed



Could not find lights.rad in lights.rad.
Trying VRAD BIN directory instead...
Warning: Couldn't open texlight file C:\Program Files (x86)\Steam\steamapps\common\Source SDK Base 2013 Singleplayer\bin\lights.rad.
Loading c:\program files (x86)\steam\steamapps\sourcemods\whohl2mod\maps\hostel.bsp
2090 faces
9943 square feet [1431873.63 square inches]
0 Displacements
0 Square Feet [0.00 Square Inches]
2090 patches before subdivision
36686 patches after subdivision
25 direct lights
0...1...2...3...4...5...6...7...8...9...100...1...2...3...4...5...6...7...8...9...10transfers 12223366, max 1128
transfer lists:  93.3 megs
0...1...2...3...4...5...6...7...8...9...10	Bounce #1 added RGB(445891, 190778, 45419)
0...1...2...3...4...5...6...7...8...9...10	Bounce #2 added RGB(230649, 78310, 16440)
0...1...2...3...4...5...6...7...8...9...10	Bounce #3 added RGB(113310, 30088, 5662)
0...1...2...3...4...5...6...7...8...9...10	Bounce #4 added RGB(57228, 11905, 1995)
0...1...2...3...4...5...6...7...8...9...10	Bounce #5 added RGB(28661, 4703, 707)
0...1...2...3...4...5...6...7...8...9...10	Bounce #6 added RGB(14480, 1872, 253)
0...1...2...3...4...5...6...7...8...9...10	Bounce #7 added RGB(7306, 747, 91)
0...1...2...3...4...5...6...7...8...9...10	Bounce #8 added RGB(3697, 299, 33)
0...1...2...3...4...5...6...7...8...9...10	Bounce #9 added RGB(1871, 120, 12)
0...1...2...3...4...5...6...7...8...9...10	Bounce #10 added RGB(948, 48, 4)
0...1...2...3...4...5...6...7...8...9...10	Bounce #11 added RGB(480, 19, 2)
0...1...2...3...4...5...6...7...8...9...10	Bounce #12 added RGB(243, 8, 1)
0...1...2...3...4...5...6...7...8...9...10	Bounce #13 added RGB(123, 3, 0)
0...1...2...3...4...5...6...7...8...9...10	Bounce #14 added RGB(63, 1, 0)
0...1...2...3...4...5...6...7...8...9...10	Bounce #15 added RGB(32, 1, 0)
0...1...2...3...4...5...6...7...8...9...10	Bounce #16 added RGB(16, 0, 0)
0...1...2...3...4...5...6...7...8...9...10	Bounce #17 added RGB(8, 0, 0)
0...1...2...3...4...5...6...7...8...9...10	Bounce #18 added RGB(4, 0, 0)
0...1...2...3...4...5...6...7...8...9...10	Bounce #19 added RGB(2, 0, 0)
0...1...2...3...4...5...6...7...8...9...10	Bounce #20 added RGB(1, 0, 0)
0...1...2...3...4...5...6...7...8...9...10	Bounce #21 added RGB(1, 0, 0)
Build Patch/Sample Hash Table(s).....Done<0.0055 sec>
0...1...2...3...4...5...6...7...8...9...10FinalLightFace Done
0 of 0 (0% of) surface lights went in leaf ambient cubes.
0...1...2...3...4...5...6...7...8...9...10Writing leaf ambient...done
Ready to Finish

Object names       Objects/Maxobjs  Memory / Maxmem  Fullness 
------------       ---------------  ---------------  -------- 
models                   4/1024          192/49152    ( 0.4%) 
brushes                437/8192         5244/98304    ( 5.3%) 
brushsides            2741/65536       21928/524288   ( 4.2%) 
planes                 990/65536       19800/1310720  ( 1.5%) 
vertexes              4018/65536       48216/786432   ( 6.1%) 
nodes                 1157/65536       37024/2097152  ( 1.8%) 
texinfos               565/12288       40680/884736   ( 4.6%) 
texdata                 15/2048          480/65536    ( 0.7%) 
dispinfos                0/0               0/0        ( 0.0%) 
disp_verts               0/0               0/0        ( 0.0%) 
disp_tris                0/0               0/0        ( 0.0%) 
disp_lmsamples           0/0               0/0        ( 0.0%) 
faces                 2090/65536      117040/3670016  ( 3.2%) 
hdr faces                0/65536           0/3670016  ( 0.0%) 
origfaces             1300/65536       72800/3670016  ( 2.0%) 
leaves                1162/65536       37184/2097152  ( 1.8%) 
leaffaces             2557/65536        5114/131072   ( 3.9%) 
leafbrushes            916/65536        1832/131072   ( 1.4%) 
areas                    2/256            16/2048     ( 0.8%) 
surfedges            15439/512000      61756/2048000  ( 3.0%) 
edges                 8802/256000      35208/1024000  ( 3.4%) 
LDR worldlights         25/8192         2200/720896   ( 0.3%) 
HDR worldlights          0/8192            0/720896   ( 0.0%) 
leafwaterdata            0/32768           0/393216   ( 0.0%) 
waterstrips            242/32768        2420/327680   ( 0.7%) 
waterverts               0/65536           0/786432   ( 0.0%) 
waterindices          3837/65536        7674/131072   ( 5.9%) 
cubemapsamples           6/1024           96/16384    ( 0.6%) 
overlays                 9/512          3168/180224   ( 1.8%) 
LDR lightdata         [variable]     3755072/0        ( 0.0%) 
HDR lightdata         [variable]           0/0        ( 0.0%) 
visdata               [variable]       61825/16777216 ( 0.4%) 
entdata               [variable]       33153/393216   ( 8.4%) 
LDR ambient table     1162/65536        4648/262144   ( 1.8%) 
HDR ambient table     1162/65536        4648/262144   ( 1.8%) 
LDR leaf ambient       767/65536       21476/1835008  ( 1.2%) 
HDR leaf ambient      1162/65536       32536/1835008  ( 1.8%) 
occluders                0/0               0/0        ( 0.0%) 
occluder polygons        0/0               0/0        ( 0.0%) 
occluder vert ind        0/0               0/0        ( 0.0%) 
detail props          [variable]           1/12       ( 8.3%) 
static props          [variable]           1/12       ( 8.3%) 
pakfile               [variable]      740930/0        ( 0.0%) 
physics               [variable]      145338/4194304  ( 3.5%) 
physics terrain       [variable]           2/1048576  ( 0.0%) 

Level flags = 0

Total triangle count: 6089
Writing c:\program files (x86)\steam\steamapps\sourcemods\whohl2mod\maps\hostel.bsp
4 seconds elapsed



materialPath: C:\Program Files (x86)\Steam\steamapps\sourcemods\whohl2mod\materials
Loading c:\program files (x86)\steam\steamapps\sourcemods\whohl2mod\maps\hostel.vmf
Could not locate 'GameData' key in c:\program files (x86)\steam\steamapps\sourcemods\whohl2mod\gameinfo.txt
fixing up env_cubemap materials on brush sides...
0Brush 325: WARNING, microbrush
Brush 326: WARNING, microbrush
Brush 328: WARNING, microbrush
Brush 329: WARNING, microbrush
...1...2...3...4...5Brush 120: WARNING, microbrush
Brush 57: WARNING, microbrush
Brush 54: WARNING, microbrush
Brush 26: WARNING, microbrush
Brush 22: WARNING, microbrush
Brush 19: WARNING, microbrush
Brush 16: WARNING, microbrush
Brush 427: WARNING, microbrush
Brush 428: WARNING, microbrush
...6...7...8...9...100Brush 325: WARNING, microbrush
Brush 326: WARNING, microbrush
Brush 328: WARNING, microbrush
Brush 329: WARNING, microbrush
...1...2...3...4...5Brush 120: WARNING, microbrush
Brush 57: WARNING, microbrush
Brush 54: WARNING, microbrush
Brush 26: WARNING, microbrush
Brush 22: WARNING, microbrush
Brush 19: WARNING, microbrush
Brush 16: WARNING, microbrush
Brush 427: WARNING, microbrush
Brush 428: WARNING, microbrush
...6...7...8...9...10Processing areas...done (0)
Building Faces...done (0)
FixTjuncs...
PruneNodes...
WriteBSP...
done (0)
writing c:\program files (x86)\steam\steamapps\sourcemods\whohl2mod\maps\hostel.prt...Building visibility clusters...
done (0)
Creating default LDR cubemaps for env_cubemap using skybox materials:
   skybox/sky_day01_01*.vmt
 ! Run buildcubemaps in the engine to get the correct cube maps.
Creating default HDR cubemaps for env_cubemap using skybox materials:
   skybox/sky_day01_01*.vmt
 ! Run buildcubemaps in the engine to get the correct cube maps.
Finding displacement neighbors...
Finding lightmap sample positions...
Displacement Alpha : 0...1...2...3...4...5...6...7...8...9...10
ConVarRef mat_reduceparticles doesn't point to an existing ConVar
Building Physics collision data...
done (0) (145730 bytes)
Placing detail props : 0...1...2...3...4...5...6...7...8...9...10
Compacting texture/material tables...
Reduced 849 texinfos to 568
Reduced 16 texdatas to 15 (424 bytes to 414)
Writing c:\program files (x86)\steam\steamapps\sourcemods\whohl2mod\maps\hostel.bsp
0 seconds elapsed



6 threads
reading c:\program files (x86)\steam\steamapps\sourcemods\whohl2mod\maps\hostel.bsp
reading c:\program files (x86)\steam\steamapps\sourcemods\whohl2mod\maps\hostel.prt
 497 portalclusters
1290 numportals
0...1...2...3...4...5...6...7...8...9...100...1...2...3...4...5...6...7...8...9...10Optimized: 639 visible clusters (0.72%)
Total clusters visible: 88910
Average clusters visible: 178
Building PAS...
Average clusters audible: 465
visdatasize:63044  compressed from 63616
writing c:\program files (x86)\steam\steamapps\sourcemods\whohl2mod\maps\hostel.bsp
0 seconds elapsed



Could not find lights.rad in lights.rad.
Trying VRAD BIN directory instead...
Warning: Couldn't open texlight file C:\Program Files (x86)\Steam\steamapps\common\Source SDK Base 2013 Singleplayer\bin\lights.rad.
Loading c:\program files (x86)\steam\steamapps\sourcemods\whohl2mod\maps\hostel.bsp
2102 faces
9945 square feet [1432134.63 square inches]
0 Displacements
0 Square Feet [0.00 Square Inches]
2102 patches before subdivision
36750 patches after subdivision
25 direct lights
0...1...2...3...4...5...6...7...8...9...100...1...2...3...4...5...6...7...8...9...10transfers 12247406, max 1128
transfer lists:  93.4 megs
0...1...2...3...4...5...6...7...8...9...10	Bounce #1 added RGB(448096, 192123, 45787)
0...1...2...3...4...5...6...7...8...9...10	Bounce #2 added RGB(233156, 79452, 16705)
0...1...2...3...4...5...6...7...8...9...10	Bounce #3 added RGB(114862, 30626, 5771)
0...1...2...3...4...5...6...7...8...9...10	Bounce #4 added RGB(58178, 12160, 2041)
0...1...2...3...4...5...6...7...8...9...10	Bounce #5 added RGB(29216, 4819, 726)
0...1...2...3...4...5...6...7...8...9...10	Bounce #6 added RGB(14800, 1924, 260)
0...1...2...3...4...5...6...7...8...9...10	Bounce #7 added RGB(7487, 770, 94)
0...1...2...3...4...5...6...7...8...9...10	Bounce #8 added RGB(3798, 309, 34)
0...1...2...3...4...5...6...7...8...9...10	Bounce #9 added RGB(1927, 124, 12)
0...1...2...3...4...5...6...7...8...9...10	Bounce #10 added RGB(979, 50, 4)
0...1...2...3...4...5...6...7...8...9...10	Bounce #11 added RGB(497, 20, 2)
0...1...2...3...4...5...6...7...8...9...10	Bounce #12 added RGB(253, 8, 1)
0...1...2...3...4...5...6...7...8...9...10	Bounce #13 added RGB(128, 3, 0)
0...1...2...3...4...5...6...7...8...9...10	Bounce #14 added RGB(65, 1, 0)
0...1...2...3...4...5...6...7...8...9...10	Bounce #15 added RGB(33, 1, 0)
0...1...2...3...4...5...6...7...8...9...10	Bounce #16 added RGB(17, 0, 0)
0...1...2...3...4...5...6...7...8...9...10	Bounce #17 added RGB(9, 0, 0)
0...1...2...3...4...5...6...7...8...9...10	Bounce #18 added RGB(4, 0, 0)
0...1...2...3...4...5...6...7...8...9...10	Bounce #19 added RGB(2, 0, 0)
0...1...2...3...4...5...6...7...8...9...10	Bounce #20 added RGB(1, 0, 0)
0...1...2...3...4...5...6...7...8...9...10	Bounce #21 added RGB(1, 0, 0)
Build Patch/Sample Hash Table(s).....Done<0.0037 sec>
0...1...2...3...4...5...6...7...8...9...10FinalLightFace Done
0 of 0 (0% of) surface lights went in leaf ambient cubes.
0...1...2...3...4...5...6...7...8...9...10Writing leaf ambient...done
Ready to Finish

Object names       Objects/Maxobjs  Memory / Maxmem  Fullness 
------------       ---------------  ---------------  -------- 
models                   4/1024          192/49152    ( 0.4%) 
brushes                438/8192         5256/98304    ( 5.3%) 
brushsides            2747/65536       21976/524288   ( 4.2%) 
planes                 994/65536       19880/1310720  ( 1.5%) 
vertexes              4036/65536       48432/786432   ( 6.2%) 
nodes                 1163/65536       37216/2097152  ( 1.8%) 
texinfos               568/12288       40896/884736   ( 4.6%) 
texdata                 15/2048          480/65536    ( 0.7%) 
dispinfos                0/0               0/0        ( 0.0%) 
disp_verts               0/0               0/0        ( 0.0%) 
disp_tris                0/0               0/0        ( 0.0%) 
disp_lmsamples           0/0               0/0        ( 0.0%) 
faces                 2102/65536      117712/3670016  ( 3.2%) 
hdr faces                0/65536           0/3670016  ( 0.0%) 
origfaces             1305/65536       73080/3670016  ( 2.0%) 
leaves                1168/65536       37376/2097152  ( 1.8%) 
leaffaces             2577/65536        5154/131072   ( 3.9%) 
leafbrushes            919/65536        1838/131072   ( 1.4%) 
areas                    2/256            16/2048     ( 0.8%) 
surfedges            15519/512000      62076/2048000  ( 3.0%) 
edges                 8844/256000      35376/1024000  ( 3.5%) 
LDR worldlights         25/8192         2200/720896   ( 0.3%) 
HDR worldlights          0/8192            0/720896   ( 0.0%) 
leafwaterdata            0/32768           0/393216   ( 0.0%) 
waterstrips            245/32768        2450/327680   ( 0.7%) 
waterverts               0/65536           0/786432   ( 0.0%) 
waterindices          3885/65536        7770/131072   ( 5.9%) 
cubemapsamples           6/1024           96/16384    ( 0.6%) 
overlays                 9/512          3168/180224   ( 1.8%) 
LDR lightdata         [variable]     3762800/0        ( 0.0%) 
HDR lightdata         [variable]           0/0        ( 0.0%) 
visdata               [variable]       63044/16777216 ( 0.4%) 
entdata               [variable]       33153/393216   ( 8.4%) 
LDR ambient table     1168/65536        4672/262144   ( 1.8%) 
HDR ambient table     1168/65536        4672/262144   ( 1.8%) 
LDR leaf ambient       771/65536       21588/1835008  ( 1.2%) 
HDR leaf ambient      1168/65536       32704/1835008  ( 1.8%) 
occluders                0/0               0/0        ( 0.0%) 
occluder polygons        0/0               0/0        ( 0.0%) 
occluder vert ind        0/0               0/0        ( 0.0%) 
detail props          [variable]           1/12       ( 8.3%) 
static props          [variable]           1/12       ( 8.3%) 
pakfile               [variable]      740930/0        ( 0.0%) 
physics               [variable]      145730/4194304  ( 3.5%) 
physics terrain       [variable]           2/1048576  ( 0.0%) 

Level flags = 0

Total triangle count: 6125
Writing c:\program files (x86)\steam\steamapps\sourcemods\whohl2mod\maps\hostel.bsp
4 seconds elapsed



Could not find lights.rad in lights.rad.
Trying VRAD BIN directory instead...
Warning: Couldn't open texlight file C:\Program Files (x86)\Steam\steamapps\common\Source SDK Base 2013 Singleplayer\bin\lights.rad.
Loading c:\program files (x86)\steam\steamapps\sourcemods\whohl2mod\maps\hostel.bsp
2102 faces
9945 square feet [1432134.63 square inches]
0 Displacements
0 Square Feet [0.00 Square Inches]
2102 patches before subdivision
36750 patches after subdivision
25 direct lights
0...1...2...3...4...5...6...7...8...9...100...1...2...3...4...5...6...7...8...9...10transfers 12247406, max 1128
transfer lists:  93.4 megs
0...1...2...3...4...5...6...7...8...9...10	Bounce #1 added RGB(448096, 192123, 45787)
0...1...2...3...4...5...6...7...8...9...10	Bounce #2 added RGB(233156, 79452, 16705)
0...1...2...3...4...5...6...7...8...9...10	Bounce #3 added RGB(114862, 30626, 5771)
0...1...2...3...4...5...6...7...8...9...10	Bounce #4 added RGB(58178, 12160, 2041)
0...1...2...3...4...5...6...7...8...9...10	Bounce #5 added RGB(29216, 4819, 726)
0...1...2...3...4...5...6...7...8...9...10	Bounce #6 added RGB(14800, 1924, 260)
0...1...2...3...4...5...6...7...8...9...10	Bounce #7 added RGB(7487, 770, 94)
0...1...2...3...4...5...6...7...8...9...10	Bounce #8 added RGB(3798, 309, 34)
0...1...2...3...4...5...6...7...8...9...10	Bounce #9 added RGB(1927, 124, 12)
0...1...2...3...4...5...6...7...8...9...10	Bounce #10 added RGB(979, 50, 4)
0...1...2...3...4...5...6...7...8...9...10	Bounce #11 added RGB(497, 20, 2)
0...1...2...3...4...5...6...7...8...9...10	Bounce #12 added RGB(253, 8, 1)
0...1...2...3...4...5...6...7...8...9...10	Bounce #13 added RGB(128, 3, 0)
0...1...2...3...4...5...6...7...8...9...10	Bounce #14 added RGB(65, 1, 0)
0...1...2...3...4...5...6...7...8...9...10	Bounce #15 added RGB(33, 1, 0)
0...1...2...3...4...5...6...7...8...9...10	Bounce #16 added RGB(17, 0, 0)
0...1...2...3...4...5...6...7...8...9...10	Bounce #17 added RGB(9, 0, 0)
0...1...2...3...4...5...6...7...8...9...10	Bounce #18 added RGB(4, 0, 0)
0...1...2...3...4...5...6...7...8...9...10	Bounce #19 added RGB(2, 0, 0)
0...1...2...3...4...5...6...7...8...9...10	Bounce #20 added RGB(1, 0, 0)
0...1...2...3...4...5...6...7...8...9...10	Bounce #21 added RGB(1, 0, 0)
Build Patch/Sample Hash Table(s).....Done<0.0038 sec>
0...1...2...3...4...5...6...7...8...9...10FinalLightFace Done
0 of 0 (0% of) surface lights went in leaf ambient cubes.
0...1...2...3...4...5...6...7...8...9...10Writing leaf ambient...done
Ready to Finish

Object names       Objects/Maxobjs  Memory / Maxmem  Fullness 
------------       ---------------  ---------------  -------- 
models                   4/1024          192/49152    ( 0.4%) 
brushes                438/8192         5256/98304    ( 5.3%) 
brushsides            2747/65536       21976/524288   ( 4.2%) 
planes                 994/65536       19880/1310720  ( 1.5%) 
vertexes              4036/65536       48432/786432   ( 6.2%) 
nodes                 1163/65536       37216/2097152  ( 1.8%) 
texinfos               568/12288       40896/884736   ( 4.6%) 
texdata                 15/2048          480/65536    ( 0.7%) 
dispinfos                0/0               0/0        ( 0.0%) 
disp_verts               0/0               0/0        ( 0.0%) 
disp_tris                0/0               0/0        ( 0.0%) 
disp_lmsamples           0/0               0/0        ( 0.0%) 
faces                 2102/65536      117712/3670016  ( 3.2%) 
hdr faces             2102/65536      117712/3670016  ( 3.2%) 
origfaces             1305/65536       73080/3670016  ( 2.0%) 
leaves                1168/65536       37376/2097152  ( 1.8%) 
leaffaces             2577/65536        5154/131072   ( 3.9%) 
leafbrushes            919/65536        1838/131072   ( 1.4%) 
areas                    2/256            16/2048     ( 0.8%) 
surfedges            15519/512000      62076/2048000  ( 3.0%) 
edges                 8844/256000      35376/1024000  ( 3.5%) 
LDR worldlights         25/8192         2200/720896   ( 0.3%) 
HDR worldlights         25/8192         2200/720896   ( 0.3%) 
leafwaterdata            0/32768           0/393216   ( 0.0%) 
waterstrips            245/32768        2450/327680   ( 0.7%) 
waterverts               0/65536           0/786432   ( 0.0%) 
waterindices          3885/65536        7770/131072   ( 5.9%) 
cubemapsamples           6/1024           96/16384    ( 0.6%) 
overlays                 9/512          3168/180224   ( 1.8%) 
LDR lightdata         [variable]     3762800/0        ( 0.0%) 
HDR lightdata         [variable]     3762800/0        ( 0.0%) 
visdata               [variable]       63044/16777216 ( 0.4%) 
entdata               [variable]       33153/393216   ( 8.4%) 
LDR ambient table     1168/65536        4672/262144   ( 1.8%) 
HDR ambient table     1168/65536        4672/262144   ( 1.8%) 
LDR leaf ambient       771/65536       21588/1835008  ( 1.2%) 
HDR leaf ambient       771/65536       21588/1835008  ( 1.2%) 
occluders                0/0               0/0        ( 0.0%) 
occluder polygons        0/0               0/0        ( 0.0%) 
occluder vert ind        0/0               0/0        ( 0.0%) 
detail props          [variable]           1/12       ( 8.3%) 
static props          [variable]           1/12       ( 8.3%) 
pakfile               [variable]      740930/0        ( 0.0%) 
physics               [variable]      145730/4194304  ( 3.5%) 
physics terrain       [variable]           2/1048576  ( 0.0%) 

Level flags = 0

Total triangle count: 6125
Writing c:\program files (x86)\steam\steamapps\sourcemods\whohl2mod\maps\hostel.bsp
4 seconds elapsed



materialPath: C:\Program Files (x86)\Steam\steamapps\sourcemods\who\materials
Loading c:\program files (x86)\steam\steamapps\sourcemods\who\maps\hostel.vmf
Could not locate 'GameData' key in c:\program files (x86)\steam\steamapps\sourcemods\who\gameinfo.txt
fixing up env_cubemap materials on brush sides...
0Brush 325: WARNING, microbrush
Brush 326: WARNING, microbrush
Brush 328: WARNING, microbrush
Brush 329: WARNING, microbrush
...1...2...3...4...5Brush 120: WARNING, microbrush
Brush 57: WARNING, microbrush
Brush 54: WARNING, microbrush
Brush 26: WARNING, microbrush
Brush 22: WARNING, microbrush
Brush 19: WARNING, microbrush
Brush 16: WARNING, microbrush
Brush 427: WARNING, microbrush
Brush 428: WARNING, microbrush
...6...7...8...9...100Brush 325: WARNING, microbrush
Brush 326: WARNING, microbrush
Brush 328: WARNING, microbrush
Brush 329: WARNING, microbrush
...1...2...3...4...5Brush 120: WARNING, microbrush
Brush 57: WARNING, microbrush
Brush 54: WARNING, microbrush
Brush 26: WARNING, microbrush
Brush 22: WARNING, microbrush
Brush 19: WARNING, microbrush
Brush 16: WARNING, microbrush
Brush 427: WARNING, microbrush
Brush 428: WARNING, microbrush
...6...7...8...9...10Processing areas...done (0)
Building Faces...done (0)
FixTjuncs...
PruneNodes...
WriteBSP...
done (0)
writing c:\program files (x86)\steam\steamapps\sourcemods\who\maps\hostel.prt...Building visibility clusters...
done (0)
Finding displacement neighbors...
Finding lightmap sample positions...
Displacement Alpha : 0...1...2...3...4...5...6...7...8...9...10
ConVarRef mat_reduceparticles doesn't point to an existing ConVar
Building Physics collision data...
done (0) (145730 bytes)
Placing detail props : 0...1...2...3...4...5...6...7...8...9...10
Compacting texture/material tables...
Reduced 849 texinfos to 568
Reduced 16 texdatas to 15 (424 bytes to 414)
Writing c:\program files (x86)\steam\steamapps\sourcemods\who\maps\hostel.bsp
0 seconds elapsed



8 threads
reading c:\program files (x86)\steam\steamapps\sourcemods\who\maps\hostel.bsp
reading c:\program files (x86)\steam\steamapps\sourcemods\who\maps\hostel.prt
 497 portalclusters
1290 numportals
0...1...2...3...4...5...6...7...8...9...100...1...2...3...4...5...6...7...8...9...10Optimized: 641 visible clusters (0.72%)
Total clusters visible: 88912
Average clusters visible: 178
Building PAS...
Average clusters audible: 465
visdatasize:63044  compressed from 63616
writing c:\program files (x86)\steam\steamapps\sourcemods\who\maps\hostel.bsp
0 seconds elapsed



Could not find lights.rad in lights.rad.
Trying VRAD BIN directory instead...
Warning: Couldn't open texlight file C:\Program Files (x86)\Steam\steamapps\common\source sdk base 2013 singleplayer\bin\lights.rad.
Loading c:\program files (x86)\steam\steamapps\sourcemods\who\maps\hostel.bsp
2102 faces
9945 square feet [1432134.63 square inches]
0 Displacements
0 Square Feet [0.00 Square Inches]
2102 patches before subdivision
36750 patches after subdivision
25 direct lights
0...1...2...3...4...5...6...7...8...9...100...1...2...3...4...5...6...7...8...9...10transfers 12247406, max 1128
transfer lists:  93.4 megs
0...1...2...3...4...5...6...7...8...9...10	Bounce #1 added RGB(448096, 192123, 45787)
0...1...2...3...4...5...6...7...8...9...10	Bounce #2 added RGB(233156, 79452, 16705)
0...1...2...3...4...5...6...7...8...9...10	Bounce #3 added RGB(114862, 30626, 5771)
0...1...2...3...4...5...6...7...8...9...10	Bounce #4 added RGB(58178, 12160, 2041)
0...1...2...3...4...5...6...7...8...9...10	Bounce #5 added RGB(29216, 4819, 726)
0...1...2...3...4...5...6...7...8...9...10	Bounce #6 added RGB(14800, 1924, 260)
0...1...2...3...4...5...6...7...8...9...10	Bounce #7 added RGB(7487, 770, 94)
0...1...2...3...4...5...6...7...8...9...10	Bounce #8 added RGB(3798, 309, 34)
0...1...2...3...4...5...6...7...8...9...10	Bounce #9 added RGB(1927, 124, 12)
0...1...2...3...4...5...6...7...8...9...10	Bounce #10 added RGB(979, 50, 4)
0...1...2...3...4...5...6...7...8...9...10	Bounce #11 added RGB(497, 20, 2)
0...1...2...3...4...5...6...7...8...9...10	Bounce #12 added RGB(253, 8, 1)
0...1...2...3...4...5...6...7...8...9...10	Bounce #13 added RGB(128, 3, 0)
0...1...2...3...4...5...6...7...8...9...10	Bounce #14 added RGB(65, 1, 0)
0...1...2...3...4...5...6...7...8...9...10	Bounce #15 added RGB(33, 1, 0)
0...1...2...3...4...5...6...7...8...9...10	Bounce #16 added RGB(17, 0, 0)
0...1...2...3...4...5...6...7...8...9...10	Bounce #17 added RGB(9, 0, 0)
0...1...2...3...4...5...6...7...8...9...10	Bounce #18 added RGB(4, 0, 0)
0...1...2...3...4...5...6...7...8...9...10	Bounce #19 added RGB(2, 0, 0)
0...1...2...3...4...5...6...7...8...9...10	Bounce #20 added RGB(1, 0, 0)
0...1...2...3...4...5...6...7...8...9...10	Bounce #21 added RGB(1, 0, 0)
Build Patch/Sample Hash Table(s).....Done<0.0075 sec>
0...1...2...3...4...5...6...7...8...9...10FinalLightFace Done
0 of 0 (0% of) surface lights went in leaf ambient cubes.
0...1...2...3...4...5...6...7...8...9...10Writing leaf ambient...done
Ready to Finish

Object names       Objects/Maxobjs  Memory / Maxmem  Fullness 
------------       ---------------  ---------------  -------- 
models                   4/1024          192/49152    ( 0.4%) 
brushes                438/8192         5256/98304    ( 5.3%) 
brushsides            2747/65536       21976/524288   ( 4.2%) 
planes                 994/65536       19880/1310720  ( 1.5%) 
vertexes              4036/65536       48432/786432   ( 6.2%) 
nodes                 1163/65536       37216/2097152  ( 1.8%) 
texinfos               568/12288       40896/884736   ( 4.6%) 
texdata                 15/2048          480/65536    ( 0.7%) 
dispinfos                0/0               0/0        ( 0.0%) 
disp_verts               0/0               0/0        ( 0.0%) 
disp_tris                0/0               0/0        ( 0.0%) 
disp_lmsamples           0/0               0/0        ( 0.0%) 
faces                 2102/65536      117712/3670016  ( 3.2%) 
hdr faces                0/65536           0/3670016  ( 0.0%) 
origfaces             1305/65536       73080/3670016  ( 2.0%) 
leaves                1168/65536       37376/2097152  ( 1.8%) 
leaffaces             2577/65536        5154/131072   ( 3.9%) 
leafbrushes            919/65536        1838/131072   ( 1.4%) 
areas                    2/256            16/2048     ( 0.8%) 
surfedges            15519/512000      62076/2048000  ( 3.0%) 
edges                 8844/256000      35376/1024000  ( 3.5%) 
LDR worldlights         25/8192         2200/720896   ( 0.3%) 
HDR worldlights          0/8192            0/720896   ( 0.0%) 
leafwaterdata            0/32768           0/393216   ( 0.0%) 
waterstrips            245/32768        2450/327680   ( 0.7%) 
waterverts               0/65536           0/786432   ( 0.0%) 
waterindices          3885/65536        7770/131072   ( 5.9%) 
cubemapsamples           6/1024           96/16384    ( 0.6%) 
overlays                 9/512          3168/180224   ( 1.8%) 
LDR lightdata         [variable]     3762800/0        ( 0.0%) 
HDR lightdata         [variable]           0/0        ( 0.0%) 
visdata               [variable]       63044/16777216 ( 0.4%) 
entdata               [variable]       33153/393216   ( 8.4%) 
LDR ambient table     1168/65536        4672/262144   ( 1.8%) 
HDR ambient table     1168/65536        4672/262144   ( 1.8%) 
LDR leaf ambient       771/65536       21588/1835008  ( 1.2%) 
HDR leaf ambient      1168/65536       32704/1835008  ( 1.8%) 
occluders                0/0               0/0        ( 0.0%) 
occluder polygons        0/0               0/0        ( 0.0%) 
occluder vert ind        0/0               0/0        ( 0.0%) 
detail props          [variable]           1/12       ( 8.3%) 
static props          [variable]           1/12       ( 8.3%) 
pakfile               [variable]        1767/0        ( 0.0%) 
physics               [variable]      145730/4194304  ( 3.5%) 
physics terrain       [variable]           2/1048576  ( 0.0%) 

Level flags = 0

Total triangle count: 6125
Writing c:\program files (x86)\steam\steamapps\sourcemods\who\maps\hostel.bsp
5 seconds elapsed



Could not find lights.rad in lights.rad.
Trying VRAD BIN directory instead...
Warning: Couldn't open texlight file C:\Program Files (x86)\Steam\steamapps\common\source sdk base 2013 singleplayer\bin\lights.rad.
Loading c:\program files (x86)\steam\steamapps\sourcemods\who\maps\hostel.bsp
2102 faces
9945 square feet [1432134.63 square inches]
0 Displacements
0 Square Feet [0.00 Square Inches]
2102 patches before subdivision
36750 patches after subdivision
25 direct lights
0...1...2...3...4...5...6...7...8...9...100...1...2...3...4...5...6...7...8...9...10transfers 12247406, max 1128
transfer lists:  93.4 megs
0...1...2...3...4...5...6...7...8...9...10	Bounce #1 added RGB(448096, 192123, 45787)
0...1...2...3...4...5...6...7...8...9...10	Bounce #2 added RGB(233156, 79452, 16705)
0...1...2...3...4...5...6...7...8...9...10	Bounce #3 added RGB(114862, 30626, 5771)
0...1...2...3...4...5...6...7...8...9...10	Bounce #4 added RGB(58178, 12160, 2041)
0...1...2...3...4...5...6...7...8...9...10	Bounce #5 added RGB(29216, 4819, 726)
0...1...2...3...4...5...6...7...8...9...10	Bounce #6 added RGB(14800, 1924, 260)
0...1...2...3...4...5...6...7...8...9...10	Bounce #7 added RGB(7487, 770, 94)
0...1...2...3...4...5...6...7...8...9...10	Bounce #8 added RGB(3798, 309, 34)
0...1...2...3...4...5...6...7...8...9...10	Bounce #9 added RGB(1927, 124, 12)
0...1...2...3...4...5...6...7...8...9...10	Bounce #10 added RGB(979, 50, 4)
0...1...2...3...4...5...6...7...8...9...10	Bounce #11 added RGB(497, 20, 2)
0...1...2...3...4...5...6...7...8...9...10	Bounce #12 added RGB(253, 8, 1)
0...1...2...3...4...5...6...7...8...9...10	Bounce #13 added RGB(128, 3, 0)
0...1...2...3...4...5...6...7...8...9...10	Bounce #14 added RGB(65, 1, 0)
0...1...2...3...4...5...6...7...8...9...10	Bounce #15 added RGB(33, 1, 0)
0...1...2...3...4...5...6...7...8...9...10	Bounce #16 added RGB(17, 0, 0)
0...1...2...3...4...5...6...7...8...9...10	Bounce #17 added RGB(9, 0, 0)
0...1...2...3...4...5...6...7...8...9...10	Bounce #18 added RGB(4, 0, 0)
0...1...2...3...4...5...6...7...8...9...10	Bounce #19 added RGB(2, 0, 0)
0...1...2...3...4...5...6...7...8...9...10	Bounce #20 added RGB(1, 0, 0)
0...1...2...3...4...5...6...7...8...9...10	Bounce #21 added RGB(1, 0, 0)
Build Patch/Sample Hash Table(s).....Done<0.0081 sec>
0...1...2...3...4...5...6...7...8...9...10FinalLightFace Done
0 of 0 (0% of) surface lights went in leaf ambient cubes.
0...1...2...3...4...5...6...7...8...9...10Writing leaf ambient...done
Ready to Finish

Object names       Objects/Maxobjs  Memory / Maxmem  Fullness 
------------       ---------------  ---------------  -------- 
models                   4/1024          192/49152    ( 0.4%) 
brushes                438/8192         5256/98304    ( 5.3%) 
brushsides            2747/65536       21976/524288   ( 4.2%) 
planes                 994/65536       19880/1310720  ( 1.5%) 
vertexes              4036/65536       48432/786432   ( 6.2%) 
nodes                 1163/65536       37216/2097152  ( 1.8%) 
texinfos               568/12288       40896/884736   ( 4.6%) 
texdata                 15/2048          480/65536    ( 0.7%) 
dispinfos                0/0               0/0        ( 0.0%) 
disp_verts               0/0               0/0        ( 0.0%) 
disp_tris                0/0               0/0        ( 0.0%) 
disp_lmsamples           0/0               0/0        ( 0.0%) 
faces                 2102/65536      117712/3670016  ( 3.2%) 
hdr faces             2102/65536      117712/3670016  ( 3.2%) 
origfaces             1305/65536       73080/3670016  ( 2.0%) 
leaves                1168/65536       37376/2097152  ( 1.8%) 
leaffaces             2577/65536        5154/131072   ( 3.9%) 
leafbrushes            919/65536        1838/131072   ( 1.4%) 
areas                    2/256            16/2048     ( 0.8%) 
surfedges            15519/512000      62076/2048000  ( 3.0%) 
edges                 8844/256000      35376/1024000  ( 3.5%) 
LDR worldlights         25/8192         2200/720896   ( 0.3%) 
HDR worldlights         25/8192         2200/720896   ( 0.3%) 
leafwaterdata            0/32768           0/393216   ( 0.0%) 
waterstrips            245/32768        2450/327680   ( 0.7%) 
waterverts               0/65536           0/786432   ( 0.0%) 
waterindices          3885/65536        7770/131072   ( 5.9%) 
cubemapsamples           6/1024           96/16384    ( 0.6%) 
overlays                 9/512          3168/180224   ( 1.8%) 
LDR lightdata         [variable]     3762800/0        ( 0.0%) 
HDR lightdata         [variable]     3762800/0        ( 0.0%) 
visdata               [variable]       63044/16777216 ( 0.4%) 
entdata               [variable]       33153/393216   ( 8.4%) 
LDR ambient table     1168/65536        4672/262144   ( 1.8%) 
HDR ambient table     1168/65536        4672/262144   ( 1.8%) 
LDR leaf ambient       771/65536       21588/1835008  ( 1.2%) 
HDR leaf ambient       771/65536       21588/1835008  ( 1.2%) 
occluders                0/0               0/0        ( 0.0%) 
occluder polygons        0/0               0/0        ( 0.0%) 
occluder vert ind        0/0               0/0        ( 0.0%) 
detail props          [variable]           1/12       ( 8.3%) 
static props          [variable]           1/12       ( 8.3%) 
pakfile               [variable]        1767/0        ( 0.0%) 
physics               [variable]      145730/4194304  ( 3.5%) 
physics terrain       [variable]           2/1048576  ( 0.0%) 

Level flags = 0

Total triangle count: 6125
Writing c:\program files (x86)\steam\steamapps\sourcemods\who\maps\hostel.bsp
5 seconds elapsed



materialPath: C:\Program Files (x86)\Steam\steamapps\sourcemods\who\materials
Loading c:\program files (x86)\steam\steamapps\sourcemods\who\maps\hostel.vmf
Could not locate 'GameData' key in c:\program files (x86)\steam\steamapps\sourcemods\who\gameinfo.txt
fixing up env_cubemap materials on brush sides...
0Brush 325: WARNING, microbrush
Brush 326: WARNING, microbrush
Brush 328: WARNING, microbrush
Brush 329: WARNING, microbrush
...1...2...3...4...5Brush 120: WARNING, microbrush
Brush 57: WARNING, microbrush
Brush 54: WARNING, microbrush
Brush 26: WARNING, microbrush
Brush 22: WARNING, microbrush
Brush 19: WARNING, microbrush
Brush 16: WARNING, microbrush
Brush 427: WARNING, microbrush
Brush 428: WARNING, microbrush
...6...7...8...9...100Brush 325: WARNING, microbrush
Brush 326: WARNING, microbrush
Brush 328: WARNING, microbrush
Brush 329: WARNING, microbrush
...1...2...3...4...5Brush 120: WARNING, microbrush
Brush 57: WARNING, microbrush
Brush 54: WARNING, microbrush
Brush 26: WARNING, microbrush
Brush 22: WARNING, microbrush
Brush 19: WARNING, microbrush
Brush 16: WARNING, microbrush
Brush 427: WARNING, microbrush
Brush 428: WARNING, microbrush
...6...7...8...9...10Processing areas...done (0)
Building Faces...done (0)
FixTjuncs...
PruneNodes...
WriteBSP...
done (0)
writing c:\program files (x86)\steam\steamapps\sourcemods\who\maps\hostel.prt...Building visibility clusters...
done (0)
Finding displacement neighbors...
Finding lightmap sample positions...
Displacement Alpha : 0...1...2...3...4...5...6...7...8...9...10
ConVarRef mat_reduceparticles doesn't point to an existing ConVar
Building Physics collision data...
done (0) (145509 bytes)
Placing detail props : 0...1...2...3...4...5...6...7...8...9...10
Compacting texture/material tables...
Reduced 783 texinfos to 558
Reduced 10 texdatas to 10 (233 bytes to 233)
Writing c:\program files (x86)\steam\steamapps\sourcemods\who\maps\hostel.bsp
0 seconds elapsed



8 threads
reading c:\program files (x86)\steam\steamapps\sourcemods\who\maps\hostel.bsp
reading c:\program files (x86)\steam\steamapps\sourcemods\who\maps\hostel.prt
 507 portalclusters
1326 numportals
0...1...2...3...4...5...6...7...8...9...100...1...2...3...4...5...6...7...8...9...10Optimized: 587 visible clusters (0.66%)
Total clusters visible: 89542
Average clusters visible: 176
Building PAS...
Average clusters audible: 471
visdatasize:64271  compressed from 64896
writing c:\program files (x86)\steam\steamapps\sourcemods\who\maps\hostel.bsp
0 seconds elapsed



Could not find lights.rad in lights.rad.
Trying VRAD BIN directory instead...
Warning: Couldn't open texlight file C:\Program Files (x86)\Steam\steamapps\common\source sdk base 2013 singleplayer\bin\lights.rad.
Loading c:\program files (x86)\steam\steamapps\sourcemods\who\maps\hostel.bsp
2171 faces
9927 square feet [1429615.25 square inches]
0 Displacements
0 Square Feet [0.00 Square Inches]
2171 patches before subdivision
zero area child patch
zero area child patch
37723 patches after subdivision
25 direct lights
0...1...2...3...4...5...6...7...8...9...100...1...2...3...4...5...6...7...8...9...10transfers 12590985, max 1167
transfer lists:  96.1 megs
0...1...2...3...4...5...6...7...8...9...10	Bounce #1 added RGB(452836, 193044, 45785)
0...1...2...3...4...5...6...7...8...9...10	Bounce #2 added RGB(231160, 77672, 16140)
0...1...2...3...4...5...6...7...8...9...10	Bounce #3 added RGB(112884, 29552, 5483)
0...1...2...3...4...5...6...7...8...9...10	Bounce #4 added RGB(56673, 11588, 1908)
0...1...2...3...4...5...6...7...8...9...10	Bounce #5 added RGB(28239, 4542, 669)
0...1...2...3...4...5...6...7...8...9...10	Bounce #6 added RGB(14195, 1795, 236)
0...1...2...3...4...5...6...7...8...9...10	Bounce #7 added RGB(7128, 711, 84)
0...1...2...3...4...5...6...7...8...9...10	Bounce #8 added RGB(3590, 283, 30)
0...1...2...3...4...5...6...7...8...9...10	Bounce #9 added RGB(1808, 113, 11)
0...1...2...3...4...5...6...7...8...9...10	Bounce #10 added RGB(912, 45, 4)
0...1...2...3...4...5...6...7...8...9...10	Bounce #11 added RGB(460, 18, 1)
0...1...2...3...4...5...6...7...8...9...10	Bounce #12 added RGB(232, 7, 1)
0...1...2...3...4...5...6...7...8...9...10	Bounce #13 added RGB(117, 3, 0)
0...1...2...3...4...5...6...7...8...9...10	Bounce #14 added RGB(59, 1, 0)
0...1...2...3...4...5...6...7...8...9...10	Bounce #15 added RGB(30, 0, 0)
0...1...2...3...4...5...6...7...8...9...10	Bounce #16 added RGB(15, 0, 0)
0...1...2...3...4...5...6...7...8...9...10	Bounce #17 added RGB(8, 0, 0)
0...1...2...3...4...5...6...7...8...9...10	Bounce #18 added RGB(4, 0, 0)
0...1...2...3...4...5...6...7...8...9...10	Bounce #19 added RGB(2, 0, 0)
0...1...2...3...4...5...6...7...8...9...10	Bounce #20 added RGB(1, 0, 0)
Build Patch/Sample Hash Table(s).....Done<0.0075 sec>
0...1...2...3...4...5...6...7...8...9...10FinalLightFace Done
0 of 0 (0% of) surface lights went in leaf ambient cubes.
0...1...2...3...4...5...6...7...8...9...10Writing leaf ambient...done
Ready to Finish

Object names       Objects/Maxobjs  Memory / Maxmem  Fullness 
------------       ---------------  ---------------  -------- 
models                   2/1024           96/49152    ( 0.2%) 
brushes                438/8192         5256/98304    ( 5.3%) 
brushsides            2747/65536       21976/524288   ( 4.2%) 
planes                1002/65536       20040/1310720  ( 1.5%) 
vertexes              4212/65536       50544/786432   ( 6.4%) 
nodes                 1205/65536       38560/2097152  ( 1.8%) 
texinfos               558/12288       40176/884736   ( 4.5%) 
texdata                 10/2048          320/65536    ( 0.5%) 
dispinfos                0/0               0/0        ( 0.0%) 
disp_verts               0/0               0/0        ( 0.0%) 
disp_tris                0/0               0/0        ( 0.0%) 
disp_lmsamples           0/0               0/0        ( 0.0%) 
faces                 2171/65536      121576/3670016  ( 3.3%) 
hdr faces                0/65536           0/3670016  ( 0.0%) 
origfaces             1303/65536       72968/3670016  ( 2.0%) 
leaves                1208/65536       38656/2097152  ( 1.8%) 
leaffaces             2547/65536        5094/131072   ( 3.9%) 
leafbrushes            969/65536        1938/131072   ( 1.5%) 
areas                    2/256            16/2048     ( 0.8%) 
surfedges            15838/512000      63352/2048000  ( 3.1%) 
edges                 9017/256000      36068/1024000  ( 3.5%) 
LDR worldlights         25/8192         2200/720896   ( 0.3%) 
HDR worldlights          0/8192            0/720896   ( 0.0%) 
leafwaterdata            0/32768           0/393216   ( 0.0%) 
waterstrips            261/32768        2610/327680   ( 0.8%) 
waterverts               0/65536           0/786432   ( 0.0%) 
waterindices          4071/65536        8142/131072   ( 6.2%) 
cubemapsamples           6/1024           96/16384    ( 0.6%) 
overlays                 9/512          3168/180224   ( 1.8%) 
LDR lightdata         [variable]     3792260/0        ( 0.0%) 
HDR lightdata         [variable]           0/0        ( 0.0%) 
visdata               [variable]       64271/16777216 ( 0.4%) 
entdata               [variable]       41017/393216   (10.4%) 
LDR ambient table     1208/65536        4832/262144   ( 1.8%) 
HDR ambient table     1208/65536        4832/262144   ( 1.8%) 
LDR leaf ambient       682/65536       19096/1835008  ( 1.0%) 
HDR leaf ambient      1208/65536       33824/1835008  ( 1.8%) 
occluders                0/0               0/0        ( 0.0%) 
occluder polygons        0/0               0/0        ( 0.0%) 
occluder vert ind        0/0               0/0        ( 0.0%) 
detail props          [variable]           1/12       ( 8.3%) 
static props          [variable]           1/12       ( 8.3%) 
pakfile               [variable]          54/0        ( 0.0%) 
physics               [variable]      145509/4194304  ( 3.5%) 
physics terrain       [variable]           2/1048576  ( 0.0%) 

Level flags = 0

Total triangle count: 6319
Writing c:\program files (x86)\steam\steamapps\sourcemods\who\maps\hostel.bsp
5 seconds elapsed



Could not find lights.rad in lights.rad.
Trying VRAD BIN directory instead...
Warning: Couldn't open texlight file C:\Program Files (x86)\Steam\steamapps\common\source sdk base 2013 singleplayer\bin\lights.rad.
Loading c:\program files (x86)\steam\steamapps\sourcemods\who\maps\hostel.bsp
2171 faces
9927 square feet [1429615.25 square inches]
0 Displacements
0 Square Feet [0.00 Square Inches]
2171 patches before subdivision
zero area child patch
zero area child patch
37723 patches after subdivision
25 direct lights
0...1...2...3...4...5...6...7...8...9...100...1...2...3...4...5...6...7...8...9...10transfers 12590985, max 1167
transfer lists:  96.1 megs
0...1...2...3...4...5...6...7...8...9...10	Bounce #1 added RGB(452836, 193044, 45785)
0...1...2...3...4...5...6...7...8...9...10	Bounce #2 added RGB(231160, 77672, 16140)
0...1...2...3...4...5...6...7...8...9...10	Bounce #3 added RGB(112884, 29552, 5483)
0...1...2...3...4...5...6...7...8...9...10	Bounce #4 added RGB(56673, 11588, 1908)
0...1...2...3...4...5...6...7...8...9...10	Bounce #5 added RGB(28239, 4542, 669)
0...1...2...3...4...5...6...7...8...9...10	Bounce #6 added RGB(14195, 1795, 236)
0...1...2...3...4...5...6...7...8...9...10	Bounce #7 added RGB(7128, 711, 84)
0...1...2...3...4...5...6...7...8...9...10	Bounce #8 added RGB(3590, 283, 30)
0...1...2...3...4...5...6...7...8...9...10	Bounce #9 added RGB(1808, 113, 11)
0...1...2...3...4...5...6...7...8...9...10	Bounce #10 added RGB(912, 45, 4)
0...1...2...3...4...5...6...7...8...9...10	Bounce #11 added RGB(460, 18, 1)
0...1...2...3...4...5...6...7...8...9...10	Bounce #12 added RGB(232, 7, 1)
0...1...2...3...4...5...6...7...8...9...10	Bounce #13 added RGB(117, 3, 0)
0...1...2...3...4...5...6...7...8...9...10	Bounce #14 added RGB(59, 1, 0)
0...1...2...3...4...5...6...7...8...9...10	Bounce #15 added RGB(30, 0, 0)
0...1...2...3...4...5...6...7...8...9...10	Bounce #16 added RGB(15, 0, 0)
0...1...2...3...4...5...6...7...8...9...10	Bounce #17 added RGB(8, 0, 0)
0...1...2...3...4...5...6...7...8...9...10	Bounce #18 added RGB(4, 0, 0)
0...1...2...3...4...5...6...7...8...9...10	Bounce #19 added RGB(2, 0, 0)
0...1...2...3...4...5...6...7...8...9...10	Bounce #20 added RGB(1, 0, 0)
Build Patch/Sample Hash Table(s).....Done<0.0077 sec>
0...1...2...3...4...5...6...7...8...9...10FinalLightFace Done
0 of 0 (0% of) surface lights went in leaf ambient cubes.
0...1...2...3...4...5...6...7...8...9...10Writing leaf ambient...done
Ready to Finish

Object names       Objects/Maxobjs  Memory / Maxmem  Fullness 
------------       ---------------  ---------------  -------- 
models                   2/1024           96/49152    ( 0.2%) 
brushes                438/8192         5256/98304    ( 5.3%) 
brushsides            2747/65536       21976/524288   ( 4.2%) 
planes                1002/65536       20040/1310720  ( 1.5%) 
vertexes              4212/65536       50544/786432   ( 6.4%) 
nodes                 1205/65536       38560/2097152  ( 1.8%) 
texinfos               558/12288       40176/884736   ( 4.5%) 
texdata                 10/2048          320/65536    ( 0.5%) 
dispinfos                0/0               0/0        ( 0.0%) 
disp_verts               0/0               0/0        ( 0.0%) 
disp_tris                0/0               0/0        ( 0.0%) 
disp_lmsamples           0/0               0/0        ( 0.0%) 
faces                 2171/65536      121576/3670016  ( 3.3%) 
hdr faces             2171/65536      121576/3670016  ( 3.3%) 
origfaces             1303/65536       72968/3670016  ( 2.0%) 
leaves                1208/65536       38656/2097152  ( 1.8%) 
leaffaces             2547/65536        5094/131072   ( 3.9%) 
leafbrushes            969/65536        1938/131072   ( 1.5%) 
areas                    2/256            16/2048     ( 0.8%) 
surfedges            15838/512000      63352/2048000  ( 3.1%) 
edges                 9017/256000      36068/1024000  ( 3.5%) 
LDR worldlights         25/8192         2200/720896   ( 0.3%) 
HDR worldlights         25/8192         2200/720896   ( 0.3%) 
leafwaterdata            0/32768           0/393216   ( 0.0%) 
waterstrips            261/32768        2610/327680   ( 0.8%) 
waterverts               0/65536           0/786432   ( 0.0%) 
waterindices          4071/65536        8142/131072   ( 6.2%) 
cubemapsamples           6/1024           96/16384    ( 0.6%) 
overlays                 9/512          3168/180224   ( 1.8%) 
LDR lightdata         [variable]     3792260/0        ( 0.0%) 
HDR lightdata         [variable]     3792260/0        ( 0.0%) 
visdata               [variable]       64271/16777216 ( 0.4%) 
entdata               [variable]       41017/393216   (10.4%) 
LDR ambient table     1208/65536        4832/262144   ( 1.8%) 
HDR ambient table     1208/65536        4832/262144   ( 1.8%) 
LDR leaf ambient       682/65536       19096/1835008  ( 1.0%) 
HDR leaf ambient       682/65536       19096/1835008  ( 1.0%) 
occluders                0/0               0/0        ( 0.0%) 
occluder polygons        0/0               0/0        ( 0.0%) 
occluder vert ind        0/0               0/0        ( 0.0%) 
detail props          [variable]           1/12       ( 8.3%) 
static props          [variable]           1/12       ( 8.3%) 
pakfile               [variable]          54/0        ( 0.0%) 
physics               [variable]      145509/4194304  ( 3.5%) 
physics terrain       [variable]           2/1048576  ( 0.0%) 

Level flags = 0

Total triangle count: 6319
Writing c:\program files (x86)\steam\steamapps\sourcemods\who\maps\hostel.bsp
5 seconds elapsed



materialPath: C:\Program Files (x86)\Steam\steamapps\sourcemods\who\materials
Loading c:\program files (x86)\steam\steamapps\sourcemods\who\maps\hostel.vmf
Could not locate 'GameData' key in c:\program files (x86)\steam\steamapps\sourcemods\who\gameinfo.txt
fixing up env_cubemap materials on brush sides...
0Brush 325: WARNING, microbrush
Brush 326: WARNING, microbrush
Brush 328: WARNING, microbrush
Brush 329: WARNING, microbrush
...1...2...3...4...5Brush 120: WARNING, microbrush
Brush 57: WARNING, microbrush
Brush 54: WARNING, microbrush
Brush 26: WARNING, microbrush
Brush 22: WARNING, microbrush
Brush 19: WARNING, microbrush
Brush 16: WARNING, microbrush
Brush 427: WARNING, microbrush
Brush 428: WARNING, microbrush
...6...7...8...9...100Brush 325: WARNING, microbrush
Brush 326: WARNING, microbrush
Brush 328: WARNING, microbrush
Brush 329: WARNING, microbrush
...1...2...3...4...5Brush 120: WARNING, microbrush
Brush 57: WARNING, microbrush
Brush 54: WARNING, microbrush
Brush 26: WARNING, microbrush
Brush 22: WARNING, microbrush
Brush 19: WARNING, microbrush
Brush 16: WARNING, microbrush
Brush 427: WARNING, microbrush
Brush 428: WARNING, microbrush
...6...7...8...9...10Processing areas...done (0)
Building Faces...done (0)
FixTjuncs...
PruneNodes...
WriteBSP...
done (0)
writing c:\program files (x86)\steam\steamapps\sourcemods\who\maps\hostel.prt...Building visibility clusters...
done (0)
Finding displacement neighbors...
Finding lightmap sample positions...
Displacement Alpha : 0...1...2...3...4...5...6...7...8...9...10
ConVarRef mat_reduceparticles doesn't point to an existing ConVar
Building Physics collision data...
done (0) (145509 bytes)
Placing detail props : 0...1...2...3...4...5...6...7...8...9...10
Compacting texture/material tables...
Reduced 783 texinfos to 558
Reduced 10 texdatas to 10 (233 bytes to 233)
Writing c:\program files (x86)\steam\steamapps\sourcemods\who\maps\hostel.bsp
0 seconds elapsed



8 threads
reading c:\program files (x86)\steam\steamapps\sourcemods\who\maps\hostel.bsp
reading c:\program files (x86)\steam\steamapps\sourcemods\who\maps\hostel.prt
 507 portalclusters
1326 numportals
0...1...2...3...4...5...6...7...8...9...100...1...2...3...4...5...6...7...8...9...10Optimized: 585 visible clusters (0.65%)
Total clusters visible: 89540
Average clusters visible: 176
Building PAS...
Average clusters audible: 471
visdatasize:64271  compressed from 64896
writing c:\program files (x86)\steam\steamapps\sourcemods\who\maps\hostel.bsp
0 seconds elapsed



Could not find lights.rad in lights.rad.
Trying VRAD BIN directory instead...
Warning: Couldn't open texlight file C:\Program Files (x86)\Steam\steamapps\common\source sdk base 2013 singleplayer\bin\lights.rad.
Loading c:\program files (x86)\steam\steamapps\sourcemods\who\maps\hostel.bsp
2171 faces
9927 square feet [1429615.25 square inches]
0 Displacements
0 Square Feet [0.00 Square Inches]
2171 patches before subdivision
zero area child patch
zero area child patch
37723 patches after subdivision
25 direct lights
0...1...2...3...4...5...6...7...8...9...100...1...2...3...4...5...6...7...8...9...10transfers 12590985, max 1167
transfer lists:  96.1 megs
0...1...2...3...4...5...6...7...8...9...10	Bounce #1 added RGB(220117, 115357, 29405)
0...1...2...3...4...5...6...7...8...9...10	Bounce #2 added RGB(113864, 46484, 10487)
0...1...2...3...4...5...6...7...8...9...10	Bounce #3 added RGB(56553, 18165, 3647)
0...1...2...3...4...5...6...7...8...9...10	Bounce #4 added RGB(28089, 7046, 1258)
0...1...2...3...4...5...6...7...8...9...10	Bounce #5 added RGB(13983, 2761, 440)
0...1...2...3...4...5...6...7...8...9...10	Bounce #6 added RGB(6987, 1085, 155)
0...1...2...3...4...5...6...7...8...9...10	Bounce #7 added RGB(3501, 429, 55)
0...1...2...3...4...5...6...7...8...9...10	Bounce #8 added RGB(1757, 170, 20)
0...1...2...3...4...5...6...7...8...9...10	Bounce #9 added RGB(884, 68, 7)
0...1...2...3...4...5...6...7...8...9...10	Bounce #10 added RGB(445, 27, 3)
0...1...2...3...4...5...6...7...8...9...10	Bounce #11 added RGB(224, 11, 1)
0...1...2...3...4...5...6...7...8...9...10	Bounce #12 added RGB(113, 4, 0)
0...1...2...3...4...5...6...7...8...9...10	Bounce #13 added RGB(57, 2, 0)
0...1...2...3...4...5...6...7...8...9...10	Bounce #14 added RGB(29, 1, 0)
0...1...2...3...4...5...6...7...8...9...10	Bounce #15 added RGB(14, 0, 0)
0...1...2...3...4...5...6...7...8...9...10	Bounce #16 added RGB(7, 0, 0)
0...1...2...3...4...5...6...7...8...9...10	Bounce #17 added RGB(4, 0, 0)
0...1...2...3...4...5...6...7...8...9...10	Bounce #18 added RGB(2, 0, 0)
0...1...2...3...4...5...6...7...8...9...10	Bounce #19 added RGB(1, 0, 0)
Build Patch/Sample Hash Table(s).....Done<0.0079 sec>
0...1...2...3...4...5...6...7...8...9...10FinalLightFace Done
0 of 0 (0% of) surface lights went in leaf ambient cubes.
0...1...2...3...4...5...6...7...8...9...10Writing leaf ambient...done
Ready to Finish

Object names       Objects/Maxobjs  Memory / Maxmem  Fullness 
------------       ---------------  ---------------  -------- 
models                   2/1024           96/49152    ( 0.2%) 
brushes                438/8192         5256/98304    ( 5.3%) 
brushsides            2747/65536       21976/524288   ( 4.2%) 
planes                1002/65536       20040/1310720  ( 1.5%) 
vertexes              4212/65536       50544/786432   ( 6.4%) 
nodes                 1205/65536       38560/2097152  ( 1.8%) 
texinfos               558/12288       40176/884736   ( 4.5%) 
texdata                 10/2048          320/65536    ( 0.5%) 
dispinfos                0/0               0/0        ( 0.0%) 
disp_verts               0/0               0/0        ( 0.0%) 
disp_tris                0/0               0/0        ( 0.0%) 
disp_lmsamples           0/0               0/0        ( 0.0%) 
faces                 2171/65536      121576/3670016  ( 3.3%) 
hdr faces                0/65536           0/3670016  ( 0.0%) 
origfaces             1303/65536       72968/3670016  ( 2.0%) 
leaves                1208/65536       38656/2097152  ( 1.8%) 
leaffaces             2547/65536        5094/131072   ( 3.9%) 
leafbrushes            969/65536        1938/131072   ( 1.5%) 
areas                    2/256            16/2048     ( 0.8%) 
surfedges            15838/512000      63352/2048000  ( 3.1%) 
edges                 9017/256000      36068/1024000  ( 3.5%) 
LDR worldlights         25/8192         2200/720896   ( 0.3%) 
HDR worldlights          0/8192            0/720896   ( 0.0%) 
leafwaterdata            0/32768           0/393216   ( 0.0%) 
waterstrips            261/32768        2610/327680   ( 0.8%) 
waterverts               0/65536           0/786432   ( 0.0%) 
waterindices          4071/65536        8142/131072   ( 6.2%) 
cubemapsamples           6/1024           96/16384    ( 0.6%) 
overlays                 9/512          3168/180224   ( 1.8%) 
LDR lightdata         [variable]     6701512/0        ( 0.0%) 
HDR lightdata         [variable]           0/0        ( 0.0%) 
visdata               [variable]       64271/16777216 ( 0.4%) 
entdata               [variable]       40988/393216   (10.4%) 
LDR ambient table     1208/65536        4832/262144   ( 1.8%) 
HDR ambient table     1208/65536        4832/262144   ( 1.8%) 
LDR leaf ambient       650/65536       18200/1835008  ( 1.0%) 
HDR leaf ambient      1208/65536       33824/1835008  ( 1.8%) 
occluders                0/0               0/0        ( 0.0%) 
occluder polygons        0/0               0/0        ( 0.0%) 
occluder vert ind        0/0               0/0        ( 0.0%) 
detail props          [variable]           1/12       ( 8.3%) 
static props          [variable]           1/12       ( 8.3%) 
pakfile               [variable]          54/0        ( 0.0%) 
physics               [variable]      145509/4194304  ( 3.5%) 
physics terrain       [variable]           2/1048576  ( 0.0%) 

Level flags = 0

Total triangle count: 6319
Writing c:\program files (x86)\steam\steamapps\sourcemods\who\maps\hostel.bsp
5 seconds elapsed



Could not find lights.rad in lights.rad.
Trying VRAD BIN directory instead...
Warning: Couldn't open texlight file C:\Program Files (x86)\Steam\steamapps\common\source sdk base 2013 singleplayer\bin\lights.rad.
Loading c:\program files (x86)\steam\steamapps\sourcemods\who\maps\hostel.bsp
2171 faces
9927 square feet [1429615.25 square inches]
0 Displacements
0 Square Feet [0.00 Square Inches]
2171 patches before subdivision
zero area child patch
zero area child patch
37723 patches after subdivision
25 direct lights
0...1...2...3...4...5...6...7...8...9...100...1...2...3...4...5...6...7...8...9...10transfers 12590985, max 1167
transfer lists:  96.1 megs
0...1...2...3...4...5...6...7...8...9...10	Bounce #1 added RGB(220112, 115354, 29404)
0...1...2...3...4...5...6...7...8...9...10	Bounce #2 added RGB(113861, 46482, 10487)
0...1...2...3...4...5...6...7...8...9...10	Bounce #3 added RGB(56552, 18165, 3647)
0...1...2...3...4...5...6...7...8...9...10	Bounce #4 added RGB(28088, 7046, 1258)
0...1...2...3...4...5...6...7...8...9...10	Bounce #5 added RGB(13983, 2761, 440)
0...1...2...3...4...5...6...7...8...9...10	Bounce #6 added RGB(6987, 1085, 155)
0...1...2...3...4...5...6...7...8...9...10	Bounce #7 added RGB(3500, 429, 55)
0...1...2...3...4...5...6...7...8...9...10	Bounce #8 added RGB(1757, 170, 20)
0...1...2...3...4...5...6...7...8...9...10	Bounce #9 added RGB(884, 68, 7)
0...1...2...3...4...5...6...7...8...9...10	Bounce #10 added RGB(445, 27, 3)
0...1...2...3...4...5...6...7...8...9...10	Bounce #11 added RGB(224, 11, 1)
0...1...2...3...4...5...6...7...8...9...10	Bounce #12 added RGB(113, 4, 0)
0...1...2...3...4...5...6...7...8...9...10	Bounce #13 added RGB(57, 2, 0)
0...1...2...3...4...5...6...7...8...9...10	Bounce #14 added RGB(29, 1, 0)
0...1...2...3...4...5...6...7...8...9...10	Bounce #15 added RGB(14, 0, 0)
0...1...2...3...4...5...6...7...8...9...10	Bounce #16 added RGB(7, 0, 0)
0...1...2...3...4...5...6...7...8...9...10	Bounce #17 added RGB(4, 0, 0)
0...1...2...3...4...5...6...7...8...9...10	Bounce #18 added RGB(2, 0, 0)
0...1...2...3...4...5...6...7...8...9...10	Bounce #19 added RGB(1, 0, 0)
Build Patch/Sample Hash Table(s).....Done<0.0074 sec>
0...1...2...3...4...5...6...7...8...9...10FinalLightFace Done
0 of 0 (0% of) surface lights went in leaf ambient cubes.
0...1...2...3...4...5...6...7...8...9...10Writing leaf ambient...done
Ready to Finish

Object names       Objects/Maxobjs  Memory / Maxmem  Fullness 
------------       ---------------  ---------------  -------- 
models                   2/1024           96/49152    ( 0.2%) 
brushes                438/8192         5256/98304    ( 5.3%) 
brushsides            2747/65536       21976/524288   ( 4.2%) 
planes                1002/65536       20040/1310720  ( 1.5%) 
vertexes              4212/65536       50544/786432   ( 6.4%) 
nodes                 1205/65536       38560/2097152  ( 1.8%) 
texinfos               558/12288       40176/884736   ( 4.5%) 
texdata                 10/2048          320/65536    ( 0.5%) 
dispinfos                0/0               0/0        ( 0.0%) 
disp_verts               0/0               0/0        ( 0.0%) 
disp_tris                0/0               0/0        ( 0.0%) 
disp_lmsamples           0/0               0/0        ( 0.0%) 
faces                 2171/65536      121576/3670016  ( 3.3%) 
hdr faces             2171/65536      121576/3670016  ( 3.3%) 
origfaces             1303/65536       72968/3670016  ( 2.0%) 
leaves                1208/65536       38656/2097152  ( 1.8%) 
leaffaces             2547/65536        5094/131072   ( 3.9%) 
leafbrushes            969/65536        1938/131072   ( 1.5%) 
areas                    2/256            16/2048     ( 0.8%) 
surfedges            15838/512000      63352/2048000  ( 3.1%) 
edges                 9017/256000      36068/1024000  ( 3.5%) 
LDR worldlights         25/8192         2200/720896   ( 0.3%) 
HDR worldlights         25/8192         2200/720896   ( 0.3%) 
leafwaterdata            0/32768           0/393216   ( 0.0%) 
waterstrips            261/32768        2610/327680   ( 0.8%) 
waterverts               0/65536           0/786432   ( 0.0%) 
waterindices          4071/65536        8142/131072   ( 6.2%) 
cubemapsamples           6/1024           96/16384    ( 0.6%) 
overlays                 9/512          3168/180224   ( 1.8%) 
LDR lightdata         [variable]     6701512/0        ( 0.0%) 
HDR lightdata         [variable]     6701512/0        ( 0.0%) 
visdata               [variable]       64271/16777216 ( 0.4%) 
entdata               [variable]       40988/393216   (10.4%) 
LDR ambient table     1208/65536        4832/262144   ( 1.8%) 
HDR ambient table     1208/65536        4832/262144   ( 1.8%) 
LDR leaf ambient       650/65536       18200/1835008  ( 1.0%) 
HDR leaf ambient       650/65536       18200/1835008  ( 1.0%) 
occluders                0/0               0/0        ( 0.0%) 
occluder polygons        0/0               0/0        ( 0.0%) 
occluder vert ind        0/0               0/0        ( 0.0%) 
detail props          [variable]           1/12       ( 8.3%) 
static props          [variable]           1/12       ( 8.3%) 
pakfile               [variable]          54/0        ( 0.0%) 
physics               [variable]      145509/4194304  ( 3.5%) 
physics terrain       [variable]           2/1048576  ( 0.0%) 

Level flags = 0

Total triangle count: 6319
Writing c:\program files (x86)\steam\steamapps\sourcemods\who\maps\hostel.bsp
5 seconds elapsed



materialPath: C:\Program Files (x86)\Steam\steamapps\sourcemods\who\materials
Loading c:\program files (x86)\steam\steamapps\sourcemods\who\maps\hostel.vmf
Could not locate 'GameData' key in c:\program files (x86)\steam\steamapps\sourcemods\who\gameinfo.txt
fixing up env_cubemap materials on brush sides...
0Brush 325: WARNING, microbrush
Brush 326: WARNING, microbrush
Brush 328: WARNING, microbrush
Brush 329: WARNING, microbrush
...1...2...3...4...5Brush 120: WARNING, microbrush
Brush 57: WARNING, microbrush
Brush 54: WARNING, microbrush
Brush 26: WARNING, microbrush
Brush 22: WARNING, microbrush
Brush 19: WARNING, microbrush
Brush 16: WARNING, microbrush
Brush 427: WARNING, microbrush
Brush 428: WARNING, microbrush
...6...7...8...9...100Brush 325: WARNING, microbrush
Brush 326: WARNING, microbrush
Brush 328: WARNING, microbrush
Brush 329: WARNING, microbrush
...1...2...3...4...5Brush 120: WARNING, microbrush
Brush 57: WARNING, microbrush
Brush 54: WARNING, microbrush
Brush 26: WARNING, microbrush
Brush 22: WARNING, microbrush
Brush 19: WARNING, microbrush
Brush 16: WARNING, microbrush
Brush 427: WARNING, microbrush
Brush 428: WARNING, microbrush
...6...7...8...9...10Processing areas...done (0)
Building Faces...done (0)
FixTjuncs...
PruneNodes...
WriteBSP...
done (0)
writing c:\program files (x86)\steam\steamapps\sourcemods\who\maps\hostel.prt...Building visibility clusters...
done (0)
Finding displacement neighbors...
Finding lightmap sample positions...
Displacement Alpha : 0...1...2...3...4...5...6...7...8...9...10
ConVarRef mat_reduceparticles doesn't point to an existing ConVar
Building Physics collision data...
done (0) (145509 bytes)
Placing detail props : 0...1...2...3...4...5...6...7...8...9...10
Compacting texture/material tables...
Reduced 783 texinfos to 558
Reduced 10 texdatas to 10 (233 bytes to 233)
Writing c:\program files (x86)\steam\steamapps\sourcemods\who\maps\hostel.bsp
0 seconds elapsed



8 threads
reading c:\program files (x86)\steam\steamapps\sourcemods\who\maps\hostel.bsp
reading c:\program files (x86)\steam\steamapps\sourcemods\who\maps\hostel.prt
 507 portalclusters
1326 numportals
0...1...2...3...4...5...6...7...8...9...100...1...2...3...4...5...6...7...8...9...10Optimized: 586 visible clusters (0.65%)
Total clusters visible: 89541
Average clusters visible: 176
Building PAS...
Average clusters audible: 471
visdatasize:64271  compressed from 64896
writing c:\program files (x86)\steam\steamapps\sourcemods\who\maps\hostel.bsp
0 seconds elapsed



Could not find lights.rad in lights.rad.
Trying VRAD BIN directory instead...
Warning: Couldn't open texlight file C:\Program Files (x86)\Steam\steamapps\common\source sdk base 2013 singleplayer\bin\lights.rad.
Loading c:\program files (x86)\steam\steamapps\sourcemods\who\maps\hostel.bsp
2171 faces
9927 square feet [1429615.25 square inches]
0 Displacements
0 Square Feet [0.00 Square Inches]
2171 patches before subdivision
zero area child patch
zero area child patch
37723 patches after subdivision
25 direct lights
0...1...2...3...4...5...6...7...8...9...100...1...2...3...4...5...6...7...8...9...10transfers 12590985, max 1167
transfer lists:  96.1 megs
0...1...2...3...4...5...6...7...8...9...10	Bounce #1 added RGB(220112, 115354, 29404)
0...1...2...3...4...5...6...7...8...9...10	Bounce #2 added RGB(113861, 46482, 10487)
0...1...2...3...4...5...6...7...8...9...10	Bounce #3 added RGB(56552, 18165, 3647)
0...1...2...3...4...5...6...7...8...9...10	Bounce #4 added RGB(28088, 7046, 1258)
0...1...2...3...4...5...6...7...8...9...10	Bounce #5 added RGB(13983, 2761, 440)
0...1...2...3...4...5...6...7...8...9...10	Bounce #6 added RGB(6987, 1085, 155)
0...1...2...3...4...5...6...7...8...9...10	Bounce #7 added RGB(3500, 429, 55)
0...1...2...3...4...5...6...7...8...9...10	Bounce #8 added RGB(1757, 170, 20)
0...1...2...3...4...5...6...7...8...9...10	Bounce #9 added RGB(884, 68, 7)
0...1...2...3...4...5...6...7...8...9...10	Bounce #10 added RGB(445, 27, 3)
0...1...2...3...4...5...6...7...8...9...10	Bounce #11 added RGB(224, 11, 1)
0...1...2...3...4...5...6...7...8...9...10	Bounce #12 added RGB(113, 4, 0)
0...1...2...3...4...5...6...7...8...9...10	Bounce #13 added RGB(57, 2, 0)
0...1...2...3...4...5...6...7...8...9...10	Bounce #14 added RGB(29, 1, 0)
0...1...2...3...4...5...6...7...8...9...10	Bounce #15 added RGB(14, 0, 0)
0...1...2...3...4...5...6...7...8...9...10	Bounce #16 added RGB(7, 0, 0)
0...1...2...3...4...5...6...7...8...9...10	Bounce #17 added RGB(4, 0, 0)
0...1...2...3...4...5...6...7...8...9...10	Bounce #18 added RGB(2, 0, 0)
0...1...2...3...4...5...6...7...8...9...10	Bounce #19 added RGB(1, 0, 0)
Build Patch/Sample Hash Table(s).....Done<0.0077 sec>
0...1...2...3...4...5...6...7...8...9...10FinalLightFace Done
0 of 0 (0% of) surface lights went in leaf ambient cubes.
0...1...2...3...4...5...6...7...8...9...10Writing leaf ambient...done
Ready to Finish

Object names       Objects/Maxobjs  Memory / Maxmem  Fullness 
------------       ---------------  ---------------  -------- 
models                   2/1024           96/49152    ( 0.2%) 
brushes                438/8192         5256/98304    ( 5.3%) 
brushsides            2747/65536       21976/524288   ( 4.2%) 
planes                1002/65536       20040/1310720  ( 1.5%) 
vertexes              4212/65536       50544/786432   ( 6.4%) 
nodes                 1205/65536       38560/2097152  ( 1.8%) 
texinfos               558/12288       40176/884736   ( 4.5%) 
texdata                 10/2048          320/65536    ( 0.5%) 
dispinfos                0/0               0/0        ( 0.0%) 
disp_verts               0/0               0/0        ( 0.0%) 
disp_tris                0/0               0/0        ( 0.0%) 
disp_lmsamples           0/0               0/0        ( 0.0%) 
faces                 2171/65536      121576/3670016  ( 3.3%) 
hdr faces                0/65536           0/3670016  ( 0.0%) 
origfaces             1303/65536       72968/3670016  ( 2.0%) 
leaves                1208/65536       38656/2097152  ( 1.8%) 
leaffaces             2547/65536        5094/131072   ( 3.9%) 
leafbrushes            969/65536        1938/131072   ( 1.5%) 
areas                    2/256            16/2048     ( 0.8%) 
surfedges            15838/512000      63352/2048000  ( 3.1%) 
edges                 9017/256000      36068/1024000  ( 3.5%) 
LDR worldlights         25/8192         2200/720896   ( 0.3%) 
HDR worldlights          0/8192            0/720896   ( 0.0%) 
leafwaterdata            0/32768           0/393216   ( 0.0%) 
waterstrips            261/32768        2610/327680   ( 0.8%) 
waterverts               0/65536           0/786432   ( 0.0%) 
waterindices          4071/65536        8142/131072   ( 6.2%) 
cubemapsamples          15/1024          240/16384    ( 1.5%) 
overlays                 9/512          3168/180224   ( 1.8%) 
LDR lightdata         [variable]     6701512/0        ( 0.0%) 
HDR lightdata         [variable]           0/0        ( 0.0%) 
visdata               [variable]       64271/16777216 ( 0.4%) 
entdata               [variable]       40988/393216   (10.4%) 
LDR ambient table     1208/65536        4832/262144   ( 1.8%) 
HDR ambient table     1208/65536        4832/262144   ( 1.8%) 
LDR leaf ambient       650/65536       18200/1835008  ( 1.0%) 
HDR leaf ambient      1208/65536       33824/1835008  ( 1.8%) 
occluders                0/0               0/0        ( 0.0%) 
occluder polygons        0/0               0/0        ( 0.0%) 
occluder vert ind        0/0               0/0        ( 0.0%) 
detail props          [variable]           1/12       ( 8.3%) 
static props          [variable]           1/12       ( 8.3%) 
pakfile               [variable]          54/0        ( 0.0%) 
physics               [variable]      145509/4194304  ( 3.5%) 
physics terrain       [variable]           2/1048576  ( 0.0%) 

Level flags = 0

Total triangle count: 6319
Writing c:\program files (x86)\steam\steamapps\sourcemods\who\maps\hostel.bsp
5 seconds elapsed



Could not find lights.rad in lights.rad.
Trying VRAD BIN directory instead...
Warning: Couldn't open texlight file C:\Program Files (x86)\Steam\steamapps\common\source sdk base 2013 singleplayer\bin\lights.rad.
Loading c:\program files (x86)\steam\steamapps\sourcemods\who\maps\hostel.bsp
2171 faces
9927 square feet [1429615.25 square inches]
0 Displacements
0 Square Feet [0.00 Square Inches]
2171 patches before subdivision
zero area child patch
zero area child patch
37723 patches after subdivision
25 direct lights
0...1...2...3...4...5...6...7...8...9...100...1...2...3...4...5...6...7...8...9...10transfers 12590985, max 1167
transfer lists:  96.1 megs
0...1...2...3...4...5...6...7...8...9...10	Bounce #1 added RGB(220112, 115354, 29404)
0...1...2...3...4...5...6...7...8...9...10	Bounce #2 added RGB(113861, 46482, 10487)
0...1...2...3...4...5...6...7...8...9...10	Bounce #3 added RGB(56552, 18165, 3647)
0...1...2...3...4...5...6...7...8...9...10	Bounce #4 added RGB(28088, 7046, 1258)
0...1...2...3...4...5...6...7...8...9...10	Bounce #5 added RGB(13983, 2761, 440)
0...1...2...3...4...5...6...7...8...9...10	Bounce #6 added RGB(6987, 1085, 155)
0...1...2...3...4...5...6...7...8...9...10	Bounce #7 added RGB(3500, 429, 55)
0...1...2...3...4...5...6...7...8...9...10	Bounce #8 added RGB(1757, 170, 20)
0...1...2...3...4...5...6...7...8...9...10	Bounce #9 added RGB(884, 68, 7)
0...1...2...3...4...5...6...7...8...9...10	Bounce #10 added RGB(445, 27, 3)
0...1...2...3...4...5...6...7...8...9...10	Bounce #11 added RGB(224, 11, 1)
0...1...2...3...4...5...6...7...8...9...10	Bounce #12 added RGB(113, 4, 0)
0...1...2...3...4...5...6...7...8...9...10	Bounce #13 added RGB(57, 2, 0)
0...1...2...3...4...5...6...7...8...9...10	Bounce #14 added RGB(29, 1, 0)
0...1...2...3...4...5...6...7...8...9...10	Bounce #15 added RGB(14, 0, 0)
0...1...2...3...4...5...6...7...8...9...10	Bounce #16 added RGB(7, 0, 0)
0...1...2...3...4...5...6...7...8...9...10	Bounce #17 added RGB(4, 0, 0)
0...1...2...3...4...5...6...7...8...9...10	Bounce #18 added RGB(2, 0, 0)
0...1...2...3...4...5...6...7...8...9...10	Bounce #19 added RGB(1, 0, 0)
Build Patch/Sample Hash Table(s).....Done<0.0079 sec>
0...1...2...3...4...5...6...7...8...9...10FinalLightFace Done
0 of 0 (0% of) surface lights went in leaf ambient cubes.
0...1...2...3...4...5...6...7...8...9...10Writing leaf ambient...done
Ready to Finish

Object names       Objects/Maxobjs  Memory / Maxmem  Fullness 
------------       ---------------  ---------------  -------- 
models                   2/1024           96/49152    ( 0.2%) 
brushes                438/8192         5256/98304    ( 5.3%) 
brushsides            2747/65536       21976/524288   ( 4.2%) 
planes                1002/65536       20040/1310720  ( 1.5%) 
vertexes              4212/65536       50544/786432   ( 6.4%) 
nodes                 1205/65536       38560/2097152  ( 1.8%) 
texinfos               558/12288       40176/884736   ( 4.5%) 
texdata                 10/2048          320/65536    ( 0.5%) 
dispinfos                0/0               0/0        ( 0.0%) 
disp_verts               0/0               0/0        ( 0.0%) 
disp_tris                0/0               0/0        ( 0.0%) 
disp_lmsamples           0/0               0/0        ( 0.0%) 
faces                 2171/65536      121576/3670016  ( 3.3%) 
hdr faces             2171/65536      121576/3670016  ( 3.3%) 
origfaces             1303/65536       72968/3670016  ( 2.0%) 
leaves                1208/65536       38656/2097152  ( 1.8%) 
leaffaces             2547/65536        5094/131072   ( 3.9%) 
leafbrushes            969/65536        1938/131072   ( 1.5%) 
areas                    2/256            16/2048     ( 0.8%) 
surfedges            15838/512000      63352/2048000  ( 3.1%) 
edges                 9017/256000      36068/1024000  ( 3.5%) 
LDR worldlights         25/8192         2200/720896   ( 0.3%) 
HDR worldlights         25/8192         2200/720896   ( 0.3%) 
leafwaterdata            0/32768           0/393216   ( 0.0%) 
waterstrips            261/32768        2610/327680   ( 0.8%) 
waterverts               0/65536           0/786432   ( 0.0%) 
waterindices          4071/65536        8142/131072   ( 6.2%) 
cubemapsamples          15/1024          240/16384    ( 1.5%) 
overlays                 9/512          3168/180224   ( 1.8%) 
LDR lightdata         [variable]     6701512/0        ( 0.0%) 
HDR lightdata         [variable]     6701512/0        ( 0.0%) 
visdata               [variable]       64271/16777216 ( 0.4%) 
entdata               [variable]       40988/393216   (10.4%) 
LDR ambient table     1208/65536        4832/262144   ( 1.8%) 
HDR ambient table     1208/65536        4832/262144   ( 1.8%) 
LDR leaf ambient       650/65536       18200/1835008  ( 1.0%) 
HDR leaf ambient       650/65536       18200/1835008  ( 1.0%) 
occluders                0/0               0/0        ( 0.0%) 
occluder polygons        0/0               0/0        ( 0.0%) 
occluder vert ind        0/0               0/0        ( 0.0%) 
detail props          [variable]           1/12       ( 8.3%) 
static props          [variable]           1/12       ( 8.3%) 
pakfile               [variable]          54/0        ( 0.0%) 
physics               [variable]      145509/4194304  ( 3.5%) 
physics terrain       [variable]           2/1048576  ( 0.0%) 

Level flags = 0

Total triangle count: 6319
Writing c:\program files (x86)\steam\steamapps\sourcemods\who\maps\hostel.bsp
5 seconds elapsed



materialPath: C:\Program Files (x86)\Steam\steamapps\sourcemods\who\materials
Loading c:\program files (x86)\steam\steamapps\sourcemods\who\maps\hostel.vmf
Could not locate 'GameData' key in c:\program files (x86)\steam\steamapps\sourcemods\who\gameinfo.txt
fixing up env_cubemap materials on brush sides...
0Brush 325: WARNING, microbrush
Brush 326: WARNING, microbrush
Brush 328: WARNING, microbrush
Brush 329: WARNING, microbrush
...1...2...3...4...5Brush 120: WARNING, microbrush
Brush 57: WARNING, microbrush
Brush 54: WARNING, microbrush
Brush 26: WARNING, microbrush
Brush 22: WARNING, microbrush
Brush 19: WARNING, microbrush
Brush 16: WARNING, microbrush
Brush 427: WARNING, microbrush
Brush 428: WARNING, microbrush
...6...7...8...9...100Brush 325: WARNING, microbrush
Brush 326: WARNING, microbrush
Brush 328: WARNING, microbrush
Brush 329: WARNING, microbrush
...1...2...3...4...5Brush 120: WARNING, microbrush
Brush 57: WARNING, microbrush
Brush 54: WARNING, microbrush
Brush 26: WARNING, microbrush
Brush 22: WARNING, microbrush
Brush 19: WARNING, microbrush
Brush 16: WARNING, microbrush
Brush 427: WARNING, microbrush
Brush 428: WARNING, microbrush
...6...7...8...9...10Processing areas...done (0)
Building Faces...done (0)
FixTjuncs...
PruneNodes...
WriteBSP...
done (0)
writing c:\program files (x86)\steam\steamapps\sourcemods\who\maps\hostel.prt...Building visibility clusters...
done (0)
Finding displacement neighbors...
Finding lightmap sample positions...
Displacement Alpha : 0...1...2...3...4...5...6...7...8...9...10
ConVarRef mat_reduceparticles doesn't point to an existing ConVar
Building Physics collision data...
done (0) (145509 bytes)
Placing detail props : 0...1...2...3...4...5...6...7...8...9...10
Compacting texture/material tables...
Reduced 783 texinfos to 557
Reduced 10 texdatas to 10 (233 bytes to 233)
Writing c:\program files (x86)\steam\steamapps\sourcemods\who\maps\hostel.bsp
0 seconds elapsed



8 threads
reading c:\program files (x86)\steam\steamapps\sourcemods\who\maps\hostel.bsp
reading c:\program files (x86)\steam\steamapps\sourcemods\who\maps\hostel.prt
 515 portalclusters
1345 numportals
0...1...2...3...4...5...6...7...8...9...100...1...2...3...4...5...6...7...8...9...10Optimized: 534 visible clusters (0.59%)
Total clusters visible: 90921
Average clusters visible: 176
Building PAS...
Average clusters audible: 474
visdatasize:66427  compressed from 74160
writing c:\program files (x86)\steam\steamapps\sourcemods\who\maps\hostel.bsp
0 seconds elapsed



Could not find lights.rad in lights.rad.
Trying VRAD BIN directory instead...
Warning: Couldn't open texlight file C:\Program Files (x86)\Steam\steamapps\common\source sdk base 2013 singleplayer\bin\lights.rad.
Loading c:\program files (x86)\steam\steamapps\sourcemods\who\maps\hostel.bsp
2172 faces
9927 square feet [1429622.38 square inches]
0 Displacements
0 Square Feet [0.00 Square Inches]
2172 patches before subdivision
37660 patches after subdivision
25 direct lights
0...1...2...3...4...5...6...7...8...9...100...1...2...3...4...5...6...7...8...9...10transfers 12588634, max 1170
transfer lists:  96.0 megs
0...1...2...3...4...5...6...7...8...9...10	Bounce #1 added RGB(220716, 115662, 29485)
0...1...2...3...4...5...6...7...8...9...10	Bounce #2 added RGB(114014, 46552, 10504)
0...1...2...3...4...5...6...7...8...9...10	Bounce #3 added RGB(56590, 18179, 3650)
0...1...2...3...4...5...6...7...8...9...10	Bounce #4 added RGB(28092, 7048, 1258)
0...1...2...3...4...5...6...7...8...9...10	Bounce #5 added RGB(13979, 2761, 440)
0...1...2...3...4...5...6...7...8...9...10	Bounce #6 added RGB(6983, 1084, 155)
0...1...2...3...4...5...6...7...8...9...10	Bounce #7 added RGB(3498, 428, 55)
0...1...2...3...4...5...6...7...8...9...10	Bounce #8 added RGB(1756, 170, 19)
0...1...2...3...4...5...6...7...8...9...10	Bounce #9 added RGB(883, 67, 7)
0...1...2...3...4...5...6...7...8...9...10	Bounce #10 added RGB(444, 27, 2)
0...1...2...3...4...5...6...7...8...9...10	Bounce #11 added RGB(224, 11, 1)
0...1...2...3...4...5...6...7...8...9...10	Bounce #12 added RGB(113, 4, 0)
0...1...2...3...4...5...6...7...8...9...10	Bounce #13 added RGB(57, 2, 0)
0...1...2...3...4...5...6...7...8...9...10	Bounce #14 added RGB(29, 1, 0)
0...1...2...3...4...5...6...7...8...9...10	Bounce #15 added RGB(14, 0, 0)
0...1...2...3...4...5...6...7...8...9...10	Bounce #16 added RGB(7, 0, 0)
0...1...2...3...4...5...6...7...8...9...10	Bounce #17 added RGB(4, 0, 0)
0...1...2...3...4...5...6...7...8...9...10	Bounce #18 added RGB(2, 0, 0)
0...1...2...3...4...5...6...7...8...9...10	Bounce #19 added RGB(1, 0, 0)
Build Patch/Sample Hash Table(s).....Done<0.0074 sec>
0...1...2...3...4...5...6...7...8...9...10FinalLightFace Done
0 of 0 (0% of) surface lights went in leaf ambient cubes.
0...1...2...3...4...5...6...7...8...9...10Writing leaf ambient...done
Ready to Finish

Object names       Objects/Maxobjs  Memory / Maxmem  Fullness 
------------       ---------------  ---------------  -------- 
models                   2/1024           96/49152    ( 0.2%) 
brushes                438/8192         5256/98304    ( 5.3%) 
brushsides            2747/65536       21976/524288   ( 4.2%) 
planes                1002/65536       20040/1310720  ( 1.5%) 
vertexes              4222/65536       50664/786432   ( 6.4%) 
nodes                 1217/65536       38944/2097152  ( 1.9%) 
texinfos               557/12288       40104/884736   ( 4.5%) 
texdata                 10/2048          320/65536    ( 0.5%) 
dispinfos                0/0               0/0        ( 0.0%) 
disp_verts               0/0               0/0        ( 0.0%) 
disp_tris                0/0               0/0        ( 0.0%) 
disp_lmsamples           0/0               0/0        ( 0.0%) 
faces                 2172/65536      121632/3670016  ( 3.3%) 
hdr faces                0/65536           0/3670016  ( 0.0%) 
origfaces             1304/65536       73024/3670016  ( 2.0%) 
leaves                1220/65536       39040/2097152  ( 1.9%) 
leaffaces             2540/65536        5080/131072   ( 3.9%) 
leafbrushes            975/65536        1950/131072   ( 1.5%) 
areas                    2/256            16/2048     ( 0.8%) 
surfedges            15854/512000      63416/2048000  ( 3.1%) 
edges                 9037/256000      36148/1024000  ( 3.5%) 
LDR worldlights         25/8192         2200/720896   ( 0.3%) 
HDR worldlights          0/8192            0/720896   ( 0.0%) 
leafwaterdata            0/32768           0/393216   ( 0.0%) 
waterstrips            258/32768        2580/327680   ( 0.8%) 
waterverts               0/65536           0/786432   ( 0.0%) 
waterindices          4035/65536        8070/131072   ( 6.2%) 
cubemapsamples          15/1024          240/16384    ( 1.5%) 
overlays                 9/512          3168/180224   ( 1.8%) 
LDR lightdata         [variable]     6709004/0        ( 0.0%) 
HDR lightdata         [variable]           0/0        ( 0.0%) 
visdata               [variable]       66427/16777216 ( 0.4%) 
entdata               [variable]       40988/393216   (10.4%) 
LDR ambient table     1220/65536        4880/262144   ( 1.9%) 
HDR ambient table     1220/65536        4880/262144   ( 1.9%) 
LDR leaf ambient       680/65536       19040/1835008  ( 1.0%) 
HDR leaf ambient      1220/65536       34160/1835008  ( 1.9%) 
occluders                0/0               0/0        ( 0.0%) 
occluder polygons        0/0               0/0        ( 0.0%) 
occluder vert ind        0/0               0/0        ( 0.0%) 
detail props          [variable]           1/12       ( 8.3%) 
static props          [variable]           1/12       ( 8.3%) 
pakfile               [variable]          54/0        ( 0.0%) 
physics               [variable]      145509/4194304  ( 3.5%) 
physics terrain       [variable]           2/1048576  ( 0.0%) 

Level flags = 0

Total triangle count: 6329
Writing c:\program files (x86)\steam\steamapps\sourcemods\who\maps\hostel.bsp
5 seconds elapsed



Could not find lights.rad in lights.rad.
Trying VRAD BIN directory instead...
Warning: Couldn't open texlight file C:\Program Files (x86)\Steam\steamapps\common\source sdk base 2013 singleplayer\bin\lights.rad.
Loading c:\program files (x86)\steam\steamapps\sourcemods\who\maps\hostel.bsp
2172 faces
9927 square feet [1429622.38 square inches]
0 Displacements
0 Square Feet [0.00 Square Inches]
2172 patches before subdivision
37660 patches after subdivision
25 direct lights
0...1...2...3...4...5...6...7...8...9...100...1...2...3...4...5...6...7...8...9...10transfers 12588634, max 1170
transfer lists:  96.0 megs
0...1...2...3...4...5...6...7...8...9...10	Bounce #1 added RGB(220716, 115662, 29485)
0...1...2...3...4...5...6...7...8...9...10	Bounce #2 added RGB(114014, 46552, 10504)
0...1...2...3...4...5...6...7...8...9...10	Bounce #3 added RGB(56590, 18179, 3650)
0...1...2...3...4...5...6...7...8...9...10	Bounce #4 added RGB(28092, 7048, 1258)
0...1...2...3...4...5...6...7...8...9...10	Bounce #5 added RGB(13979, 2761, 440)
0...1...2...3...4...5...6...7...8...9...10	Bounce #6 added RGB(6983, 1084, 155)
0...1...2...3...4...5...6...7...8...9...10	Bounce #7 added RGB(3498, 428, 55)
0...1...2...3...4...5...6...7...8...9...10	Bounce #8 added RGB(1756, 170, 19)
0...1...2...3...4...5...6...7...8...9...10	Bounce #9 added RGB(883, 67, 7)
0...1...2...3...4...5...6...7...8...9...10	Bounce #10 added RGB(444, 27, 2)
0...1...2...3...4...5...6...7...8...9...10	Bounce #11 added RGB(224, 11, 1)
0...1...2...3...4...5...6...7...8...9...10	Bounce #12 added RGB(113, 4, 0)
0...1...2...3...4...5...6...7...8...9...10	Bounce #13 added RGB(57, 2, 0)
0...1...2...3...4...5...6...7...8...9...10	Bounce #14 added RGB(29, 1, 0)
0...1...2...3...4...5...6...7...8...9...10	Bounce #15 added RGB(14, 0, 0)
0...1...2...3...4...5...6...7...8...9...10	Bounce #16 added RGB(7, 0, 0)
0...1...2...3...4...5...6...7...8...9...10	Bounce #17 added RGB(4, 0, 0)
0...1...2...3...4...5...6...7...8...9...10	Bounce #18 added RGB(2, 0, 0)
0...1...2...3...4...5...6...7...8...9...10	Bounce #19 added RGB(1, 0, 0)
Build Patch/Sample Hash Table(s).....Done<0.0074 sec>
0...1...2...3...4...5...6...7...8...9...10FinalLightFace Done
0 of 0 (0% of) surface lights went in leaf ambient cubes.
0...1...2...3...4...5...6...7...8...9...10Writing leaf ambient...done
Ready to Finish

Object names       Objects/Maxobjs  Memory / Maxmem  Fullness 
------------       ---------------  ---------------  -------- 
models                   2/1024           96/49152    ( 0.2%) 
brushes                438/8192         5256/98304    ( 5.3%) 
brushsides            2747/65536       21976/524288   ( 4.2%) 
planes                1002/65536       20040/1310720  ( 1.5%) 
vertexes              4222/65536       50664/786432   ( 6.4%) 
nodes                 1217/65536       38944/2097152  ( 1.9%) 
texinfos               557/12288       40104/884736   ( 4.5%) 
texdata                 10/2048          320/65536    ( 0.5%) 
dispinfos                0/0               0/0        ( 0.0%) 
disp_verts               0/0               0/0        ( 0.0%) 
disp_tris                0/0               0/0        ( 0.0%) 
disp_lmsamples           0/0               0/0        ( 0.0%) 
faces                 2172/65536      121632/3670016  ( 3.3%) 
hdr faces             2172/65536      121632/3670016  ( 3.3%) 
origfaces             1304/65536       73024/3670016  ( 2.0%) 
leaves                1220/65536       39040/2097152  ( 1.9%) 
leaffaces             2540/65536        5080/131072   ( 3.9%) 
leafbrushes            975/65536        1950/131072   ( 1.5%) 
areas                    2/256            16/2048     ( 0.8%) 
surfedges            15854/512000      63416/2048000  ( 3.1%) 
edges                 9037/256000      36148/1024000  ( 3.5%) 
LDR worldlights         25/8192         2200/720896   ( 0.3%) 
HDR worldlights         25/8192         2200/720896   ( 0.3%) 
leafwaterdata            0/32768           0/393216   ( 0.0%) 
waterstrips            258/32768        2580/327680   ( 0.8%) 
waterverts               0/65536           0/786432   ( 0.0%) 
waterindices          4035/65536        8070/131072   ( 6.2%) 
cubemapsamples          15/1024          240/16384    ( 1.5%) 
overlays                 9/512          3168/180224   ( 1.8%) 
LDR lightdata         [variable]     6709004/0        ( 0.0%) 
HDR lightdata         [variable]     6709004/0        ( 0.0%) 
visdata               [variable]       66427/16777216 ( 0.4%) 
entdata               [variable]       40988/393216   (10.4%) 
LDR ambient table     1220/65536        4880/262144   ( 1.9%) 
HDR ambient table     1220/65536        4880/262144   ( 1.9%) 
LDR leaf ambient       680/65536       19040/1835008  ( 1.0%) 
HDR leaf ambient       680/65536       19040/1835008  ( 1.0%) 
occluders                0/0               0/0        ( 0.0%) 
occluder polygons        0/0               0/0        ( 0.0%) 
occluder vert ind        0/0               0/0        ( 0.0%) 
detail props          [variable]           1/12       ( 8.3%) 
static props          [variable]           1/12       ( 8.3%) 
pakfile               [variable]          54/0        ( 0.0%) 
physics               [variable]      145509/4194304  ( 3.5%) 
physics terrain       [variable]           2/1048576  ( 0.0%) 

Level flags = 0

Total triangle count: 6329
Writing c:\program files (x86)\steam\steamapps\sourcemods\who\maps\hostel.bsp
5 seconds elapsed
