


materialPath: C:\Program Files (x86)\Steam\steamapps\sourcemods\who\materials
Loading c:\program files (x86)\steam\steamapps\sourcemods\who\maps\lift.vmf
Could not locate 'GameData' key in c:\program files (x86)\steam\steamapps\sourcemods\who\gameinfo.txt
fixing up env_cubemap materials on brush sides...
0...1...2...3...4...5...6...7...8...9...100...1...2...3...4...5...6...7...8...9...10Processing areas...done (0)
Building Faces...done (0)
FixTjuncs...
PruneNodes...
WriteBSP...
done (0)
writing c:\program files (x86)\steam\steamapps\sourcemods\who\maps\lift.prt...Building visibility clusters...
done (0)
Finding displacement neighbors...
Finding lightmap sample positions...
Displacement Alpha : 0...1...2...3...4...5...6...7...8...9...10
Building Physics collision data...
done (0) (2288 bytes)
Placing detail props : 0...1...2...3...4...5...6...7...8...9...10
Compacting texture/material tables...
Reduced 9 texinfos to 1
Reduced 1 texdatas to 1 (18 bytes to 18)
Writing c:\program files (x86)\steam\steamapps\sourcemods\who\maps\lift.bsp
0 seconds elapsed



8 threads
reading c:\program files (x86)\steam\steamapps\sourcemods\who\maps\lift.bsp
reading c:\program files (x86)\steam\steamapps\sourcemods\who\maps\lift.prt
   4 portalclusters
   4 numportals
0...1...2...3...4...5...6...7...8...9...100...1...2...3...4...5...6...7...8...9...10Optimized: 0 visible clusters (0.00%)
Total clusters visible: 16
Average clusters visible: 4
Building PAS...
Average clusters audible: 4
visdatasize:44  compressed from 64
writing c:\program files (x86)\steam\steamapps\sourcemods\who\maps\lift.bsp
0 seconds elapsed



Could not find lights.rad in lights.rad.
Trying VRAD BIN directory instead...
Warning: Couldn't open texlight file C:\Program Files (x86)\Steam\steamapps\common\source sdk base 2013 singleplayer\bin\lights.rad.
Loading c:\program files (x86)\steam\steamapps\sourcemods\who\maps\lift.bsp
16 faces
10922 square feet [1572864.00 square inches]
0 Displacements
0 Square Feet [0.00 Square Inches]
16 patches before subdivision
16 patches after subdivision
4 direct lights
0...1...2...3...4...5...6...7...8...9...100...1...2...3...4...5...6...7...8...9...10transfers 0, max 0
transfer lists:   0.0 megs
0...1...2...3...4...5...6...7...8...9...10	Bounce #1 added RGB(0, 0, 0)
Build Patch/Sample Hash Table(s).....Done<0.0000 sec>
0...1...2...3...4...5...6...7...8...9...10FinalLightFace Done
0 of 0 (0% of) surface lights went in leaf ambient cubes.
0...1...2...3...4...5...6...7...8...9...10Writing leaf ambient...done
Ready to Finish

Object names       Objects/Maxobjs  Memory / Maxmem  Fullness 
------------       ---------------  ---------------  -------- 
models                   1/1024           48/49152    ( 0.1%) 
brushes                  6/8192           72/98304    ( 0.1%) 
brushsides              36/65536         288/524288   ( 0.1%) 
planes                  40/65536         800/1310720  ( 0.1%) 
vertexes                19/65536         228/786432   ( 0.0%) 
nodes                   27/65536         864/2097152  ( 0.0%) 
texinfos                 1/12288          72/884736   ( 0.0%) 
texdata                  1/2048           32/65536    ( 0.0%) 
dispinfos                0/0               0/0        ( 0.0%) 
disp_verts               0/0               0/0        ( 0.0%) 
disp_tris                0/0               0/0        ( 0.0%) 
disp_lmsamples           0/0               0/0        ( 0.0%) 
faces                   16/65536         896/3670016  ( 0.0%) 
hdr faces                0/65536           0/3670016  ( 0.0%) 
origfaces                6/65536         336/3670016  ( 0.0%) 
leaves                  29/65536         928/2097152  ( 0.0%) 
leaffaces               16/65536          32/131072   ( 0.0%) 
leafbrushes             16/65536          32/131072   ( 0.0%) 
areas                    2/256            16/2048     ( 0.8%) 
surfedges               88/512000        352/2048000  ( 0.0%) 
edges                   45/256000        180/1024000  ( 0.0%) 
LDR worldlights          4/8192          352/720896   ( 0.0%) 
HDR worldlights          0/8192            0/720896   ( 0.0%) 
leafwaterdata            0/32768           0/393216   ( 0.0%) 
waterstrips              0/32768           0/327680   ( 0.0%) 
waterverts               0/65536           0/786432   ( 0.0%) 
waterindices             0/65536           0/131072   ( 0.0%) 
cubemapsamples           1/1024           16/16384    ( 0.1%) 
overlays                 0/512             0/180224   ( 0.0%) 
LDR lightdata         [variable]           0/0        ( 0.0%) 
HDR lightdata         [variable]           0/0        ( 0.0%) 
visdata               [variable]          44/16777216 ( 0.0%) 
entdata               [variable]        1599/393216   ( 0.4%) 
LDR ambient table       29/65536         116/262144   ( 0.0%) 
HDR ambient table       29/65536         116/262144   ( 0.0%) 
LDR leaf ambient         4/65536         112/1835008  ( 0.0%) 
HDR leaf ambient        29/65536         812/1835008  ( 0.0%) 
occluders                0/0               0/0        ( 0.0%) 
occluder polygons        0/0               0/0        ( 0.0%) 
occluder vert ind        0/0               0/0        ( 0.0%) 
detail props          [variable]           1/12       ( 8.3%) 
static props          [variable]           1/212      ( 0.5%) 
pakfile               [variable]          54/0        ( 0.0%) 
physics               [variable]        2288/4194304  ( 0.1%) 
physics terrain       [variable]           2/1048576  ( 0.0%) 

Level flags = 0

Total triangle count: 32
Writing c:\program files (x86)\steam\steamapps\sourcemods\who\maps\lift.bsp
0 seconds elapsed



Could not find lights.rad in lights.rad.
Trying VRAD BIN directory instead...
Warning: Couldn't open texlight file C:\Program Files (x86)\Steam\steamapps\common\source sdk base 2013 singleplayer\bin\lights.rad.
Loading c:\program files (x86)\steam\steamapps\sourcemods\who\maps\lift.bsp
16 faces
10922 square feet [1572864.00 square inches]
0 Displacements
0 Square Feet [0.00 Square Inches]
16 patches before subdivision
16 patches after subdivision
4 direct lights
0...1...2...3...4...5...6...7...8...9...100...1...2...3...4...5...6...7...8...9...10transfers 0, max 0
transfer lists:   0.0 megs
0...1...2...3...4...5...6...7...8...9...10	Bounce #1 added RGB(0, 0, 0)
Build Patch/Sample Hash Table(s).....Done<0.0000 sec>
0...1...2...3...4...5...6...7...8...9...10FinalLightFace Done
0 of 0 (0% of) surface lights went in leaf ambient cubes.
0...1...2...3...4...5...6...7...8...9...10Writing leaf ambient...done
Ready to Finish

Object names       Objects/Maxobjs  Memory / Maxmem  Fullness 
------------       ---------------  ---------------  -------- 
models                   1/1024           48/49152    ( 0.1%) 
brushes                  6/8192           72/98304    ( 0.1%) 
brushsides              36/65536         288/524288   ( 0.1%) 
planes                  40/65536         800/1310720  ( 0.1%) 
vertexes                19/65536         228/786432   ( 0.0%) 
nodes                   27/65536         864/2097152  ( 0.0%) 
texinfos                 1/12288          72/884736   ( 0.0%) 
texdata                  1/2048           32/65536    ( 0.0%) 
dispinfos                0/0               0/0        ( 0.0%) 
disp_verts               0/0               0/0        ( 0.0%) 
disp_tris                0/0               0/0        ( 0.0%) 
disp_lmsamples           0/0               0/0        ( 0.0%) 
faces                   16/65536         896/3670016  ( 0.0%) 
hdr faces               16/65536         896/3670016  ( 0.0%) 
origfaces                6/65536         336/3670016  ( 0.0%) 
leaves                  29/65536         928/2097152  ( 0.0%) 
leaffaces               16/65536          32/131072   ( 0.0%) 
leafbrushes             16/65536          32/131072   ( 0.0%) 
areas                    2/256            16/2048     ( 0.8%) 
surfedges               88/512000        352/2048000  ( 0.0%) 
edges                   45/256000        180/1024000  ( 0.0%) 
LDR worldlights          4/8192          352/720896   ( 0.0%) 
HDR worldlights          4/8192          352/720896   ( 0.0%) 
leafwaterdata            0/32768           0/393216   ( 0.0%) 
waterstrips              0/32768           0/327680   ( 0.0%) 
waterverts               0/65536           0/786432   ( 0.0%) 
waterindices             0/65536           0/131072   ( 0.0%) 
cubemapsamples           1/1024           16/16384    ( 0.1%) 
overlays                 0/512             0/180224   ( 0.0%) 
LDR lightdata         [variable]           0/0        ( 0.0%) 
HDR lightdata         [variable]           0/0        ( 0.0%) 
visdata               [variable]          44/16777216 ( 0.0%) 
entdata               [variable]        1599/393216   ( 0.4%) 
LDR ambient table       29/65536         116/262144   ( 0.0%) 
HDR ambient table       29/65536         116/262144   ( 0.0%) 
LDR leaf ambient         4/65536         112/1835008  ( 0.0%) 
HDR leaf ambient         4/65536         112/1835008  ( 0.0%) 
occluders                0/0               0/0        ( 0.0%) 
occluder polygons        0/0               0/0        ( 0.0%) 
occluder vert ind        0/0               0/0        ( 0.0%) 
detail props          [variable]           1/12       ( 8.3%) 
static props          [variable]           1/212      ( 0.5%) 
pakfile               [variable]          54/0        ( 0.0%) 
physics               [variable]        2288/4194304  ( 0.1%) 
physics terrain       [variable]           2/1048576  ( 0.0%) 

Level flags = 0

Total triangle count: 32
Writing c:\program files (x86)\steam\steamapps\sourcemods\who\maps\lift.bsp
0 seconds elapsed



materialPath: C:\Program Files (x86)\Steam\steamapps\sourcemods\who\materials
Loading c:\program files (x86)\steam\steamapps\sourcemods\who\maps\lift.vmf
Could not locate 'GameData' key in c:\program files (x86)\steam\steamapps\sourcemods\who\gameinfo.txt
fixing up env_cubemap materials on brush sides...
0...1...2...3...4...5...6...7...8...9...100...1...2...3...4...5...6...7...8...9...10Processing areas...done (0)
Building Faces...done (0)
FixTjuncs...
PruneNodes...
WriteBSP...
done (0)
writing c:\program files (x86)\steam\steamapps\sourcemods\who\maps\lift.prt...Building visibility clusters...
done (0)
Finding displacement neighbors...
Finding lightmap sample positions...
Displacement Alpha : 0...1...2...3...4...5...6...7...8...9...10
Building Physics collision data...
done (0) (5310 bytes)
Placing detail props : 0...1...2...3...4...5...6...7...8...9...10
Compacting texture/material tables...
Reduced 16 texinfos to 2
Reduced 2 texdatas to 2 (36 bytes to 36)
Writing c:\program files (x86)\steam\steamapps\sourcemods\who\maps\lift.bsp
0 seconds elapsed



8 threads
reading c:\program files (x86)\steam\steamapps\sourcemods\who\maps\lift.bsp
reading c:\program files (x86)\steam\steamapps\sourcemods\who\maps\lift.prt
  46 portalclusters
 113 numportals
0...1...2...3...4...5...6...7...8...9...100...1...2...3...4...5...6...7...8...9...10Optimized: 0 visible clusters (0.00%)
Total clusters visible: 1646
Average clusters visible: 35
Building PAS...
Average clusters audible: 46
visdatasize:932  compressed from 736
writing c:\program files (x86)\steam\steamapps\sourcemods\who\maps\lift.bsp
0 seconds elapsed



Could not find lights.rad in lights.rad.
Trying VRAD BIN directory instead...
Warning: Couldn't open texlight file C:\Program Files (x86)\Steam\steamapps\common\source sdk base 2013 singleplayer\bin\lights.rad.
Loading c:\program files (x86)\steam\steamapps\sourcemods\who\maps\lift.bsp
21 faces
10922 square feet [1572864.00 square inches]
0 Displacements
0 Square Feet [0.00 Square Inches]
21 patches before subdivision
21 patches after subdivision
4 direct lights
0...1...2...3...4...5...6...7...8...9...100...1...2...3...4...5...6...7...8...9...10transfers 0, max 0
transfer lists:   0.0 megs
0...1...2...3...4...5...6...7...8...9...10	Bounce #1 added RGB(0, 0, 0)
Build Patch/Sample Hash Table(s).....Done<0.0000 sec>
0...1...2...3...4...5...6...7...8...9...10FinalLightFace Done
0 of 0 (0% of) surface lights went in leaf ambient cubes.
0...1...2...3...4...5...6...7...8...9...10Writing leaf ambient...done
Ready to Finish

Object names       Objects/Maxobjs  Memory / Maxmem  Fullness 
------------       ---------------  ---------------  -------- 
models                   1/1024           48/49152    ( 0.1%) 
brushes                 14/8192          168/98304    ( 0.2%) 
brushsides              84/65536         672/524288   ( 0.1%) 
planes                  82/65536        1640/1310720  ( 0.1%) 
vertexes               130/65536        1560/786432   ( 0.2%) 
nodes                   94/65536        3008/2097152  ( 0.1%) 
texinfos                 2/12288         144/884736   ( 0.0%) 
texdata                  2/2048           64/65536    ( 0.1%) 
dispinfos                0/0               0/0        ( 0.0%) 
disp_verts               0/0               0/0        ( 0.0%) 
disp_tris                0/0               0/0        ( 0.0%) 
disp_lmsamples           0/0               0/0        ( 0.0%) 
faces                   21/65536        1176/3670016  ( 0.0%) 
hdr faces                0/65536           0/3670016  ( 0.0%) 
origfaces                6/65536         336/3670016  ( 0.0%) 
leaves                  96/65536        3072/2097152  ( 0.1%) 
leaffaces               63/65536         126/131072   ( 0.1%) 
leafbrushes             43/65536          86/131072   ( 0.1%) 
areas                    2/256            16/2048     ( 0.8%) 
surfedges              114/512000        456/2048000  ( 0.0%) 
edges                   58/256000        232/1024000  ( 0.0%) 
LDR worldlights          4/8192          352/720896   ( 0.0%) 
HDR worldlights          0/8192            0/720896   ( 0.0%) 
leafwaterdata            0/32768           0/393216   ( 0.0%) 
waterstrips              0/32768           0/327680   ( 0.0%) 
waterverts               0/65536           0/786432   ( 0.0%) 
waterindices             0/65536           0/131072   ( 0.0%) 
cubemapsamples           1/1024           16/16384    ( 0.1%) 
overlays                 0/512             0/180224   ( 0.0%) 
LDR lightdata         [variable]           0/0        ( 0.0%) 
HDR lightdata         [variable]           0/0        ( 0.0%) 
visdata               [variable]         932/16777216 ( 0.0%) 
entdata               [variable]        1599/393216   ( 0.4%) 
LDR ambient table       96/65536         384/262144   ( 0.1%) 
HDR ambient table       96/65536         384/262144   ( 0.1%) 
LDR leaf ambient        46/65536        1288/1835008  ( 0.1%) 
HDR leaf ambient        96/65536        2688/1835008  ( 0.1%) 
occluders                0/0               0/0        ( 0.0%) 
occluder polygons        0/0               0/0        ( 0.0%) 
occluder vert ind        0/0               0/0        ( 0.0%) 
detail props          [variable]           1/12       ( 8.3%) 
static props          [variable]           1/230      ( 0.4%) 
pakfile               [variable]          54/0        ( 0.0%) 
physics               [variable]        5310/4194304  ( 0.1%) 
physics terrain       [variable]           2/1048576  ( 0.0%) 

Level flags = 0

Total triangle count: 48
Writing c:\program files (x86)\steam\steamapps\sourcemods\who\maps\lift.bsp
0 seconds elapsed



Could not find lights.rad in lights.rad.
Trying VRAD BIN directory instead...
Warning: Couldn't open texlight file C:\Program Files (x86)\Steam\steamapps\common\source sdk base 2013 singleplayer\bin\lights.rad.
Loading c:\program files (x86)\steam\steamapps\sourcemods\who\maps\lift.bsp
21 faces
10922 square feet [1572864.00 square inches]
0 Displacements
0 Square Feet [0.00 Square Inches]
21 patches before subdivision
21 patches after subdivision
4 direct lights
0...1...2...3...4...5...6...7...8...9...100...1...2...3...4...5...6...7...8...9...10transfers 0, max 0
transfer lists:   0.0 megs
0...1...2...3...4...5...6...7...8...9...10	Bounce #1 added RGB(0, 0, 0)
Build Patch/Sample Hash Table(s).....Done<0.0000 sec>
0...1...2...3...4...5...6...7...8...9...10FinalLightFace Done
0 of 0 (0% of) surface lights went in leaf ambient cubes.
0...1...2...3...4...5...6...7...8...9...10Writing leaf ambient...done
Ready to Finish

Object names       Objects/Maxobjs  Memory / Maxmem  Fullness 
------------       ---------------  ---------------  -------- 
models                   1/1024           48/49152    ( 0.1%) 
brushes                 14/8192          168/98304    ( 0.2%) 
brushsides              84/65536         672/524288   ( 0.1%) 
planes                  82/65536        1640/1310720  ( 0.1%) 
vertexes               130/65536        1560/786432   ( 0.2%) 
nodes                   94/65536        3008/2097152  ( 0.1%) 
texinfos                 2/12288         144/884736   ( 0.0%) 
texdata                  2/2048           64/65536    ( 0.1%) 
dispinfos                0/0               0/0        ( 0.0%) 
disp_verts               0/0               0/0        ( 0.0%) 
disp_tris                0/0               0/0        ( 0.0%) 
disp_lmsamples           0/0               0/0        ( 0.0%) 
faces                   21/65536        1176/3670016  ( 0.0%) 
hdr faces               21/65536        1176/3670016  ( 0.0%) 
origfaces                6/65536         336/3670016  ( 0.0%) 
leaves                  96/65536        3072/2097152  ( 0.1%) 
leaffaces               63/65536         126/131072   ( 0.1%) 
leafbrushes             43/65536          86/131072   ( 0.1%) 
areas                    2/256            16/2048     ( 0.8%) 
surfedges              114/512000        456/2048000  ( 0.0%) 
edges                   58/256000        232/1024000  ( 0.0%) 
LDR worldlights          4/8192          352/720896   ( 0.0%) 
HDR worldlights          4/8192          352/720896   ( 0.0%) 
leafwaterdata            0/32768           0/393216   ( 0.0%) 
waterstrips              0/32768           0/327680   ( 0.0%) 
waterverts               0/65536           0/786432   ( 0.0%) 
waterindices             0/65536           0/131072   ( 0.0%) 
cubemapsamples           1/1024           16/16384    ( 0.1%) 
overlays                 0/512             0/180224   ( 0.0%) 
LDR lightdata         [variable]           0/0        ( 0.0%) 
HDR lightdata         [variable]           0/0        ( 0.0%) 
visdata               [variable]         932/16777216 ( 0.0%) 
entdata               [variable]        1599/393216   ( 0.4%) 
LDR ambient table       96/65536         384/262144   ( 0.1%) 
HDR ambient table       96/65536         384/262144   ( 0.1%) 
LDR leaf ambient        46/65536        1288/1835008  ( 0.1%) 
HDR leaf ambient        46/65536        1288/1835008  ( 0.1%) 
occluders                0/0               0/0        ( 0.0%) 
occluder polygons        0/0               0/0        ( 0.0%) 
occluder vert ind        0/0               0/0        ( 0.0%) 
detail props          [variable]           1/12       ( 8.3%) 
static props          [variable]           1/230      ( 0.4%) 
pakfile               [variable]          54/0        ( 0.0%) 
physics               [variable]        5310/4194304  ( 0.1%) 
physics terrain       [variable]           2/1048576  ( 0.0%) 

Level flags = 0

Total triangle count: 48
Writing c:\program files (x86)\steam\steamapps\sourcemods\who\maps\lift.bsp
0 seconds elapsed



materialPath: C:\Program Files (x86)\Steam\steamapps\sourcemods\who\materials
Loading c:\program files (x86)\steam\steamapps\sourcemods\who\maps\lift.vmf
Could not locate 'GameData' key in c:\program files (x86)\steam\steamapps\sourcemods\who\gameinfo.txt
fixing up env_cubemap materials on brush sides...
0...1...2...3...4...5...6...7...8...9...100...1...2...3...4...5...6...7...8...9...10Processing areas...done (0)
Building Faces...done (0)
FixTjuncs...
PruneNodes...
WriteBSP...
done (0)
writing c:\program files (x86)\steam\steamapps\sourcemods\who\maps\lift.prt...Building visibility clusters...
done (0)
Finding displacement neighbors...
Finding lightmap sample positions...
Displacement Alpha : 0...1...2...3...4...5...6...7...8...9...10
Building Physics collision data...
done (0) (5310 bytes)
Placing detail props : 0...1...2...3...4...5...6...7...8...9...10
Compacting texture/material tables...
Reduced 16 texinfos to 2
Reduced 2 texdatas to 2 (36 bytes to 36)
Writing c:\program files (x86)\steam\steamapps\sourcemods\who\maps\lift.bsp
0 seconds elapsed



8 threads
reading c:\program files (x86)\steam\steamapps\sourcemods\who\maps\lift.bsp
reading c:\program files (x86)\steam\steamapps\sourcemods\who\maps\lift.prt
  46 portalclusters
 113 numportals
0...1...2...3...4...5...6...7...8...9...100...1...2...3...4...5...6...7...8...9...10Optimized: 0 visible clusters (0.00%)
Total clusters visible: 1646
Average clusters visible: 35
Building PAS...
Average clusters audible: 46
visdatasize:932  compressed from 736
writing c:\program files (x86)\steam\steamapps\sourcemods\who\maps\lift.bsp
0 seconds elapsed



Could not find lights.rad in lights.rad.
Trying VRAD BIN directory instead...
Warning: Couldn't open texlight file C:\Program Files (x86)\Steam\steamapps\common\source sdk base 2013 singleplayer\bin\lights.rad.
Loading c:\program files (x86)\steam\steamapps\sourcemods\who\maps\lift.bsp
21 faces
10922 square feet [1572864.00 square inches]
0 Displacements
0 Square Feet [0.00 Square Inches]
21 patches before subdivision
21 patches after subdivision
4 direct lights
0...1...2...3...4...5...6...7...8...9...100...1...2...3...4...5...6...7...8...9...10transfers 0, max 0
transfer lists:   0.0 megs
0...1...2...3...4...5...6...7...8...9...10	Bounce #1 added RGB(0, 0, 0)
Build Patch/Sample Hash Table(s).....Done<0.0000 sec>
0...1...2...3...4...5...6...7...8...9...10FinalLightFace Done
0 of 0 (0% of) surface lights went in leaf ambient cubes.
0...1...2...3...4...5...6...7...8...9...10Writing leaf ambient...done
Ready to Finish

Object names       Objects/Maxobjs  Memory / Maxmem  Fullness 
------------       ---------------  ---------------  -------- 
models                   1/1024           48/49152    ( 0.1%) 
brushes                 14/8192          168/98304    ( 0.2%) 
brushsides              84/65536         672/524288   ( 0.1%) 
planes                  82/65536        1640/1310720  ( 0.1%) 
vertexes               130/65536        1560/786432   ( 0.2%) 
nodes                   94/65536        3008/2097152  ( 0.1%) 
texinfos                 2/12288         144/884736   ( 0.0%) 
texdata                  2/2048           64/65536    ( 0.1%) 
dispinfos                0/0               0/0        ( 0.0%) 
disp_verts               0/0               0/0        ( 0.0%) 
disp_tris                0/0               0/0        ( 0.0%) 
disp_lmsamples           0/0               0/0        ( 0.0%) 
faces                   21/65536        1176/3670016  ( 0.0%) 
hdr faces                0/65536           0/3670016  ( 0.0%) 
origfaces                6/65536         336/3670016  ( 0.0%) 
leaves                  96/65536        3072/2097152  ( 0.1%) 
leaffaces               63/65536         126/131072   ( 0.1%) 
leafbrushes             43/65536          86/131072   ( 0.1%) 
areas                    2/256            16/2048     ( 0.8%) 
surfedges              114/512000        456/2048000  ( 0.0%) 
edges                   58/256000        232/1024000  ( 0.0%) 
LDR worldlights          4/8192          352/720896   ( 0.0%) 
HDR worldlights          0/8192            0/720896   ( 0.0%) 
leafwaterdata            0/32768           0/393216   ( 0.0%) 
waterstrips              0/32768           0/327680   ( 0.0%) 
waterverts               0/65536           0/786432   ( 0.0%) 
waterindices             0/65536           0/131072   ( 0.0%) 
cubemapsamples           1/1024           16/16384    ( 0.1%) 
overlays                 0/512             0/180224   ( 0.0%) 
LDR lightdata         [variable]           0/0        ( 0.0%) 
HDR lightdata         [variable]           0/0        ( 0.0%) 
visdata               [variable]         932/16777216 ( 0.0%) 
entdata               [variable]        1599/393216   ( 0.4%) 
LDR ambient table       96/65536         384/262144   ( 0.1%) 
HDR ambient table       96/65536         384/262144   ( 0.1%) 
LDR leaf ambient        46/65536        1288/1835008  ( 0.1%) 
HDR leaf ambient        96/65536        2688/1835008  ( 0.1%) 
occluders                0/0               0/0        ( 0.0%) 
occluder polygons        0/0               0/0        ( 0.0%) 
occluder vert ind        0/0               0/0        ( 0.0%) 
detail props          [variable]           1/12       ( 8.3%) 
static props          [variable]           1/230      ( 0.4%) 
pakfile               [variable]          54/0        ( 0.0%) 
physics               [variable]        5310/4194304  ( 0.1%) 
physics terrain       [variable]           2/1048576  ( 0.0%) 

Level flags = 0

Total triangle count: 48
Writing c:\program files (x86)\steam\steamapps\sourcemods\who\maps\lift.bsp
0 seconds elapsed



Could not find lights.rad in lights.rad.
Trying VRAD BIN directory instead...
Warning: Couldn't open texlight file C:\Program Files (x86)\Steam\steamapps\common\source sdk base 2013 singleplayer\bin\lights.rad.
Loading c:\program files (x86)\steam\steamapps\sourcemods\who\maps\lift.bsp
21 faces
10922 square feet [1572864.00 square inches]
0 Displacements
0 Square Feet [0.00 Square Inches]
21 patches before subdivision
21 patches after subdivision
4 direct lights
0...1...2...3...4...5...6...7...8...9...100...1...2...3...4...5...6...7...8...9...10transfers 0, max 0
transfer lists:   0.0 megs
0...1...2...3...4...5...6...7...8...9...10	Bounce #1 added RGB(0, 0, 0)
Build Patch/Sample Hash Table(s).....Done<0.0000 sec>
0...1...2...3...4...5...6...7...8...9...10FinalLightFace Done
0 of 0 (0% of) surface lights went in leaf ambient cubes.
0...1...2...3...4...5...6...7...8...9...10Writing leaf ambient...done
Ready to Finish

Object names       Objects/Maxobjs  Memory / Maxmem  Fullness 
------------       ---------------  ---------------  -------- 
models                   1/1024           48/49152    ( 0.1%) 
brushes                 14/8192          168/98304    ( 0.2%) 
brushsides              84/65536         672/524288   ( 0.1%) 
planes                  82/65536        1640/1310720  ( 0.1%) 
vertexes               130/65536        1560/786432   ( 0.2%) 
nodes                   94/65536        3008/2097152  ( 0.1%) 
texinfos                 2/12288         144/884736   ( 0.0%) 
texdata                  2/2048           64/65536    ( 0.1%) 
dispinfos                0/0               0/0        ( 0.0%) 
disp_verts               0/0               0/0        ( 0.0%) 
disp_tris                0/0               0/0        ( 0.0%) 
disp_lmsamples           0/0               0/0        ( 0.0%) 
faces                   21/65536        1176/3670016  ( 0.0%) 
hdr faces               21/65536        1176/3670016  ( 0.0%) 
origfaces                6/65536         336/3670016  ( 0.0%) 
leaves                  96/65536        3072/2097152  ( 0.1%) 
leaffaces               63/65536         126/131072   ( 0.1%) 
leafbrushes             43/65536          86/131072   ( 0.1%) 
areas                    2/256            16/2048     ( 0.8%) 
surfedges              114/512000        456/2048000  ( 0.0%) 
edges                   58/256000        232/1024000  ( 0.0%) 
LDR worldlights          4/8192          352/720896   ( 0.0%) 
HDR worldlights          4/8192          352/720896   ( 0.0%) 
leafwaterdata            0/32768           0/393216   ( 0.0%) 
waterstrips              0/32768           0/327680   ( 0.0%) 
waterverts               0/65536           0/786432   ( 0.0%) 
waterindices             0/65536           0/131072   ( 0.0%) 
cubemapsamples           1/1024           16/16384    ( 0.1%) 
overlays                 0/512             0/180224   ( 0.0%) 
LDR lightdata         [variable]           0/0        ( 0.0%) 
HDR lightdata         [variable]           0/0        ( 0.0%) 
visdata               [variable]         932/16777216 ( 0.0%) 
entdata               [variable]        1599/393216   ( 0.4%) 
LDR ambient table       96/65536         384/262144   ( 0.1%) 
HDR ambient table       96/65536         384/262144   ( 0.1%) 
LDR leaf ambient        46/65536        1288/1835008  ( 0.1%) 
HDR leaf ambient        46/65536        1288/1835008  ( 0.1%) 
occluders                0/0               0/0        ( 0.0%) 
occluder polygons        0/0               0/0        ( 0.0%) 
occluder vert ind        0/0               0/0        ( 0.0%) 
detail props          [variable]           1/12       ( 8.3%) 
static props          [variable]           1/230      ( 0.4%) 
pakfile               [variable]          54/0        ( 0.0%) 
physics               [variable]        5310/4194304  ( 0.1%) 
physics terrain       [variable]           2/1048576  ( 0.0%) 

Level flags = 0

Total triangle count: 48
Writing c:\program files (x86)\steam\steamapps\sourcemods\who\maps\lift.bsp
0 seconds elapsed



materialPath: C:\Program Files (x86)\Steam\steamapps\sourcemods\who\materials
Loading c:\program files (x86)\steam\steamapps\sourcemods\who\maps\lift.vmf
Could not locate 'GameData' key in c:\program files (x86)\steam\steamapps\sourcemods\who\gameinfo.txt
fixing up env_cubemap materials on brush sides...
0...1...2...3...4...5...6...7...8...9...100...1...2...3...4...5...6...7...8...9...10Processing areas...done (0)
Building Faces...done (0)
FixTjuncs...
PruneNodes...
WriteBSP...
done (0)
writing c:\program files (x86)\steam\steamapps\sourcemods\who\maps\lift.prt...Building visibility clusters...
done (0)
Finding displacement neighbors...
Finding lightmap sample positions...
Displacement Alpha : 0...1...2...3...4...5...6...7...8...9...10
Building Physics collision data...
done (0) (5310 bytes)
Placing detail props : 0...1...2...3...4...5...6...7...8...9...10
Compacting texture/material tables...
Reduced 16 texinfos to 2
Reduced 2 texdatas to 2 (36 bytes to 36)
Writing c:\program files (x86)\steam\steamapps\sourcemods\who\maps\lift.bsp
0 seconds elapsed



8 threads
reading c:\program files (x86)\steam\steamapps\sourcemods\who\maps\lift.bsp
reading c:\program files (x86)\steam\steamapps\sourcemods\who\maps\lift.prt
  46 portalclusters
 113 numportals
0...1...2...3...4...5...6...7...8...9...100...1...2...3...4...5...6...7...8...9...10Optimized: 0 visible clusters (0.00%)
Total clusters visible: 1646
Average clusters visible: 35
Building PAS...
Average clusters audible: 46
visdatasize:932  compressed from 736
writing c:\program files (x86)\steam\steamapps\sourcemods\who\maps\lift.bsp
0 seconds elapsed



Could not find lights.rad in lights.rad.
Trying VRAD BIN directory instead...
Warning: Couldn't open texlight file C:\Program Files (x86)\Steam\steamapps\common\source sdk base 2013 singleplayer\bin\lights.rad.
Loading c:\program files (x86)\steam\steamapps\sourcemods\who\maps\lift.bsp
21 faces
10922 square feet [1572864.00 square inches]
0 Displacements
0 Square Feet [0.00 Square Inches]
21 patches before subdivision
21 patches after subdivision
4 direct lights
0...1...2...3...4...5...6...7...8...9...100...1...2...3...4...5...6...7...8...9...10transfers 0, max 0
transfer lists:   0.0 megs
0...1...2...3...4...5...6...7...8...9...10	Bounce #1 added RGB(0, 0, 0)
Build Patch/Sample Hash Table(s).....Done<0.0000 sec>
0...1...2...3...4...5...6...7...8...9...10FinalLightFace Done
0 of 0 (0% of) surface lights went in leaf ambient cubes.
0...1...2...3...4...5...6...7...8...9...10Writing leaf ambient...done
Ready to Finish

Object names       Objects/Maxobjs  Memory / Maxmem  Fullness 
------------       ---------------  ---------------  -------- 
models                   1/1024           48/49152    ( 0.1%) 
brushes                 14/8192          168/98304    ( 0.2%) 
brushsides              84/65536         672/524288   ( 0.1%) 
planes                  82/65536        1640/1310720  ( 0.1%) 
vertexes               130/65536        1560/786432   ( 0.2%) 
nodes                   94/65536        3008/2097152  ( 0.1%) 
texinfos                 2/12288         144/884736   ( 0.0%) 
texdata                  2/2048           64/65536    ( 0.1%) 
dispinfos                0/0               0/0        ( 0.0%) 
disp_verts               0/0               0/0        ( 0.0%) 
disp_tris                0/0               0/0        ( 0.0%) 
disp_lmsamples           0/0               0/0        ( 0.0%) 
faces                   21/65536        1176/3670016  ( 0.0%) 
hdr faces                0/65536           0/3670016  ( 0.0%) 
origfaces                6/65536         336/3670016  ( 0.0%) 
leaves                  96/65536        3072/2097152  ( 0.1%) 
leaffaces               63/65536         126/131072   ( 0.1%) 
leafbrushes             43/65536          86/131072   ( 0.1%) 
areas                    2/256            16/2048     ( 0.8%) 
surfedges              114/512000        456/2048000  ( 0.0%) 
edges                   58/256000        232/1024000  ( 0.0%) 
LDR worldlights          4/8192          352/720896   ( 0.0%) 
HDR worldlights          0/8192            0/720896   ( 0.0%) 
leafwaterdata            0/32768           0/393216   ( 0.0%) 
waterstrips              0/32768           0/327680   ( 0.0%) 
waterverts               0/65536           0/786432   ( 0.0%) 
waterindices             0/65536           0/131072   ( 0.0%) 
cubemapsamples           1/1024           16/16384    ( 0.1%) 
overlays                 0/512             0/180224   ( 0.0%) 
LDR lightdata         [variable]           0/0        ( 0.0%) 
HDR lightdata         [variable]           0/0        ( 0.0%) 
visdata               [variable]         932/16777216 ( 0.0%) 
entdata               [variable]        1603/393216   ( 0.4%) 
LDR ambient table       96/65536         384/262144   ( 0.1%) 
HDR ambient table       96/65536         384/262144   ( 0.1%) 
LDR leaf ambient        46/65536        1288/1835008  ( 0.1%) 
HDR leaf ambient        96/65536        2688/1835008  ( 0.1%) 
occluders                0/0               0/0        ( 0.0%) 
occluder polygons        0/0               0/0        ( 0.0%) 
occluder vert ind        0/0               0/0        ( 0.0%) 
detail props          [variable]           1/12       ( 8.3%) 
static props          [variable]           1/230      ( 0.4%) 
pakfile               [variable]          54/0        ( 0.0%) 
physics               [variable]        5310/4194304  ( 0.1%) 
physics terrain       [variable]           2/1048576  ( 0.0%) 

Level flags = 0

Total triangle count: 48
Writing c:\program files (x86)\steam\steamapps\sourcemods\who\maps\lift.bsp
0 seconds elapsed



Could not find lights.rad in lights.rad.
Trying VRAD BIN directory instead...
Warning: Couldn't open texlight file C:\Program Files (x86)\Steam\steamapps\common\source sdk base 2013 singleplayer\bin\lights.rad.
Loading c:\program files (x86)\steam\steamapps\sourcemods\who\maps\lift.bsp
21 faces
10922 square feet [1572864.00 square inches]
0 Displacements
0 Square Feet [0.00 Square Inches]
21 patches before subdivision
21 patches after subdivision
4 direct lights
0...1...2...3...4...5...6...7...8...9...100...1...2...3...4...5...6...7...8...9...10transfers 0, max 0
transfer lists:   0.0 megs
0...1...2...3...4...5...6...7...8...9...10	Bounce #1 added RGB(0, 0, 0)
Build Patch/Sample Hash Table(s).....Done<0.0000 sec>
0...1...2...3...4...5...6...7...8...9...10FinalLightFace Done
0 of 0 (0% of) surface lights went in leaf ambient cubes.
0...1...2...3...4...5...6...7...8...9...10Writing leaf ambient...done
Ready to Finish

Object names       Objects/Maxobjs  Memory / Maxmem  Fullness 
------------       ---------------  ---------------  -------- 
models                   1/1024           48/49152    ( 0.1%) 
brushes                 14/8192          168/98304    ( 0.2%) 
brushsides              84/65536         672/524288   ( 0.1%) 
planes                  82/65536        1640/1310720  ( 0.1%) 
vertexes               130/65536        1560/786432   ( 0.2%) 
nodes                   94/65536        3008/2097152  ( 0.1%) 
texinfos                 2/12288         144/884736   ( 0.0%) 
texdata                  2/2048           64/65536    ( 0.1%) 
dispinfos                0/0               0/0        ( 0.0%) 
disp_verts               0/0               0/0        ( 0.0%) 
disp_tris                0/0               0/0        ( 0.0%) 
disp_lmsamples           0/0               0/0        ( 0.0%) 
faces                   21/65536        1176/3670016  ( 0.0%) 
hdr faces               21/65536        1176/3670016  ( 0.0%) 
origfaces                6/65536         336/3670016  ( 0.0%) 
leaves                  96/65536        3072/2097152  ( 0.1%) 
leaffaces               63/65536         126/131072   ( 0.1%) 
leafbrushes             43/65536          86/131072   ( 0.1%) 
areas                    2/256            16/2048     ( 0.8%) 
surfedges              114/512000        456/2048000  ( 0.0%) 
edges                   58/256000        232/1024000  ( 0.0%) 
LDR worldlights          4/8192          352/720896   ( 0.0%) 
HDR worldlights          4/8192          352/720896   ( 0.0%) 
leafwaterdata            0/32768           0/393216   ( 0.0%) 
waterstrips              0/32768           0/327680   ( 0.0%) 
waterverts               0/65536           0/786432   ( 0.0%) 
waterindices             0/65536           0/131072   ( 0.0%) 
cubemapsamples           1/1024           16/16384    ( 0.1%) 
overlays                 0/512             0/180224   ( 0.0%) 
LDR lightdata         [variable]           0/0        ( 0.0%) 
HDR lightdata         [variable]           0/0        ( 0.0%) 
visdata               [variable]         932/16777216 ( 0.0%) 
entdata               [variable]        1603/393216   ( 0.4%) 
LDR ambient table       96/65536         384/262144   ( 0.1%) 
HDR ambient table       96/65536         384/262144   ( 0.1%) 
LDR leaf ambient        46/65536        1288/1835008  ( 0.1%) 
HDR leaf ambient        46/65536        1288/1835008  ( 0.1%) 
occluders                0/0               0/0        ( 0.0%) 
occluder polygons        0/0               0/0        ( 0.0%) 
occluder vert ind        0/0               0/0        ( 0.0%) 
detail props          [variable]           1/12       ( 8.3%) 
static props          [variable]           1/230      ( 0.4%) 
pakfile               [variable]          54/0        ( 0.0%) 
physics               [variable]        5310/4194304  ( 0.1%) 
physics terrain       [variable]           2/1048576  ( 0.0%) 

Level flags = 0

Total triangle count: 48
Writing c:\program files (x86)\steam\steamapps\sourcemods\who\maps\lift.bsp
0 seconds elapsed



materialPath: C:\Program Files (x86)\Steam\steamapps\sourcemods\who\materials
Loading c:\program files (x86)\steam\steamapps\sourcemods\who\maps\lift.vmf
Could not locate 'GameData' key in c:\program files (x86)\steam\steamapps\sourcemods\who\gameinfo.txt
fixing up env_cubemap materials on brush sides...
0...1...2...3...4...5...6...7...8...9...100...1...2...3...4...5...6...7...8...9...10Processing areas...done (0)
Building Faces...done (0)
FixTjuncs...
PruneNodes...
WriteBSP...
done (0)
writing c:\program files (x86)\steam\steamapps\sourcemods\who\maps\lift.prt...Building visibility clusters...
done (0)
Finding displacement neighbors...
Finding lightmap sample positions...
Displacement Alpha : 0...1...2...3...4...5...6...7...8...9...10
Building Physics collision data...
done (0) (7677 bytes)
Placing detail props : 0...1...2...3...4...5...6...7...8...9...10
Compacting texture/material tables...
Reduced 33 texinfos to 5
Reduced 3 texdatas to 3 (65 bytes to 65)
Writing c:\program files (x86)\steam\steamapps\sourcemods\who\maps\lift.bsp
0 seconds elapsed



8 threads
reading c:\program files (x86)\steam\steamapps\sourcemods\who\maps\lift.bsp
reading c:\program files (x86)\steam\steamapps\sourcemods\who\maps\lift.prt
  81 portalclusters
 216 numportals
0...1...2...3...4...5...6...7...8...9...100...1...2...3...4...5...6...7...8...9...10Optimized: 43 visible clusters (1.54%)
Total clusters visible: 2788
Average clusters visible: 34
Building PAS...
Average clusters audible: 76
visdatasize:2569  compressed from 2592
writing c:\program files (x86)\steam\steamapps\sourcemods\who\maps\lift.bsp
0 seconds elapsed



Could not find lights.rad in lights.rad.
Trying VRAD BIN directory instead...
Warning: Couldn't open texlight file C:\Program Files (x86)\Steam\steamapps\common\source sdk base 2013 singleplayer\bin\lights.rad.
Loading c:\program files (x86)\steam\steamapps\sourcemods\who\maps\lift.bsp
52 faces
13953 square feet [2009357.38 square inches]
0 Displacements
0 Square Feet [0.00 Square Inches]
52 patches before subdivision
608 patches after subdivision
4 direct lights
0...1...2...3...4...5...6...7...8...9...100...1...2...3...4...5...6...7...8...9...10transfers 23264, max 118
transfer lists:   0.2 megs
0...1...2...3...4...5...6...7...8...9...10	Bounce #1 added RGB(868, 884, 798)
0...1...2...3...4...5...6...7...8...9...10	Bounce #2 added RGB(330, 343, 279)
0...1...2...3...4...5...6...7...8...9...10	Bounce #3 added RGB(126, 133, 98)
0...1...2...3...4...5...6...7...8...9...10	Bounce #4 added RGB(48, 52, 34)
0...1...2...3...4...5...6...7...8...9...10	Bounce #5 added RGB(18, 20, 12)
0...1...2...3...4...5...6...7...8...9...10	Bounce #6 added RGB(7, 8, 4)
0...1...2...3...4...5...6...7...8...9...10	Bounce #7 added RGB(3, 3, 1)
0...1...2...3...4...5...6...7...8...9...10	Bounce #8 added RGB(1, 1, 0)
0...1...2...3...4...5...6...7...8...9...10	Bounce #9 added RGB(0, 0, 0)
Build Patch/Sample Hash Table(s).....Done<0.0001 sec>
0...1...2...3...4...5...6...7...8...9...10FinalLightFace Done
0 of 0 (0% of) surface lights went in leaf ambient cubes.
0...1...2...3...4...5...6...7...8...9...10Writing leaf ambient...done
Ready to Finish

Object names       Objects/Maxobjs  Memory / Maxmem  Fullness 
------------       ---------------  ---------------  -------- 
models                   1/1024           48/49152    ( 0.1%) 
brushes                 20/8192          240/98304    ( 0.2%) 
brushsides             120/65536         960/524288   ( 0.2%) 
planes                 118/65536        2360/1310720  ( 0.2%) 
vertexes               243/65536        2916/786432   ( 0.4%) 
nodes                  152/65536        4864/2097152  ( 0.2%) 
texinfos                 5/12288         360/884736   ( 0.0%) 
texdata                  3/2048           96/65536    ( 0.1%) 
dispinfos                0/0               0/0        ( 0.0%) 
disp_verts               0/0               0/0        ( 0.0%) 
disp_tris                0/0               0/0        ( 0.0%) 
disp_lmsamples           0/0               0/0        ( 0.0%) 
faces                   52/65536        2912/3670016  ( 0.1%) 
hdr faces                0/65536           0/3670016  ( 0.0%) 
origfaces               12/65536         672/3670016  ( 0.0%) 
leaves                 154/65536        4928/2097152  ( 0.2%) 
leaffaces              112/65536         224/131072   ( 0.2%) 
leafbrushes             72/65536         144/131072   ( 0.1%) 
areas                    2/256            16/2048     ( 0.8%) 
surfedges              268/512000       1072/2048000  ( 0.1%) 
edges                  183/256000        732/1024000  ( 0.1%) 
LDR worldlights          4/8192          352/720896   ( 0.0%) 
HDR worldlights          0/8192            0/720896   ( 0.0%) 
leafwaterdata            0/32768           0/393216   ( 0.0%) 
waterstrips              7/32768          70/327680   ( 0.0%) 
waterverts               0/65536           0/786432   ( 0.0%) 
waterindices           108/65536         216/131072   ( 0.2%) 
cubemapsamples           1/1024           16/16384    ( 0.1%) 
overlays                 0/512             0/180224   ( 0.0%) 
LDR lightdata         [variable]       12968/0        ( 0.0%) 
HDR lightdata         [variable]           0/0        ( 0.0%) 
visdata               [variable]        2569/16777216 ( 0.0%) 
entdata               [variable]        1569/393216   ( 0.4%) 
LDR ambient table      154/65536         616/262144   ( 0.2%) 
HDR ambient table      154/65536         616/262144   ( 0.2%) 
LDR leaf ambient       649/65536       18172/1835008  ( 1.0%) 
HDR leaf ambient       154/65536        4312/1835008  ( 0.2%) 
occluders                0/0               0/0        ( 0.0%) 
occluder polygons        0/0               0/0        ( 0.0%) 
occluder vert ind        0/0               0/0        ( 0.0%) 
detail props          [variable]           1/12       ( 8.3%) 
static props          [variable]           1/230      ( 0.4%) 
pakfile               [variable]          54/0        ( 0.0%) 
physics               [variable]        7677/4194304  ( 0.2%) 
physics terrain       [variable]           2/1048576  ( 0.0%) 

Level flags = 0

Total triangle count: 116
Writing c:\program files (x86)\steam\steamapps\sourcemods\who\maps\lift.bsp
0 seconds elapsed



Could not find lights.rad in lights.rad.
Trying VRAD BIN directory instead...
Warning: Couldn't open texlight file C:\Program Files (x86)\Steam\steamapps\common\source sdk base 2013 singleplayer\bin\lights.rad.
Loading c:\program files (x86)\steam\steamapps\sourcemods\who\maps\lift.bsp
52 faces
13953 square feet [2009357.38 square inches]
0 Displacements
0 Square Feet [0.00 Square Inches]
52 patches before subdivision
608 patches after subdivision
4 direct lights
0...1...2...3...4...5...6...7...8...9...100...1...2...3...4...5...6...7...8...9...10transfers 23264, max 118
transfer lists:   0.2 megs
0...1...2...3...4...5...6...7...8...9...10	Bounce #1 added RGB(868, 884, 798)
0...1...2...3...4...5...6...7...8...9...10	Bounce #2 added RGB(330, 343, 279)
0...1...2...3...4...5...6...7...8...9...10	Bounce #3 added RGB(126, 133, 98)
0...1...2...3...4...5...6...7...8...9...10	Bounce #4 added RGB(48, 52, 34)
0...1...2...3...4...5...6...7...8...9...10	Bounce #5 added RGB(18, 20, 12)
0...1...2...3...4...5...6...7...8...9...10	Bounce #6 added RGB(7, 8, 4)
0...1...2...3...4...5...6...7...8...9...10	Bounce #7 added RGB(3, 3, 1)
0...1...2...3...4...5...6...7...8...9...10	Bounce #8 added RGB(1, 1, 0)
0...1...2...3...4...5...6...7...8...9...10	Bounce #9 added RGB(0, 0, 0)
Build Patch/Sample Hash Table(s).....Done<0.0001 sec>
0...1...2...3...4...5...6...7...8...9...10FinalLightFace Done
0 of 0 (0% of) surface lights went in leaf ambient cubes.
0...1...2...3...4...5...6...7...8...9...10Writing leaf ambient...done
Ready to Finish

Object names       Objects/Maxobjs  Memory / Maxmem  Fullness 
------------       ---------------  ---------------  -------- 
models                   1/1024           48/49152    ( 0.1%) 
brushes                 20/8192          240/98304    ( 0.2%) 
brushsides             120/65536         960/524288   ( 0.2%) 
planes                 118/65536        2360/1310720  ( 0.2%) 
vertexes               243/65536        2916/786432   ( 0.4%) 
nodes                  152/65536        4864/2097152  ( 0.2%) 
texinfos                 5/12288         360/884736   ( 0.0%) 
texdata                  3/2048           96/65536    ( 0.1%) 
dispinfos                0/0               0/0        ( 0.0%) 
disp_verts               0/0               0/0        ( 0.0%) 
disp_tris                0/0               0/0        ( 0.0%) 
disp_lmsamples           0/0               0/0        ( 0.0%) 
faces                   52/65536        2912/3670016  ( 0.1%) 
hdr faces               52/65536        2912/3670016  ( 0.1%) 
origfaces               12/65536         672/3670016  ( 0.0%) 
leaves                 154/65536        4928/2097152  ( 0.2%) 
leaffaces              112/65536         224/131072   ( 0.2%) 
leafbrushes             72/65536         144/131072   ( 0.1%) 
areas                    2/256            16/2048     ( 0.8%) 
surfedges              268/512000       1072/2048000  ( 0.1%) 
edges                  183/256000        732/1024000  ( 0.1%) 
LDR worldlights          4/8192          352/720896   ( 0.0%) 
HDR worldlights          4/8192          352/720896   ( 0.0%) 
leafwaterdata            0/32768           0/393216   ( 0.0%) 
waterstrips              7/32768          70/327680   ( 0.0%) 
waterverts               0/65536           0/786432   ( 0.0%) 
waterindices           108/65536         216/131072   ( 0.2%) 
cubemapsamples           1/1024           16/16384    ( 0.1%) 
overlays                 0/512             0/180224   ( 0.0%) 
LDR lightdata         [variable]       12968/0        ( 0.0%) 
HDR lightdata         [variable]       12968/0        ( 0.0%) 
visdata               [variable]        2569/16777216 ( 0.0%) 
entdata               [variable]        1569/393216   ( 0.4%) 
LDR ambient table      154/65536         616/262144   ( 0.2%) 
HDR ambient table      154/65536         616/262144   ( 0.2%) 
LDR leaf ambient       649/65536       18172/1835008  ( 1.0%) 
HDR leaf ambient       649/65536       18172/1835008  ( 1.0%) 
occluders                0/0               0/0        ( 0.0%) 
occluder polygons        0/0               0/0        ( 0.0%) 
occluder vert ind        0/0               0/0        ( 0.0%) 
detail props          [variable]           1/12       ( 8.3%) 
static props          [variable]           1/230      ( 0.4%) 
pakfile               [variable]          54/0        ( 0.0%) 
physics               [variable]        7677/4194304  ( 0.2%) 
physics terrain       [variable]           2/1048576  ( 0.0%) 

Level flags = 0

Total triangle count: 116
Writing c:\program files (x86)\steam\steamapps\sourcemods\who\maps\lift.bsp
0 seconds elapsed



materialPath: C:\Program Files (x86)\Steam\steamapps\sourcemods\who\materials
Loading c:\program files (x86)\steam\steamapps\sourcemods\who\maps\lift.vmf
Could not locate 'GameData' key in c:\program files (x86)\steam\steamapps\sourcemods\who\gameinfo.txt
fixing up env_cubemap materials on brush sides...
0...1...2...3...4...5...6...7...8...9...100...1...2...3...4...5...6...7...8...9...10Processing areas...done (0)
Building Faces...done (0)
FixTjuncs...
PruneNodes...
WriteBSP...
done (0)
writing c:\program files (x86)\steam\steamapps\sourcemods\who\maps\lift.prt...Building visibility clusters...
done (0)
Finding displacement neighbors...
Finding lightmap sample positions...
Displacement Alpha : 0...1...2...3...4...5...6...7...8...9...10
Building Physics collision data...
done (0) (4669 bytes)
Placing detail props : 0...1...2...3...4...5...6...7...8...9...10
Compacting texture/material tables...
Reduced 27 texinfos to 5
Reduced 3 texdatas to 3 (65 bytes to 65)
Writing c:\program files (x86)\steam\steamapps\sourcemods\who\maps\lift.bsp
0 seconds elapsed



8 threads
reading c:\program files (x86)\steam\steamapps\sourcemods\who\maps\lift.bsp
reading c:\program files (x86)\steam\steamapps\sourcemods\who\maps\lift.prt
  48 portalclusters
 111 numportals
0...1...2...3...4...5...6...7...8...9...100...1...2...3...4...5...6...7...8...9...10Optimized: 0 visible clusters (0.00%)
Total clusters visible: 1526
Average clusters visible: 31
Building PAS...
Average clusters audible: 48
visdatasize:972  compressed from 768
writing c:\program files (x86)\steam\steamapps\sourcemods\who\maps\lift.bsp
0 seconds elapsed



Could not find lights.rad in lights.rad.
Trying VRAD BIN directory instead...
Warning: Couldn't open texlight file C:\Program Files (x86)\Steam\steamapps\common\source sdk base 2013 singleplayer\bin\lights.rad.
Loading c:\program files (x86)\steam\steamapps\sourcemods\who\maps\lift.bsp
48 faces
13953 square feet [2009357.38 square inches]
0 Displacements
0 Square Feet [0.00 Square Inches]
48 patches before subdivision
644 patches after subdivision
4 direct lights
0...1...2...3...4...5...6...7...8...9...100...1...2...3...4...5...6...7...8...9...10transfers 27767, max 131
transfer lists:   0.2 megs
0...1...2...3...4...5...6...7...8...9...10	Bounce #1 added RGB(992, 1011, 911)
0...1...2...3...4...5...6...7...8...9...10	Bounce #2 added RGB(388, 403, 328)
0...1...2...3...4...5...6...7...8...9...10	Bounce #3 added RGB(151, 160, 118)
0...1...2...3...4...5...6...7...8...9...10	Bounce #4 added RGB(59, 64, 42)
0...1...2...3...4...5...6...7...8...9...10	Bounce #5 added RGB(23, 25, 15)
0...1...2...3...4...5...6...7...8...9...10	Bounce #6 added RGB(9, 10, 5)
0...1...2...3...4...5...6...7...8...9...10	Bounce #7 added RGB(3, 4, 2)
0...1...2...3...4...5...6...7...8...9...10	Bounce #8 added RGB(1, 2, 1)
0...1...2...3...4...5...6...7...8...9...10	Bounce #9 added RGB(1, 1, 0)
Build Patch/Sample Hash Table(s).....Done<0.0001 sec>
0...1...2...3...4...5...6...7...8...9...10FinalLightFace Done
0 of 0 (0% of) surface lights went in leaf ambient cubes.
0...1...2...3...4...5...6...7...8...9...10Writing leaf ambient...done
Ready to Finish

Object names       Objects/Maxobjs  Memory / Maxmem  Fullness 
------------       ---------------  ---------------  -------- 
models                   1/1024           48/49152    ( 0.1%) 
brushes                 12/8192          144/98304    ( 0.1%) 
brushsides              72/65536         576/524288   ( 0.1%) 
planes                  76/65536        1520/1310720  ( 0.1%) 
vertexes               129/65536        1548/786432   ( 0.2%) 
nodes                   93/65536        2976/2097152  ( 0.1%) 
texinfos                 5/12288         360/884736   ( 0.0%) 
texdata                  3/2048           96/65536    ( 0.1%) 
dispinfos                0/0               0/0        ( 0.0%) 
disp_verts               0/0               0/0        ( 0.0%) 
disp_tris                0/0               0/0        ( 0.0%) 
disp_lmsamples           0/0               0/0        ( 0.0%) 
faces                   48/65536        2688/3670016  ( 0.1%) 
hdr faces                0/65536           0/3670016  ( 0.0%) 
origfaces               12/65536         672/3670016  ( 0.0%) 
leaves                  95/65536        3040/2097152  ( 0.1%) 
leaffaces               92/65536         184/131072   ( 0.1%) 
leafbrushes             42/65536          84/131072   ( 0.1%) 
areas                    2/256            16/2048     ( 0.8%) 
surfedges              240/512000        960/2048000  ( 0.0%) 
edges                  163/256000        652/1024000  ( 0.1%) 
LDR worldlights          4/8192          352/720896   ( 0.0%) 
HDR worldlights          0/8192            0/720896   ( 0.0%) 
leafwaterdata            0/32768           0/393216   ( 0.0%) 
waterstrips              2/32768          20/327680   ( 0.0%) 
waterverts               0/65536           0/786432   ( 0.0%) 
waterindices            36/65536          72/131072   ( 0.1%) 
cubemapsamples           1/1024           16/16384    ( 0.1%) 
overlays                 0/512             0/180224   ( 0.0%) 
LDR lightdata         [variable]       12216/0        ( 0.0%) 
HDR lightdata         [variable]           0/0        ( 0.0%) 
visdata               [variable]         972/16777216 ( 0.0%) 
entdata               [variable]        1569/393216   ( 0.4%) 
LDR ambient table       95/65536         380/262144   ( 0.1%) 
HDR ambient table       95/65536         380/262144   ( 0.1%) 
LDR leaf ambient       587/65536       16436/1835008  ( 0.9%) 
HDR leaf ambient        95/65536        2660/1835008  ( 0.1%) 
occluders                0/0               0/0        ( 0.0%) 
occluder polygons        0/0               0/0        ( 0.0%) 
occluder vert ind        0/0               0/0        ( 0.0%) 
detail props          [variable]           1/12       ( 8.3%) 
static props          [variable]           1/212      ( 0.5%) 
pakfile               [variable]          54/0        ( 0.0%) 
physics               [variable]        4669/4194304  ( 0.1%) 
physics terrain       [variable]           2/1048576  ( 0.0%) 

Level flags = 0

Total triangle count: 96
Writing c:\program files (x86)\steam\steamapps\sourcemods\who\maps\lift.bsp
0 seconds elapsed



Could not find lights.rad in lights.rad.
Trying VRAD BIN directory instead...
Warning: Couldn't open texlight file C:\Program Files (x86)\Steam\steamapps\common\source sdk base 2013 singleplayer\bin\lights.rad.
Loading c:\program files (x86)\steam\steamapps\sourcemods\who\maps\lift.bsp
48 faces
13953 square feet [2009357.38 square inches]
0 Displacements
0 Square Feet [0.00 Square Inches]
48 patches before subdivision
644 patches after subdivision
4 direct lights
0...1...2...3...4...5...6...7...8...9...100...1...2...3...4...5...6...7...8...9...10transfers 27767, max 131
transfer lists:   0.2 megs
0...1...2...3...4...5...6...7...8...9...10	Bounce #1 added RGB(992, 1011, 911)
0...1...2...3...4...5...6...7...8...9...10	Bounce #2 added RGB(388, 403, 328)
0...1...2...3...4...5...6...7...8...9...10	Bounce #3 added RGB(151, 160, 118)
0...1...2...3...4...5...6...7...8...9...10	Bounce #4 added RGB(59, 64, 42)
0...1...2...3...4...5...6...7...8...9...10	Bounce #5 added RGB(23, 25, 15)
0...1...2...3...4...5...6...7...8...9...10	Bounce #6 added RGB(9, 10, 5)
0...1...2...3...4...5...6...7...8...9...10	Bounce #7 added RGB(3, 4, 2)
0...1...2...3...4...5...6...7...8...9...10	Bounce #8 added RGB(1, 2, 1)
0...1...2...3...4...5...6...7...8...9...10	Bounce #9 added RGB(1, 1, 0)
Build Patch/Sample Hash Table(s).....Done<0.0001 sec>
0...1...2...3...4...5...6...7...8...9...10FinalLightFace Done
0 of 0 (0% of) surface lights went in leaf ambient cubes.
0...1...2...3...4...5...6...7...8...9...10Writing leaf ambient...done
Ready to Finish

Object names       Objects/Maxobjs  Memory / Maxmem  Fullness 
------------       ---------------  ---------------  -------- 
models                   1/1024           48/49152    ( 0.1%) 
brushes                 12/8192          144/98304    ( 0.1%) 
brushsides              72/65536         576/524288   ( 0.1%) 
planes                  76/65536        1520/1310720  ( 0.1%) 
vertexes               129/65536        1548/786432   ( 0.2%) 
nodes                   93/65536        2976/2097152  ( 0.1%) 
texinfos                 5/12288         360/884736   ( 0.0%) 
texdata                  3/2048           96/65536    ( 0.1%) 
dispinfos                0/0               0/0        ( 0.0%) 
disp_verts               0/0               0/0        ( 0.0%) 
disp_tris                0/0               0/0        ( 0.0%) 
disp_lmsamples           0/0               0/0        ( 0.0%) 
faces                   48/65536        2688/3670016  ( 0.1%) 
hdr faces               48/65536        2688/3670016  ( 0.1%) 
origfaces               12/65536         672/3670016  ( 0.0%) 
leaves                  95/65536        3040/2097152  ( 0.1%) 
leaffaces               92/65536         184/131072   ( 0.1%) 
leafbrushes             42/65536          84/131072   ( 0.1%) 
areas                    2/256            16/2048     ( 0.8%) 
surfedges              240/512000        960/2048000  ( 0.0%) 
edges                  163/256000        652/1024000  ( 0.1%) 
LDR worldlights          4/8192          352/720896   ( 0.0%) 
HDR worldlights          4/8192          352/720896   ( 0.0%) 
leafwaterdata            0/32768           0/393216   ( 0.0%) 
waterstrips              2/32768          20/327680   ( 0.0%) 
waterverts               0/65536           0/786432   ( 0.0%) 
waterindices            36/65536          72/131072   ( 0.1%) 
cubemapsamples           1/1024           16/16384    ( 0.1%) 
overlays                 0/512             0/180224   ( 0.0%) 
LDR lightdata         [variable]       12216/0        ( 0.0%) 
HDR lightdata         [variable]       12216/0        ( 0.0%) 
visdata               [variable]         972/16777216 ( 0.0%) 
entdata               [variable]        1569/393216   ( 0.4%) 
LDR ambient table       95/65536         380/262144   ( 0.1%) 
HDR ambient table       95/65536         380/262144   ( 0.1%) 
LDR leaf ambient       587/65536       16436/1835008  ( 0.9%) 
HDR leaf ambient       587/65536       16436/1835008  ( 0.9%) 
occluders                0/0               0/0        ( 0.0%) 
occluder polygons        0/0               0/0        ( 0.0%) 
occluder vert ind        0/0               0/0        ( 0.0%) 
detail props          [variable]           1/12       ( 8.3%) 
static props          [variable]           1/212      ( 0.5%) 
pakfile               [variable]          54/0        ( 0.0%) 
physics               [variable]        4669/4194304  ( 0.1%) 
physics terrain       [variable]           2/1048576  ( 0.0%) 

Level flags = 0

Total triangle count: 96
Writing c:\program files (x86)\steam\steamapps\sourcemods\who\maps\lift.bsp
0 seconds elapsed



materialPath: C:\Program Files (x86)\Steam\steamapps\sourcemods\who\materials
Loading c:\program files (x86)\steam\steamapps\sourcemods\who\maps\lift.vmf
Could not locate 'GameData' key in c:\program files (x86)\steam\steamapps\sourcemods\who\gameinfo.txt
fixing up env_cubemap materials on brush sides...
0...1...2...3...4...5...6...7...8...9...100...1...2...3...4...5...6...7...8...9...10Processing areas...done (0)
Building Faces...done (0)
FixTjuncs...
PruneNodes...
WriteBSP...
done (0)
writing c:\program files (x86)\steam\steamapps\sourcemods\who\maps\lift.prt...Building visibility clusters...
done (0)
Finding displacement neighbors...
Finding lightmap sample positions...
Displacement Alpha : 0...1...2...3...4...5...6...7...8...9...10
Building Physics collision data...
done (0) (7349 bytes)
Placing detail props : 0...1...2...3...4...5...6...7...8...9...10
Compacting texture/material tables...
Reduced 33 texinfos to 5
Reduced 3 texdatas to 3 (65 bytes to 65)
Writing c:\program files (x86)\steam\steamapps\sourcemods\who\maps\lift.bsp
0 seconds elapsed



8 threads
reading c:\program files (x86)\steam\steamapps\sourcemods\who\maps\lift.bsp
reading c:\program files (x86)\steam\steamapps\sourcemods\who\maps\lift.prt
  86 portalclusters
 228 numportals
0...1...2...3...4...5...6...7...8...9...100...1...2...3...4...5...6...7...8...9...10Optimized: 55 visible clusters (1.66%)
Total clusters visible: 3313
Average clusters visible: 38
Building PAS...
Average clusters audible: 80
visdatasize:2704  compressed from 2752
writing c:\program files (x86)\steam\steamapps\sourcemods\who\maps\lift.bsp
0 seconds elapsed



Could not find lights.rad in lights.rad.
Trying VRAD BIN directory instead...
Warning: Couldn't open texlight file C:\Program Files (x86)\Steam\steamapps\common\source sdk base 2013 singleplayer\bin\lights.rad.
Loading c:\program files (x86)\steam\steamapps\sourcemods\who\maps\lift.bsp
53 faces
13953 square feet [2009357.38 square inches]
0 Displacements
0 Square Feet [0.00 Square Inches]
53 patches before subdivision
655 patches after subdivision
4 direct lights
0...1...2...3...4...5...6...7...8...9...100...1...2...3...4...5...6...7...8...9...10transfers 27151, max 126
transfer lists:   0.2 megs
0...1...2...3...4...5...6...7...8...9...10	Bounce #1 added RGB(963, 982, 885)
0...1...2...3...4...5...6...7...8...9...10	Bounce #2 added RGB(371, 385, 313)
0...1...2...3...4...5...6...7...8...9...10	Bounce #3 added RGB(142, 150, 110)
0...1...2...3...4...5...6...7...8...9...10	Bounce #4 added RGB(54, 58, 38)
0...1...2...3...4...5...6...7...8...9...10	Bounce #5 added RGB(20, 22, 13)
0...1...2...3...4...5...6...7...8...9...10	Bounce #6 added RGB(8, 9, 5)
0...1...2...3...4...5...6...7...8...9...10	Bounce #7 added RGB(3, 3, 2)
0...1...2...3...4...5...6...7...8...9...10	Bounce #8 added RGB(1, 1, 1)
0...1...2...3...4...5...6...7...8...9...10	Bounce #9 added RGB(0, 0, 0)
Build Patch/Sample Hash Table(s).....Done<0.0001 sec>
0...1...2...3...4...5...6...7...8...9...10FinalLightFace Done
0 of 0 (0% of) surface lights went in leaf ambient cubes.
0...1...2...3...4...5...6...7...8...9...10Writing leaf ambient...done
Ready to Finish

Object names       Objects/Maxobjs  Memory / Maxmem  Fullness 
------------       ---------------  ---------------  -------- 
models                   1/1024           48/49152    ( 0.1%) 
brushes                 19/8192          228/98304    ( 0.2%) 
brushsides             114/65536         912/524288   ( 0.2%) 
planes                 116/65536        2320/1310720  ( 0.2%) 
vertexes               250/65536        3000/786432   ( 0.4%) 
nodes                  156/65536        4992/2097152  ( 0.2%) 
texinfos                 5/12288         360/884736   ( 0.0%) 
texdata                  3/2048           96/65536    ( 0.1%) 
dispinfos                0/0               0/0        ( 0.0%) 
disp_verts               0/0               0/0        ( 0.0%) 
disp_tris                0/0               0/0        ( 0.0%) 
disp_lmsamples           0/0               0/0        ( 0.0%) 
faces                   53/65536        2968/3670016  ( 0.1%) 
hdr faces                0/65536           0/3670016  ( 0.0%) 
origfaces               12/65536         672/3670016  ( 0.0%) 
leaves                 158/65536        5056/2097152  ( 0.2%) 
leaffaces              117/65536         234/131072   ( 0.2%) 
leafbrushes             71/65536         142/131072   ( 0.1%) 
areas                    2/256            16/2048     ( 0.8%) 
surfedges              270/512000       1080/2048000  ( 0.1%) 
edges                  183/256000        732/1024000  ( 0.1%) 
LDR worldlights          4/8192          352/720896   ( 0.0%) 
HDR worldlights          0/8192            0/720896   ( 0.0%) 
leafwaterdata            0/32768           0/393216   ( 0.0%) 
waterstrips             11/32768         110/327680   ( 0.0%) 
waterverts               0/65536           0/786432   ( 0.0%) 
waterindices           174/65536         348/131072   ( 0.3%) 
cubemapsamples           1/1024           16/16384    ( 0.1%) 
overlays                 0/512             0/180224   ( 0.0%) 
LDR lightdata         [variable]       13156/0        ( 0.0%) 
HDR lightdata         [variable]           0/0        ( 0.0%) 
visdata               [variable]        2704/16777216 ( 0.0%) 
entdata               [variable]        1569/393216   ( 0.4%) 
LDR ambient table      158/65536         632/262144   ( 0.2%) 
HDR ambient table      158/65536         632/262144   ( 0.2%) 
LDR leaf ambient       720/65536       20160/1835008  ( 1.1%) 
HDR leaf ambient       158/65536        4424/1835008  ( 0.2%) 
occluders                0/0               0/0        ( 0.0%) 
occluder polygons        0/0               0/0        ( 0.0%) 
occluder vert ind        0/0               0/0        ( 0.0%) 
detail props          [variable]           1/12       ( 8.3%) 
static props          [variable]           1/230      ( 0.4%) 
pakfile               [variable]          54/0        ( 0.0%) 
physics               [variable]        7349/4194304  ( 0.2%) 
physics terrain       [variable]           2/1048576  ( 0.0%) 

Level flags = 0

Total triangle count: 116
Writing c:\program files (x86)\steam\steamapps\sourcemods\who\maps\lift.bsp
0 seconds elapsed



Could not find lights.rad in lights.rad.
Trying VRAD BIN directory instead...
Warning: Couldn't open texlight file C:\Program Files (x86)\Steam\steamapps\common\source sdk base 2013 singleplayer\bin\lights.rad.
Loading c:\program files (x86)\steam\steamapps\sourcemods\who\maps\lift.bsp
53 faces
13953 square feet [2009357.38 square inches]
0 Displacements
0 Square Feet [0.00 Square Inches]
53 patches before subdivision
655 patches after subdivision
4 direct lights
0...1...2...3...4...5...6...7...8...9...100...1...2...3...4...5...6...7...8...9...10transfers 27151, max 126
transfer lists:   0.2 megs
0...1...2...3...4...5...6...7...8...9...10	Bounce #1 added RGB(963, 982, 885)
0...1...2...3...4...5...6...7...8...9...10	Bounce #2 added RGB(371, 385, 313)
0...1...2...3...4...5...6...7...8...9...10	Bounce #3 added RGB(142, 150, 110)
0...1...2...3...4...5...6...7...8...9...10	Bounce #4 added RGB(54, 58, 38)
0...1...2...3...4...5...6...7...8...9...10	Bounce #5 added RGB(20, 22, 13)
0...1...2...3...4...5...6...7...8...9...10	Bounce #6 added RGB(8, 9, 5)
0...1...2...3...4...5...6...7...8...9...10	Bounce #7 added RGB(3, 3, 2)
0...1...2...3...4...5...6...7...8...9...10	Bounce #8 added RGB(1, 1, 1)
0...1...2...3...4...5...6...7...8...9...10	Bounce #9 added RGB(0, 0, 0)
Build Patch/Sample Hash Table(s).....Done<0.0001 sec>
0...1...2...3...4...5...6...7...8...9...10FinalLightFace Done
0 of 0 (0% of) surface lights went in leaf ambient cubes.
0...1...2...3...4...5...6...7...8...9...10Writing leaf ambient...done
Ready to Finish

Object names       Objects/Maxobjs  Memory / Maxmem  Fullness 
------------       ---------------  ---------------  -------- 
models                   1/1024           48/49152    ( 0.1%) 
brushes                 19/8192          228/98304    ( 0.2%) 
brushsides             114/65536         912/524288   ( 0.2%) 
planes                 116/65536        2320/1310720  ( 0.2%) 
vertexes               250/65536        3000/786432   ( 0.4%) 
nodes                  156/65536        4992/2097152  ( 0.2%) 
texinfos                 5/12288         360/884736   ( 0.0%) 
texdata                  3/2048           96/65536    ( 0.1%) 
dispinfos                0/0               0/0        ( 0.0%) 
disp_verts               0/0               0/0        ( 0.0%) 
disp_tris                0/0               0/0        ( 0.0%) 
disp_lmsamples           0/0               0/0        ( 0.0%) 
faces                   53/65536        2968/3670016  ( 0.1%) 
hdr faces               53/65536        2968/3670016  ( 0.1%) 
origfaces               12/65536         672/3670016  ( 0.0%) 
leaves                 158/65536        5056/2097152  ( 0.2%) 
leaffaces              117/65536         234/131072   ( 0.2%) 
leafbrushes             71/65536         142/131072   ( 0.1%) 
areas                    2/256            16/2048     ( 0.8%) 
surfedges              270/512000       1080/2048000  ( 0.1%) 
edges                  183/256000        732/1024000  ( 0.1%) 
LDR worldlights          4/8192          352/720896   ( 0.0%) 
HDR worldlights          4/8192          352/720896   ( 0.0%) 
leafwaterdata            0/32768           0/393216   ( 0.0%) 
waterstrips             11/32768         110/327680   ( 0.0%) 
waterverts               0/65536           0/786432   ( 0.0%) 
waterindices           174/65536         348/131072   ( 0.3%) 
cubemapsamples           1/1024           16/16384    ( 0.1%) 
overlays                 0/512             0/180224   ( 0.0%) 
LDR lightdata         [variable]       13156/0        ( 0.0%) 
HDR lightdata         [variable]       13156/0        ( 0.0%) 
visdata               [variable]        2704/16777216 ( 0.0%) 
entdata               [variable]        1569/393216   ( 0.4%) 
LDR ambient table      158/65536         632/262144   ( 0.2%) 
HDR ambient table      158/65536         632/262144   ( 0.2%) 
LDR leaf ambient       720/65536       20160/1835008  ( 1.1%) 
HDR leaf ambient       720/65536       20160/1835008  ( 1.1%) 
occluders                0/0               0/0        ( 0.0%) 
occluder polygons        0/0               0/0        ( 0.0%) 
occluder vert ind        0/0               0/0        ( 0.0%) 
detail props          [variable]           1/12       ( 8.3%) 
static props          [variable]           1/230      ( 0.4%) 
pakfile               [variable]          54/0        ( 0.0%) 
physics               [variable]        7349/4194304  ( 0.2%) 
physics terrain       [variable]           2/1048576  ( 0.0%) 

Level flags = 0

Total triangle count: 116
Writing c:\program files (x86)\steam\steamapps\sourcemods\who\maps\lift.bsp
0 seconds elapsed



materialPath: C:\Program Files (x86)\Steam\steamapps\sourcemods\who\materials
Loading c:\program files (x86)\steam\steamapps\sourcemods\who\maps\lift.vmf
Could not locate 'GameData' key in c:\program files (x86)\steam\steamapps\sourcemods\who\gameinfo.txt
fixing up env_cubemap materials on brush sides...
0...1...2...3...4...5...6...7...8...9...100...1...2...3...4...5...6...7...8...9...10Processing areas...done (0)
Building Faces...done (0)
FixTjuncs...
PruneNodes...
WriteBSP...
done (0)
writing c:\program files (x86)\steam\steamapps\sourcemods\who\maps\lift.prt...Building visibility clusters...
done (0)
Finding displacement neighbors...
Finding lightmap sample positions...
Displacement Alpha : 0...1...2...3...4...5...6...7...8...9...10
Building Physics collision data...
done (0) (7349 bytes)
Placing detail props : 0...1...2...3...4...5...6...7...8...9...10
Compacting texture/material tables...
Reduced 33 texinfos to 5
Reduced 3 texdatas to 3 (65 bytes to 65)
Writing c:\program files (x86)\steam\steamapps\sourcemods\who\maps\lift.bsp
0 seconds elapsed



8 threads
reading c:\program files (x86)\steam\steamapps\sourcemods\who\maps\lift.bsp
reading c:\program files (x86)\steam\steamapps\sourcemods\who\maps\lift.prt
  86 portalclusters
 228 numportals
0...1...2...3...4...5...6...7...8...9...100...1...2...3...4...5...6...7...8...9...10Optimized: 55 visible clusters (1.66%)
Total clusters visible: 3313
Average clusters visible: 38
Building PAS...
Average clusters audible: 80
visdatasize:2704  compressed from 2752
writing c:\program files (x86)\steam\steamapps\sourcemods\who\maps\lift.bsp
0 seconds elapsed



Could not find lights.rad in lights.rad.
Trying VRAD BIN directory instead...
Warning: Couldn't open texlight file C:\Program Files (x86)\Steam\steamapps\common\source sdk base 2013 singleplayer\bin\lights.rad.
Loading c:\program files (x86)\steam\steamapps\sourcemods\who\maps\lift.bsp
53 faces
13953 square feet [2009357.38 square inches]
0 Displacements
0 Square Feet [0.00 Square Inches]
53 patches before subdivision
655 patches after subdivision
4 direct lights
0...1...2...3...4...5...6...7...8...9...100...1...2...3...4...5...6...7...8...9...10transfers 27151, max 126
transfer lists:   0.2 megs
0...1...2...3...4...5...6...7...8...9...10	Bounce #1 added RGB(963, 982, 885)
0...1...2...3...4...5...6...7...8...9...10	Bounce #2 added RGB(371, 385, 313)
0...1...2...3...4...5...6...7...8...9...10	Bounce #3 added RGB(142, 150, 110)
0...1...2...3...4...5...6...7...8...9...10	Bounce #4 added RGB(54, 58, 38)
0...1...2...3...4...5...6...7...8...9...10	Bounce #5 added RGB(20, 22, 13)
0...1...2...3...4...5...6...7...8...9...10	Bounce #6 added RGB(8, 9, 5)
0...1...2...3...4...5...6...7...8...9...10	Bounce #7 added RGB(3, 3, 2)
0...1...2...3...4...5...6...7...8...9...10	Bounce #8 added RGB(1, 1, 1)
0...1...2...3...4...5...6...7...8...9...10	Bounce #9 added RGB(0, 0, 0)
Build Patch/Sample Hash Table(s).....Done<0.0002 sec>
0...1...2...3...4...5...6...7...8...9...10FinalLightFace Done
0 of 0 (0% of) surface lights went in leaf ambient cubes.
0...1...2...3...4...5...6...7...8...9...10Writing leaf ambient...done
Ready to Finish

Object names       Objects/Maxobjs  Memory / Maxmem  Fullness 
------------       ---------------  ---------------  -------- 
models                   1/1024           48/49152    ( 0.1%) 
brushes                 19/8192          228/98304    ( 0.2%) 
brushsides             114/65536         912/524288   ( 0.2%) 
planes                 116/65536        2320/1310720  ( 0.2%) 
vertexes               250/65536        3000/786432   ( 0.4%) 
nodes                  156/65536        4992/2097152  ( 0.2%) 
texinfos                 5/12288         360/884736   ( 0.0%) 
texdata                  3/2048           96/65536    ( 0.1%) 
dispinfos                0/0               0/0        ( 0.0%) 
disp_verts               0/0               0/0        ( 0.0%) 
disp_tris                0/0               0/0        ( 0.0%) 
disp_lmsamples           0/0               0/0        ( 0.0%) 
faces                   53/65536        2968/3670016  ( 0.1%) 
hdr faces                0/65536           0/3670016  ( 0.0%) 
origfaces               12/65536         672/3670016  ( 0.0%) 
leaves                 158/65536        5056/2097152  ( 0.2%) 
leaffaces              117/65536         234/131072   ( 0.2%) 
leafbrushes             71/65536         142/131072   ( 0.1%) 
areas                    2/256            16/2048     ( 0.8%) 
surfedges              270/512000       1080/2048000  ( 0.1%) 
edges                  183/256000        732/1024000  ( 0.1%) 
LDR worldlights          4/8192          352/720896   ( 0.0%) 
HDR worldlights          0/8192            0/720896   ( 0.0%) 
leafwaterdata            0/32768           0/393216   ( 0.0%) 
waterstrips             11/32768         110/327680   ( 0.0%) 
waterverts               0/65536           0/786432   ( 0.0%) 
waterindices           174/65536         348/131072   ( 0.3%) 
cubemapsamples           1/1024           16/16384    ( 0.1%) 
overlays                 0/512             0/180224   ( 0.0%) 
LDR lightdata         [variable]       13156/0        ( 0.0%) 
HDR lightdata         [variable]           0/0        ( 0.0%) 
visdata               [variable]        2704/16777216 ( 0.0%) 
entdata               [variable]        1569/393216   ( 0.4%) 
LDR ambient table      158/65536         632/262144   ( 0.2%) 
HDR ambient table      158/65536         632/262144   ( 0.2%) 
LDR leaf ambient       720/65536       20160/1835008  ( 1.1%) 
HDR leaf ambient       158/65536        4424/1835008  ( 0.2%) 
occluders                0/0               0/0        ( 0.0%) 
occluder polygons        0/0               0/0        ( 0.0%) 
occluder vert ind        0/0               0/0        ( 0.0%) 
detail props          [variable]           1/12       ( 8.3%) 
static props          [variable]           1/230      ( 0.4%) 
pakfile               [variable]          54/0        ( 0.0%) 
physics               [variable]        7349/4194304  ( 0.2%) 
physics terrain       [variable]           2/1048576  ( 0.0%) 

Level flags = 0

Total triangle count: 116
Writing c:\program files (x86)\steam\steamapps\sourcemods\who\maps\lift.bsp
0 seconds elapsed



Could not find lights.rad in lights.rad.
Trying VRAD BIN directory instead...
Warning: Couldn't open texlight file C:\Program Files (x86)\Steam\steamapps\common\source sdk base 2013 singleplayer\bin\lights.rad.
Loading c:\program files (x86)\steam\steamapps\sourcemods\who\maps\lift.bsp
53 faces
13953 square feet [2009357.38 square inches]
0 Displacements
0 Square Feet [0.00 Square Inches]
53 patches before subdivision
655 patches after subdivision
4 direct lights
0...1...2...3...4...5...6...7...8...9...100...1...2...3...4...5...6...7...8...9...10transfers 27151, max 126
transfer lists:   0.2 megs
0...1...2...3...4...5...6...7...8...9...10	Bounce #1 added RGB(963, 982, 885)
0...1...2...3...4...5...6...7...8...9...10	Bounce #2 added RGB(371, 385, 313)
0...1...2...3...4...5...6...7...8...9...10	Bounce #3 added RGB(142, 150, 110)
0...1...2...3...4...5...6...7...8...9...10	Bounce #4 added RGB(54, 58, 38)
0...1...2...3...4...5...6...7...8...9...10	Bounce #5 added RGB(20, 22, 13)
0...1...2...3...4...5...6...7...8...9...10	Bounce #6 added RGB(8, 9, 5)
0...1...2...3...4...5...6...7...8...9...10	Bounce #7 added RGB(3, 3, 2)
0...1...2...3...4...5...6...7...8...9...10	Bounce #8 added RGB(1, 1, 1)
0...1...2...3...4...5...6...7...8...9...10	Bounce #9 added RGB(0, 0, 0)
Build Patch/Sample Hash Table(s).....Done<0.0001 sec>
0...1...2...3...4...5...6...7...8...9...10FinalLightFace Done
0 of 0 (0% of) surface lights went in leaf ambient cubes.
0...1...2...3...4...5...6...7...8...9...10Writing leaf ambient...done
Ready to Finish

Object names       Objects/Maxobjs  Memory / Maxmem  Fullness 
------------       ---------------  ---------------  -------- 
models                   1/1024           48/49152    ( 0.1%) 
brushes                 19/8192          228/98304    ( 0.2%) 
brushsides             114/65536         912/524288   ( 0.2%) 
planes                 116/65536        2320/1310720  ( 0.2%) 
vertexes               250/65536        3000/786432   ( 0.4%) 
nodes                  156/65536        4992/2097152  ( 0.2%) 
texinfos                 5/12288         360/884736   ( 0.0%) 
texdata                  3/2048           96/65536    ( 0.1%) 
dispinfos                0/0               0/0        ( 0.0%) 
disp_verts               0/0               0/0        ( 0.0%) 
disp_tris                0/0               0/0        ( 0.0%) 
disp_lmsamples           0/0               0/0        ( 0.0%) 
faces                   53/65536        2968/3670016  ( 0.1%) 
hdr faces               53/65536        2968/3670016  ( 0.1%) 
origfaces               12/65536         672/3670016  ( 0.0%) 
leaves                 158/65536        5056/2097152  ( 0.2%) 
leaffaces              117/65536         234/131072   ( 0.2%) 
leafbrushes             71/65536         142/131072   ( 0.1%) 
areas                    2/256            16/2048     ( 0.8%) 
surfedges              270/512000       1080/2048000  ( 0.1%) 
edges                  183/256000        732/1024000  ( 0.1%) 
LDR worldlights          4/8192          352/720896   ( 0.0%) 
HDR worldlights          4/8192          352/720896   ( 0.0%) 
leafwaterdata            0/32768           0/393216   ( 0.0%) 
waterstrips             11/32768         110/327680   ( 0.0%) 
waterverts               0/65536           0/786432   ( 0.0%) 
waterindices           174/65536         348/131072   ( 0.3%) 
cubemapsamples           1/1024           16/16384    ( 0.1%) 
overlays                 0/512             0/180224   ( 0.0%) 
LDR lightdata         [variable]       13156/0        ( 0.0%) 
HDR lightdata         [variable]       13156/0        ( 0.0%) 
visdata               [variable]        2704/16777216 ( 0.0%) 
entdata               [variable]        1569/393216   ( 0.4%) 
LDR ambient table      158/65536         632/262144   ( 0.2%) 
HDR ambient table      158/65536         632/262144   ( 0.2%) 
LDR leaf ambient       720/65536       20160/1835008  ( 1.1%) 
HDR leaf ambient       720/65536       20160/1835008  ( 1.1%) 
occluders                0/0               0/0        ( 0.0%) 
occluder polygons        0/0               0/0        ( 0.0%) 
occluder vert ind        0/0               0/0        ( 0.0%) 
detail props          [variable]           1/12       ( 8.3%) 
static props          [variable]           1/230      ( 0.4%) 
pakfile               [variable]          54/0        ( 0.0%) 
physics               [variable]        7349/4194304  ( 0.2%) 
physics terrain       [variable]           2/1048576  ( 0.0%) 

Level flags = 0

Total triangle count: 116
Writing c:\program files (x86)\steam\steamapps\sourcemods\who\maps\lift.bsp
0 seconds elapsed



materialPath: C:\Program Files (x86)\Steam\steamapps\sourcemods\who\materials
Loading c:\program files (x86)\steam\steamapps\sourcemods\who\maps\lift.vmf
Could not locate 'GameData' key in c:\program files (x86)\steam\steamapps\sourcemods\who\gameinfo.txt
fixing up env_cubemap materials on brush sides...
0...1...2...3...4...5...6...7...8...9...100...1...2...3...4...5...6...7...8...9...10Processing areas...done (0)
Building Faces...done (0)
FixTjuncs...
PruneNodes...
WriteBSP...
done (0)
writing c:\program files (x86)\steam\steamapps\sourcemods\who\maps\lift.prt...Building visibility clusters...
done (0)
Finding displacement neighbors...
Finding lightmap sample positions...
Displacement Alpha : 0...1...2...3...4...5...6...7...8...9...10
Building Physics collision data...
done (0) (7349 bytes)
Placing detail props : 0...1...2...3...4...5...6...7...8...9...10
Compacting texture/material tables...
Reduced 33 texinfos to 5
Reduced 3 texdatas to 3 (65 bytes to 65)
Writing c:\program files (x86)\steam\steamapps\sourcemods\who\maps\lift.bsp
0 seconds elapsed



8 threads
reading c:\program files (x86)\steam\steamapps\sourcemods\who\maps\lift.bsp
reading c:\program files (x86)\steam\steamapps\sourcemods\who\maps\lift.prt
  86 portalclusters
 228 numportals
0...1...2...3...4...5...6...7...8...9...100...1...2...3...4...5...6...7...8...9...10Optimized: 55 visible clusters (1.66%)
Total clusters visible: 3313
Average clusters visible: 38
Building PAS...
Average clusters audible: 80
visdatasize:2704  compressed from 2752
writing c:\program files (x86)\steam\steamapps\sourcemods\who\maps\lift.bsp
0 seconds elapsed



Could not find lights.rad in lights.rad.
Trying VRAD BIN directory instead...
Warning: Couldn't open texlight file C:\Program Files (x86)\Steam\steamapps\common\source sdk base 2013 singleplayer\bin\lights.rad.
Loading c:\program files (x86)\steam\steamapps\sourcemods\who\maps\lift.bsp
53 faces
13953 square feet [2009357.38 square inches]
0 Displacements
0 Square Feet [0.00 Square Inches]
53 patches before subdivision
655 patches after subdivision
4 direct lights
0...1...2...3...4...5...6...7...8...9...100...1...2...3...4...5...6...7...8...9...10transfers 27490, max 128
transfer lists:   0.2 megs
0...1...2...3...4...5...6...7...8...9...10	Bounce #1 added RGB(985, 1004, 905)
0...1...2...3...4...5...6...7...8...9...10	Bounce #2 added RGB(381, 396, 322)
0...1...2...3...4...5...6...7...8...9...10	Bounce #3 added RGB(146, 155, 114)
0...1...2...3...4...5...6...7...8...9...10	Bounce #4 added RGB(56, 60, 40)
0...1...2...3...4...5...6...7...8...9...10	Bounce #5 added RGB(21, 23, 14)
0...1...2...3...4...5...6...7...8...9...10	Bounce #6 added RGB(8, 9, 5)
0...1...2...3...4...5...6...7...8...9...10	Bounce #7 added RGB(3, 4, 2)
0...1...2...3...4...5...6...7...8...9...10	Bounce #8 added RGB(1, 1, 1)
0...1...2...3...4...5...6...7...8...9...10	Bounce #9 added RGB(0, 1, 0)
Build Patch/Sample Hash Table(s).....Done<0.0001 sec>
0...1...2...3...4...5...6...7...8...9...10FinalLightFace Done
0 of 0 (0% of) surface lights went in leaf ambient cubes.
0...1...2...3...4...5...6...7...8...9...10Writing leaf ambient...done
Ready to Finish

Object names       Objects/Maxobjs  Memory / Maxmem  Fullness 
------------       ---------------  ---------------  -------- 
models                   1/1024           48/49152    ( 0.1%) 
brushes                 19/8192          228/98304    ( 0.2%) 
brushsides             114/65536         912/524288   ( 0.2%) 
planes                 116/65536        2320/1310720  ( 0.2%) 
vertexes               250/65536        3000/786432   ( 0.4%) 
nodes                  156/65536        4992/2097152  ( 0.2%) 
texinfos                 5/12288         360/884736   ( 0.0%) 
texdata                  3/2048           96/65536    ( 0.1%) 
dispinfos                0/0               0/0        ( 0.0%) 
disp_verts               0/0               0/0        ( 0.0%) 
disp_tris                0/0               0/0        ( 0.0%) 
disp_lmsamples           0/0               0/0        ( 0.0%) 
faces                   53/65536        2968/3670016  ( 0.1%) 
hdr faces                0/65536           0/3670016  ( 0.0%) 
origfaces               12/65536         672/3670016  ( 0.0%) 
leaves                 158/65536        5056/2097152  ( 0.2%) 
leaffaces              117/65536         234/131072   ( 0.2%) 
leafbrushes             71/65536         142/131072   ( 0.1%) 
areas                    2/256            16/2048     ( 0.8%) 
surfedges              270/512000       1080/2048000  ( 0.1%) 
edges                  183/256000        732/1024000  ( 0.1%) 
LDR worldlights          4/8192          352/720896   ( 0.0%) 
HDR worldlights          0/8192            0/720896   ( 0.0%) 
leafwaterdata            0/32768           0/393216   ( 0.0%) 
waterstrips             11/32768         110/327680   ( 0.0%) 
waterverts               0/65536           0/786432   ( 0.0%) 
waterindices           174/65536         348/131072   ( 0.3%) 
cubemapsamples           1/1024           16/16384    ( 0.1%) 
overlays                 0/512             0/180224   ( 0.0%) 
LDR lightdata         [variable]       13156/0        ( 0.0%) 
HDR lightdata         [variable]           0/0        ( 0.0%) 
visdata               [variable]        2704/16777216 ( 0.0%) 
entdata               [variable]        2167/393216   ( 0.6%) 
LDR ambient table      158/65536         632/262144   ( 0.2%) 
HDR ambient table      158/65536         632/262144   ( 0.2%) 
LDR leaf ambient       721/65536       20188/1835008  ( 1.1%) 
HDR leaf ambient       158/65536        4424/1835008  ( 0.2%) 
occluders                0/0               0/0        ( 0.0%) 
occluder polygons        0/0               0/0        ( 0.0%) 
occluder vert ind        0/0               0/0        ( 0.0%) 
detail props          [variable]           1/12       ( 8.3%) 
static props          [variable]           1/12       ( 8.3%) 
pakfile               [variable]          54/0        ( 0.0%) 
physics               [variable]        7349/4194304  ( 0.2%) 
physics terrain       [variable]           2/1048576  ( 0.0%) 

Level flags = 0

Total triangle count: 116
Writing c:\program files (x86)\steam\steamapps\sourcemods\who\maps\lift.bsp
0 seconds elapsed



Could not find lights.rad in lights.rad.
Trying VRAD BIN directory instead...
Warning: Couldn't open texlight file C:\Program Files (x86)\Steam\steamapps\common\source sdk base 2013 singleplayer\bin\lights.rad.
Loading c:\program files (x86)\steam\steamapps\sourcemods\who\maps\lift.bsp
53 faces
13953 square feet [2009357.38 square inches]
0 Displacements
0 Square Feet [0.00 Square Inches]
53 patches before subdivision
655 patches after subdivision
4 direct lights
0...1...2...3...4...5...6...7...8...9...100...1...2...3...4...5...6...7...8...9...10transfers 27490, max 128
transfer lists:   0.2 megs
0...1...2...3...4...5...6...7...8...9...10	Bounce #1 added RGB(985, 1004, 905)
0...1...2...3...4...5...6...7...8...9...10	Bounce #2 added RGB(381, 396, 322)
0...1...2...3...4...5...6...7...8...9...10	Bounce #3 added RGB(146, 155, 114)
0...1...2...3...4...5...6...7...8...9...10	Bounce #4 added RGB(56, 60, 40)
0...1...2...3...4...5...6...7...8...9...10	Bounce #5 added RGB(21, 23, 14)
0...1...2...3...4...5...6...7...8...9...10	Bounce #6 added RGB(8, 9, 5)
0...1...2...3...4...5...6...7...8...9...10	Bounce #7 added RGB(3, 4, 2)
0...1...2...3...4...5...6...7...8...9...10	Bounce #8 added RGB(1, 1, 1)
0...1...2...3...4...5...6...7...8...9...10	Bounce #9 added RGB(0, 1, 0)
Build Patch/Sample Hash Table(s).....Done<0.0001 sec>
0...1...2...3...4...5...6...7...8...9...10FinalLightFace Done
0 of 0 (0% of) surface lights went in leaf ambient cubes.
0...1...2...3...4...5...6...7...8...9...10Writing leaf ambient...done
Ready to Finish

Object names       Objects/Maxobjs  Memory / Maxmem  Fullness 
------------       ---------------  ---------------  -------- 
models                   1/1024           48/49152    ( 0.1%) 
brushes                 19/8192          228/98304    ( 0.2%) 
brushsides             114/65536         912/524288   ( 0.2%) 
planes                 116/65536        2320/1310720  ( 0.2%) 
vertexes               250/65536        3000/786432   ( 0.4%) 
nodes                  156/65536        4992/2097152  ( 0.2%) 
texinfos                 5/12288         360/884736   ( 0.0%) 
texdata                  3/2048           96/65536    ( 0.1%) 
dispinfos                0/0               0/0        ( 0.0%) 
disp_verts               0/0               0/0        ( 0.0%) 
disp_tris                0/0               0/0        ( 0.0%) 
disp_lmsamples           0/0               0/0        ( 0.0%) 
faces                   53/65536        2968/3670016  ( 0.1%) 
hdr faces               53/65536        2968/3670016  ( 0.1%) 
origfaces               12/65536         672/3670016  ( 0.0%) 
leaves                 158/65536        5056/2097152  ( 0.2%) 
leaffaces              117/65536         234/131072   ( 0.2%) 
leafbrushes             71/65536         142/131072   ( 0.1%) 
areas                    2/256            16/2048     ( 0.8%) 
surfedges              270/512000       1080/2048000  ( 0.1%) 
edges                  183/256000        732/1024000  ( 0.1%) 
LDR worldlights          4/8192          352/720896   ( 0.0%) 
HDR worldlights          4/8192          352/720896   ( 0.0%) 
leafwaterdata            0/32768           0/393216   ( 0.0%) 
waterstrips             11/32768         110/327680   ( 0.0%) 
waterverts               0/65536           0/786432   ( 0.0%) 
waterindices           174/65536         348/131072   ( 0.3%) 
cubemapsamples           1/1024           16/16384    ( 0.1%) 
overlays                 0/512             0/180224   ( 0.0%) 
LDR lightdata         [variable]       13156/0        ( 0.0%) 
HDR lightdata         [variable]       13156/0        ( 0.0%) 
visdata               [variable]        2704/16777216 ( 0.0%) 
entdata               [variable]        2167/393216   ( 0.6%) 
LDR ambient table      158/65536         632/262144   ( 0.2%) 
HDR ambient table      158/65536         632/262144   ( 0.2%) 
LDR leaf ambient       721/65536       20188/1835008  ( 1.1%) 
HDR leaf ambient       721/65536       20188/1835008  ( 1.1%) 
occluders                0/0               0/0        ( 0.0%) 
occluder polygons        0/0               0/0        ( 0.0%) 
occluder vert ind        0/0               0/0        ( 0.0%) 
detail props          [variable]           1/12       ( 8.3%) 
static props          [variable]           1/12       ( 8.3%) 
pakfile               [variable]          54/0        ( 0.0%) 
physics               [variable]        7349/4194304  ( 0.2%) 
physics terrain       [variable]           2/1048576  ( 0.0%) 

Level flags = 0

Total triangle count: 116
Writing c:\program files (x86)\steam\steamapps\sourcemods\who\maps\lift.bsp
0 seconds elapsed



materialPath: C:\Program Files (x86)\Steam\steamapps\sourcemods\who\materials
Loading c:\program files (x86)\steam\steamapps\sourcemods\who\maps\lift.vmf
Could not locate 'GameData' key in c:\program files (x86)\steam\steamapps\sourcemods\who\gameinfo.txt
fixing up env_cubemap materials on brush sides...
0...1...2...3...4...5...6...7...8...9...100...1...2...3...4...5...6...7...8...9...10Processing areas...done (0)
Building Faces...done (0)
FixTjuncs...
PruneNodes...
WriteBSP...
done (0)
writing c:\program files (x86)\steam\steamapps\sourcemods\who\maps\lift.prt...Building visibility clusters...
done (0)
Finding displacement neighbors...
Finding lightmap sample positions...
Displacement Alpha : 0...1...2...3...4...5...6...7...8...9...10
Building Physics collision data...
done (0) (7413 bytes)
Placing detail props : 0...1...2...3...4...5...6...7...8...9...10
Compacting texture/material tables...
Reduced 44 texinfos to 5
Reduced 3 texdatas to 3 (65 bytes to 65)
Writing c:\program files (x86)\steam\steamapps\sourcemods\who\maps\lift.bsp
0 seconds elapsed



8 threads
reading c:\program files (x86)\steam\steamapps\sourcemods\who\maps\lift.bsp
reading c:\program files (x86)\steam\steamapps\sourcemods\who\maps\lift.prt
 106 portalclusters
 306 numportals
0...1...2...3...4...5...6...7...8...9...100...1...2...3...4...5...6...7...8...9...10Optimized: 200 visible clusters (4.70%)
Total clusters visible: 4254
Average clusters visible: 40
Building PAS...
Average clusters audible: 95
visdatasize:4094  compressed from 3392
writing c:\program files (x86)\steam\steamapps\sourcemods\who\maps\lift.bsp
0 seconds elapsed



Could not find lights.rad in lights.rad.
Trying VRAD BIN directory instead...
Warning: Couldn't open texlight file C:\Program Files (x86)\Steam\steamapps\common\source sdk base 2013 singleplayer\bin\lights.rad.
Loading c:\program files (x86)\steam\steamapps\sourcemods\who\maps\lift.bsp
51 faces
13953 square feet [2009357.50 square inches]
0 Displacements
0 Square Feet [0.00 Square Inches]
51 patches before subdivision
625 patches after subdivision
4 direct lights
0...1...2...3...4...5...6...7...8...9...100...1...2...3...4...5...6...7...8...9...10transfers 25894, max 127
transfer lists:   0.2 megs
0...1...2...3...4...5...6...7...8...9...10	Bounce #1 added RGB(959, 978, 882)
0...1...2...3...4...5...6...7...8...9...10	Bounce #2 added RGB(374, 388, 316)
0...1...2...3...4...5...6...7...8...9...10	Bounce #3 added RGB(146, 154, 113)
0...1...2...3...4...5...6...7...8...9...10	Bounce #4 added RGB(56, 61, 40)
0...1...2...3...4...5...6...7...8...9...10	Bounce #5 added RGB(22, 24, 14)
0...1...2...3...4...5...6...7...8...9...10	Bounce #6 added RGB(8, 9, 5)
0...1...2...3...4...5...6...7...8...9...10	Bounce #7 added RGB(3, 4, 2)
0...1...2...3...4...5...6...7...8...9...10	Bounce #8 added RGB(1, 1, 1)
0...1...2...3...4...5...6...7...8...9...10	Bounce #9 added RGB(0, 1, 0)
Build Patch/Sample Hash Table(s).....Done<0.0001 sec>
0...1...2...3...4...5...6...7...8...9...10FinalLightFace Done
0 of 0 (0% of) surface lights went in leaf ambient cubes.
0...1...2...3...4...5...6...7...8...9...10Writing leaf ambient...done
Ready to Finish

Object names       Objects/Maxobjs  Memory / Maxmem  Fullness 
------------       ---------------  ---------------  -------- 
models                   1/1024           48/49152    ( 0.1%) 
brushes                 19/8192          228/98304    ( 0.2%) 
brushsides             114/65536         912/524288   ( 0.2%) 
planes                 142/65536        2840/1310720  ( 0.2%) 
vertexes               317/65536        3804/786432   ( 0.5%) 
nodes                  194/65536        6208/2097152  ( 0.3%) 
texinfos                 5/12288         360/884736   ( 0.0%) 
texdata                  3/2048           96/65536    ( 0.1%) 
dispinfos                0/0               0/0        ( 0.0%) 
disp_verts               0/0               0/0        ( 0.0%) 
disp_tris                0/0               0/0        ( 0.0%) 
disp_lmsamples           0/0               0/0        ( 0.0%) 
faces                   51/65536        2856/3670016  ( 0.1%) 
hdr faces                0/65536           0/3670016  ( 0.0%) 
origfaces               12/65536         672/3670016  ( 0.0%) 
leaves                 196/65536        6272/2097152  ( 0.3%) 
leaffaces              107/65536         214/131072   ( 0.2%) 
leafbrushes             97/65536         194/131072   ( 0.1%) 
areas                    2/256            16/2048     ( 0.8%) 
surfedges              260/512000       1040/2048000  ( 0.1%) 
edges                  177/256000        708/1024000  ( 0.1%) 
LDR worldlights          4/8192          352/720896   ( 0.0%) 
HDR worldlights          0/8192            0/720896   ( 0.0%) 
leafwaterdata            0/32768           0/393216   ( 0.0%) 
waterstrips             21/32768         210/327680   ( 0.1%) 
waterverts               0/65536           0/786432   ( 0.0%) 
waterindices           312/65536         624/131072   ( 0.5%) 
cubemapsamples           1/1024           16/16384    ( 0.1%) 
overlays                 0/512             0/180224   ( 0.0%) 
LDR lightdata         [variable]       12780/0        ( 0.0%) 
HDR lightdata         [variable]           0/0        ( 0.0%) 
visdata               [variable]        4094/16777216 ( 0.0%) 
entdata               [variable]        2168/393216   ( 0.6%) 
LDR ambient table      196/65536         784/262144   ( 0.3%) 
HDR ambient table      196/65536         784/262144   ( 0.3%) 
LDR leaf ambient       702/65536       19656/1835008  ( 1.1%) 
HDR leaf ambient       196/65536        5488/1835008  ( 0.3%) 
occluders                0/0               0/0        ( 0.0%) 
occluder polygons        0/0               0/0        ( 0.0%) 
occluder vert ind        0/0               0/0        ( 0.0%) 
detail props          [variable]           1/12       ( 8.3%) 
static props          [variable]           1/12       ( 8.3%) 
pakfile               [variable]          54/0        ( 0.0%) 
physics               [variable]        7413/4194304  ( 0.2%) 
physics terrain       [variable]           2/1048576  ( 0.0%) 

Level flags = 0

Total triangle count: 110
Writing c:\program files (x86)\steam\steamapps\sourcemods\who\maps\lift.bsp
0 seconds elapsed



Could not find lights.rad in lights.rad.
Trying VRAD BIN directory instead...
Warning: Couldn't open texlight file C:\Program Files (x86)\Steam\steamapps\common\source sdk base 2013 singleplayer\bin\lights.rad.
Loading c:\program files (x86)\steam\steamapps\sourcemods\who\maps\lift.bsp
51 faces
13953 square feet [2009357.50 square inches]
0 Displacements
0 Square Feet [0.00 Square Inches]
51 patches before subdivision
625 patches after subdivision
4 direct lights
0...1...2...3...4...5...6...7...8...9...100...1...2...3...4...5...6...7...8...9...10transfers 25894, max 127
transfer lists:   0.2 megs
0...1...2...3...4...5...6...7...8...9...10	Bounce #1 added RGB(959, 978, 882)
0...1...2...3...4...5...6...7...8...9...10	Bounce #2 added RGB(374, 388, 316)
0...1...2...3...4...5...6...7...8...9...10	Bounce #3 added RGB(146, 154, 113)
0...1...2...3...4...5...6...7...8...9...10	Bounce #4 added RGB(56, 61, 40)
0...1...2...3...4...5...6...7...8...9...10	Bounce #5 added RGB(22, 24, 14)
0...1...2...3...4...5...6...7...8...9...10	Bounce #6 added RGB(8, 9, 5)
0...1...2...3...4...5...6...7...8...9...10	Bounce #7 added RGB(3, 4, 2)
0...1...2...3...4...5...6...7...8...9...10	Bounce #8 added RGB(1, 1, 1)
0...1...2...3...4...5...6...7...8...9...10	Bounce #9 added RGB(0, 1, 0)
Build Patch/Sample Hash Table(s).....Done<0.0001 sec>
0...1...2...3...4...5...6...7...8...9...10FinalLightFace Done
0 of 0 (0% of) surface lights went in leaf ambient cubes.
0...1...2...3...4...5...6...7...8...9...10Writing leaf ambient...done
Ready to Finish

Object names       Objects/Maxobjs  Memory / Maxmem  Fullness 
------------       ---------------  ---------------  -------- 
models                   1/1024           48/49152    ( 0.1%) 
brushes                 19/8192          228/98304    ( 0.2%) 
brushsides             114/65536         912/524288   ( 0.2%) 
planes                 142/65536        2840/1310720  ( 0.2%) 
vertexes               317/65536        3804/786432   ( 0.5%) 
nodes                  194/65536        6208/2097152  ( 0.3%) 
texinfos                 5/12288         360/884736   ( 0.0%) 
texdata                  3/2048           96/65536    ( 0.1%) 
dispinfos                0/0               0/0        ( 0.0%) 
disp_verts               0/0               0/0        ( 0.0%) 
disp_tris                0/0               0/0        ( 0.0%) 
disp_lmsamples           0/0               0/0        ( 0.0%) 
faces                   51/65536        2856/3670016  ( 0.1%) 
hdr faces               51/65536        2856/3670016  ( 0.1%) 
origfaces               12/65536         672/3670016  ( 0.0%) 
leaves                 196/65536        6272/2097152  ( 0.3%) 
leaffaces              107/65536         214/131072   ( 0.2%) 
leafbrushes             97/65536         194/131072   ( 0.1%) 
areas                    2/256            16/2048     ( 0.8%) 
surfedges              260/512000       1040/2048000  ( 0.1%) 
edges                  177/256000        708/1024000  ( 0.1%) 
LDR worldlights          4/8192          352/720896   ( 0.0%) 
HDR worldlights          4/8192          352/720896   ( 0.0%) 
leafwaterdata            0/32768           0/393216   ( 0.0%) 
waterstrips             21/32768         210/327680   ( 0.1%) 
waterverts               0/65536           0/786432   ( 0.0%) 
waterindices           312/65536         624/131072   ( 0.5%) 
cubemapsamples           1/1024           16/16384    ( 0.1%) 
overlays                 0/512             0/180224   ( 0.0%) 
LDR lightdata         [variable]       12780/0        ( 0.0%) 
HDR lightdata         [variable]       12780/0        ( 0.0%) 
visdata               [variable]        4094/16777216 ( 0.0%) 
entdata               [variable]        2168/393216   ( 0.6%) 
LDR ambient table      196/65536         784/262144   ( 0.3%) 
HDR ambient table      196/65536         784/262144   ( 0.3%) 
LDR leaf ambient       702/65536       19656/1835008  ( 1.1%) 
HDR leaf ambient       702/65536       19656/1835008  ( 1.1%) 
occluders                0/0               0/0        ( 0.0%) 
occluder polygons        0/0               0/0        ( 0.0%) 
occluder vert ind        0/0               0/0        ( 0.0%) 
detail props          [variable]           1/12       ( 8.3%) 
static props          [variable]           1/12       ( 8.3%) 
pakfile               [variable]          54/0        ( 0.0%) 
physics               [variable]        7413/4194304  ( 0.2%) 
physics terrain       [variable]           2/1048576  ( 0.0%) 

Level flags = 0

Total triangle count: 110
Writing c:\program files (x86)\steam\steamapps\sourcemods\who\maps\lift.bsp
0 seconds elapsed



materialPath: C:\Program Files (x86)\Steam\steamapps\sourcemods\who\materials
Loading c:\program files (x86)\steam\steamapps\sourcemods\who\maps\lift.vmf
Could not locate 'GameData' key in c:\program files (x86)\steam\steamapps\sourcemods\who\gameinfo.txt
fixing up env_cubemap materials on brush sides...
0...1...2...3...4...5...6...7...8...9...100...1...2...3...4...5...6...7...8...9...10Processing areas...done (0)
Building Faces...done (0)
FixTjuncs...
PruneNodes...
WriteBSP...
done (0)
writing c:\program files (x86)\steam\steamapps\sourcemods\who\maps\lift.prt...Building visibility clusters...
done (0)
Finding displacement neighbors...
Finding lightmap sample positions...
Displacement Alpha : 0...1...2...3...4...5...6...7...8...9...10
Building Physics collision data...
done (0) (8691 bytes)
Placing detail props : 0...1...2...3...4...5...6...7...8...9...10
Compacting texture/material tables...
Reduced 62 texinfos to 11
Reduced 5 texdatas to 4 (127 bytes to 104)
Writing c:\program files (x86)\steam\steamapps\sourcemods\who\maps\lift.bsp
0 seconds elapsed



8 threads
reading c:\program files (x86)\steam\steamapps\sourcemods\who\maps\lift.bsp
reading c:\program files (x86)\steam\steamapps\sourcemods\who\maps\lift.prt
 106 portalclusters
 306 numportals
0...1...2...3...4...5...6...7...8...9...100...1...2...3...4...5...6...7...8...9...10Optimized: 173 visible clusters (4.09%)
Total clusters visible: 4227
Average clusters visible: 39
Building PAS...
Average clusters audible: 95
visdatasize:4094  compressed from 3392
writing c:\program files (x86)\steam\steamapps\sourcemods\who\maps\lift.bsp
0 seconds elapsed



Could not find lights.rad in lights.rad.
Trying VRAD BIN directory instead...
Warning: Couldn't open texlight file C:\Program Files (x86)\Steam\steamapps\common\source sdk base 2013 singleplayer\bin\lights.rad.
Loading c:\program files (x86)\steam\steamapps\sourcemods\who\maps\lift.bsp
63 faces
14013 square feet [2017885.75 square inches]
0 Displacements
0 Square Feet [0.00 Square Inches]
63 patches before subdivision
653 patches after subdivision
4 direct lights
0...1...2...3...4...5...6...7...8...9...100...1...2...3...4...5...6...7...8...9...10transfers 26571, max 127
transfer lists:   0.2 megs
0...1...2...3...4...5...6...7...8...9...10	Bounce #1 added RGB(984, 1003, 904)
0...1...2...3...4...5...6...7...8...9...10	Bounce #2 added RGB(386, 400, 326)
0...1...2...3...4...5...6...7...8...9...10	Bounce #3 added RGB(150, 159, 117)
0...1...2...3...4...5...6...7...8...9...10	Bounce #4 added RGB(58, 63, 42)
0...1...2...3...4...5...6...7...8...9...10	Bounce #5 added RGB(23, 25, 15)
0...1...2...3...4...5...6...7...8...9...10	Bounce #6 added RGB(9, 10, 5)
0...1...2...3...4...5...6...7...8...9...10	Bounce #7 added RGB(3, 4, 2)
0...1...2...3...4...5...6...7...8...9...10	Bounce #8 added RGB(1, 2, 1)
0...1...2...3...4...5...6...7...8...9...10	Bounce #9 added RGB(1, 1, 0)
Build Patch/Sample Hash Table(s).....Done<0.0001 sec>
0...1...2...3...4...5...6...7...8...9...10FinalLightFace Done
0 of 0 (0% of) surface lights went in leaf ambient cubes.
0...1...2...3...4...5...6...7...8...9...10Writing leaf ambient...done
Ready to Finish

Object names       Objects/Maxobjs  Memory / Maxmem  Fullness 
------------       ---------------  ---------------  -------- 
models                   2/1024           96/49152    ( 0.2%) 
brushes                 21/8192          252/98304    ( 0.3%) 
brushsides             126/65536        1008/524288   ( 0.2%) 
planes                 190/65536        3800/1310720  ( 0.3%) 
vertexes               333/65536        3996/786432   ( 0.5%) 
nodes                  203/65536        6496/2097152  ( 0.3%) 
texinfos                11/12288         792/884736   ( 0.1%) 
texdata                  4/2048          128/65536    ( 0.2%) 
dispinfos                0/0               0/0        ( 0.0%) 
disp_verts               0/0               0/0        ( 0.0%) 
disp_tris                0/0               0/0        ( 0.0%) 
disp_lmsamples           0/0               0/0        ( 0.0%) 
faces                   63/65536        3528/3670016  ( 0.1%) 
hdr faces                0/65536           0/3670016  ( 0.0%) 
origfaces               24/65536        1344/3670016  ( 0.0%) 
leaves                 206/65536        6592/2097152  ( 0.3%) 
leaffaces              119/65536         238/131072   ( 0.2%) 
leafbrushes             99/65536         198/131072   ( 0.2%) 
areas                    2/256            16/2048     ( 0.8%) 
surfedges              360/512000       1440/2048000  ( 0.1%) 
edges                  227/256000        908/1024000  ( 0.1%) 
LDR worldlights          4/8192          352/720896   ( 0.0%) 
HDR worldlights          0/8192            0/720896   ( 0.0%) 
leafwaterdata            0/32768           0/393216   ( 0.0%) 
waterstrips             21/32768         210/327680   ( 0.1%) 
waterverts               0/65536           0/786432   ( 0.0%) 
waterindices           312/65536         624/131072   ( 0.5%) 
cubemapsamples           1/1024           16/16384    ( 0.1%) 
overlays                 0/512             0/180224   ( 0.0%) 
LDR lightdata         [variable]       13564/0        ( 0.0%) 
HDR lightdata         [variable]           0/0        ( 0.0%) 
visdata               [variable]        4094/16777216 ( 0.0%) 
entdata               [variable]        2985/393216   ( 0.8%) 
LDR ambient table      206/65536         824/262144   ( 0.3%) 
HDR ambient table      206/65536         824/262144   ( 0.3%) 
LDR leaf ambient       710/65536       19880/1835008  ( 1.1%) 
HDR leaf ambient       206/65536        5768/1835008  ( 0.3%) 
occluders                0/0               0/0        ( 0.0%) 
occluder polygons        0/0               0/0        ( 0.0%) 
occluder vert ind        0/0               0/0        ( 0.0%) 
detail props          [variable]           1/12       ( 8.3%) 
static props          [variable]           1/12       ( 8.3%) 
pakfile               [variable]         354/0        ( 0.0%) 
physics               [variable]        8691/4194304  ( 0.2%) 
physics terrain       [variable]           2/1048576  ( 0.0%) 

Level flags = 0

Total triangle count: 138
Writing c:\program files (x86)\steam\steamapps\sourcemods\who\maps\lift.bsp
0 seconds elapsed



Could not find lights.rad in lights.rad.
Trying VRAD BIN directory instead...
Warning: Couldn't open texlight file C:\Program Files (x86)\Steam\steamapps\common\source sdk base 2013 singleplayer\bin\lights.rad.
Loading c:\program files (x86)\steam\steamapps\sourcemods\who\maps\lift.bsp
63 faces
14013 square feet [2017885.75 square inches]
0 Displacements
0 Square Feet [0.00 Square Inches]
63 patches before subdivision
653 patches after subdivision
4 direct lights
0...1...2...3...4...5...6...7...8...9...100...1...2...3...4...5...6...7...8...9...10transfers 26571, max 127
transfer lists:   0.2 megs
0...1...2...3...4...5...6...7...8...9...10	Bounce #1 added RGB(984, 1003, 904)
0...1...2...3...4...5...6...7...8...9...10	Bounce #2 added RGB(386, 400, 326)
0...1...2...3...4...5...6...7...8...9...10	Bounce #3 added RGB(150, 159, 117)
0...1...2...3...4...5...6...7...8...9...10	Bounce #4 added RGB(58, 63, 42)
0...1...2...3...4...5...6...7...8...9...10	Bounce #5 added RGB(23, 25, 15)
0...1...2...3...4...5...6...7...8...9...10	Bounce #6 added RGB(9, 10, 5)
0...1...2...3...4...5...6...7...8...9...10	Bounce #7 added RGB(3, 4, 2)
0...1...2...3...4...5...6...7...8...9...10	Bounce #8 added RGB(1, 2, 1)
0...1...2...3...4...5...6...7...8...9...10	Bounce #9 added RGB(1, 1, 0)
Build Patch/Sample Hash Table(s).....Done<0.0001 sec>
0...1...2...3...4...5...6...7...8...9...10FinalLightFace Done
0 of 0 (0% of) surface lights went in leaf ambient cubes.
0...1...2...3...4...5...6...7...8...9...10Writing leaf ambient...done
Ready to Finish

Object names       Objects/Maxobjs  Memory / Maxmem  Fullness 
------------       ---------------  ---------------  -------- 
models                   2/1024           96/49152    ( 0.2%) 
brushes                 21/8192          252/98304    ( 0.3%) 
brushsides             126/65536        1008/524288   ( 0.2%) 
planes                 190/65536        3800/1310720  ( 0.3%) 
vertexes               333/65536        3996/786432   ( 0.5%) 
nodes                  203/65536        6496/2097152  ( 0.3%) 
texinfos                11/12288         792/884736   ( 0.1%) 
texdata                  4/2048          128/65536    ( 0.2%) 
dispinfos                0/0               0/0        ( 0.0%) 
disp_verts               0/0               0/0        ( 0.0%) 
disp_tris                0/0               0/0        ( 0.0%) 
disp_lmsamples           0/0               0/0        ( 0.0%) 
faces                   63/65536        3528/3670016  ( 0.1%) 
hdr faces               63/65536        3528/3670016  ( 0.1%) 
origfaces               24/65536        1344/3670016  ( 0.0%) 
leaves                 206/65536        6592/2097152  ( 0.3%) 
leaffaces              119/65536         238/131072   ( 0.2%) 
leafbrushes             99/65536         198/131072   ( 0.2%) 
areas                    2/256            16/2048     ( 0.8%) 
surfedges              360/512000       1440/2048000  ( 0.1%) 
edges                  227/256000        908/1024000  ( 0.1%) 
LDR worldlights          4/8192          352/720896   ( 0.0%) 
HDR worldlights          4/8192          352/720896   ( 0.0%) 
leafwaterdata            0/32768           0/393216   ( 0.0%) 
waterstrips             21/32768         210/327680   ( 0.1%) 
waterverts               0/65536           0/786432   ( 0.0%) 
waterindices           312/65536         624/131072   ( 0.5%) 
cubemapsamples           1/1024           16/16384    ( 0.1%) 
overlays                 0/512             0/180224   ( 0.0%) 
LDR lightdata         [variable]       13564/0        ( 0.0%) 
HDR lightdata         [variable]       13564/0        ( 0.0%) 
visdata               [variable]        4094/16777216 ( 0.0%) 
entdata               [variable]        2985/393216   ( 0.8%) 
LDR ambient table      206/65536         824/262144   ( 0.3%) 
HDR ambient table      206/65536         824/262144   ( 0.3%) 
LDR leaf ambient       710/65536       19880/1835008  ( 1.1%) 
HDR leaf ambient       710/65536       19880/1835008  ( 1.1%) 
occluders                0/0               0/0        ( 0.0%) 
occluder polygons        0/0               0/0        ( 0.0%) 
occluder vert ind        0/0               0/0        ( 0.0%) 
detail props          [variable]           1/12       ( 8.3%) 
static props          [variable]           1/12       ( 8.3%) 
pakfile               [variable]         354/0        ( 0.0%) 
physics               [variable]        8691/4194304  ( 0.2%) 
physics terrain       [variable]           2/1048576  ( 0.0%) 

Level flags = 0

Total triangle count: 138
Writing c:\program files (x86)\steam\steamapps\sourcemods\who\maps\lift.bsp
0 seconds elapsed



materialPath: C:\Program Files (x86)\Steam\steamapps\sourcemods\who\materials
Loading c:\program files (x86)\steam\steamapps\sourcemods\who\maps\lift.vmf
Could not locate 'GameData' key in c:\program files (x86)\steam\steamapps\sourcemods\who\gameinfo.txt
fixing up env_cubemap materials on brush sides...
0...1...2...3...4...5...6...7...8...9...100...1...2...3...4...5...6...7...8...9...10Processing areas...done (0)
Building Faces...done (0)
FixTjuncs...
PruneNodes...
WriteBSP...
done (0)
writing c:\program files (x86)\steam\steamapps\sourcemods\who\maps\lift.prt...Building visibility clusters...
done (0)
Finding displacement neighbors...
Finding lightmap sample positions...
Displacement Alpha : 0...1...2...3...4...5...6...7...8...9...10
Building Physics collision data...
done (0) (8691 bytes)
Placing detail props : 0...1...2...3...4...5...6...7...8...9...10
Compacting texture/material tables...
Reduced 65 texinfos to 11
Reduced 5 texdatas to 4 (127 bytes to 104)
Writing c:\program files (x86)\steam\steamapps\sourcemods\who\maps\lift.bsp
0 seconds elapsed



8 threads
reading c:\program files (x86)\steam\steamapps\sourcemods\who\maps\lift.bsp
reading c:\program files (x86)\steam\steamapps\sourcemods\who\maps\lift.prt
 104 portalclusters
 304 numportals
0...1...2...3...4...5...6...7...8...9...100...1...2...3...4...5...6...7...8...9...10Optimized: 202 visible clusters (4.74%)
Total clusters visible: 4264
Average clusters visible: 41
Building PAS...
Average clusters audible: 94
visdatasize:3719  compressed from 3328
writing c:\program files (x86)\steam\steamapps\sourcemods\who\maps\lift.bsp
0 seconds elapsed



Could not find lights.rad in lights.rad.
Trying VRAD BIN directory instead...
Warning: Couldn't open texlight file C:\Program Files (x86)\Steam\steamapps\common\source sdk base 2013 singleplayer\bin\lights.rad.
Loading c:\program files (x86)\steam\steamapps\sourcemods\who\maps\lift.bsp
63 faces
14013 square feet [2017885.75 square inches]
0 Displacements
0 Square Feet [0.00 Square Inches]
63 patches before subdivision
653 patches after subdivision
4 direct lights
0...1...2...3...4...5...6...7...8...9...100...1...2...3...4...5...6...7...8...9...10transfers 26145, max 129
transfer lists:   0.2 megs
0...1...2...3...4...5...6...7...8...9...10	Bounce #1 added RGB(962, 980, 884)
0...1...2...3...4...5...6...7...8...9...10	Bounce #2 added RGB(375, 390, 317)
0...1...2...3...4...5...6...7...8...9...10	Bounce #3 added RGB(146, 154, 113)
0...1...2...3...4...5...6...7...8...9...10	Bounce #4 added RGB(56, 61, 40)
0...1...2...3...4...5...6...7...8...9...10	Bounce #5 added RGB(22, 24, 14)
0...1...2...3...4...5...6...7...8...9...10	Bounce #6 added RGB(8, 9, 5)
0...1...2...3...4...5...6...7...8...9...10	Bounce #7 added RGB(3, 4, 2)
0...1...2...3...4...5...6...7...8...9...10	Bounce #8 added RGB(1, 1, 1)
0...1...2...3...4...5...6...7...8...9...10	Bounce #9 added RGB(0, 1, 0)
Build Patch/Sample Hash Table(s).....Done<0.0001 sec>
0...1...2...3...4...5...6...7...8...9...10FinalLightFace Done
0 of 0 (0% of) surface lights went in leaf ambient cubes.
0...1...2...3...4...5...6...7...8...9...10Writing leaf ambient...done
Ready to Finish

Object names       Objects/Maxobjs  Memory / Maxmem  Fullness 
------------       ---------------  ---------------  -------- 
models                   2/1024           96/49152    ( 0.2%) 
brushes                 21/8192          252/98304    ( 0.3%) 
brushsides             126/65536        1008/524288   ( 0.2%) 
planes                 196/65536        3920/1310720  ( 0.3%) 
vertexes               333/65536        3996/786432   ( 0.5%) 
nodes                  199/65536        6368/2097152  ( 0.3%) 
texinfos                11/12288         792/884736   ( 0.1%) 
texdata                  4/2048          128/65536    ( 0.2%) 
dispinfos                0/0               0/0        ( 0.0%) 
disp_verts               0/0               0/0        ( 0.0%) 
disp_tris                0/0               0/0        ( 0.0%) 
disp_lmsamples           0/0               0/0        ( 0.0%) 
faces                   63/65536        3528/3670016  ( 0.1%) 
hdr faces                0/65536           0/3670016  ( 0.0%) 
origfaces               24/65536        1344/3670016  ( 0.0%) 
leaves                 202/65536        6464/2097152  ( 0.3%) 
leaffaces              118/65536         236/131072   ( 0.2%) 
leafbrushes             94/65536         188/131072   ( 0.1%) 
areas                    2/256            16/2048     ( 0.8%) 
surfedges              360/512000       1440/2048000  ( 0.1%) 
edges                  227/256000        908/1024000  ( 0.1%) 
LDR worldlights          4/8192          352/720896   ( 0.0%) 
HDR worldlights          0/8192            0/720896   ( 0.0%) 
leafwaterdata            0/32768           0/393216   ( 0.0%) 
waterstrips             27/32768         270/327680   ( 0.1%) 
waterverts               0/65536           0/786432   ( 0.0%) 
waterindices           399/65536         798/131072   ( 0.6%) 
cubemapsamples           1/1024           16/16384    ( 0.1%) 
overlays                 0/512             0/180224   ( 0.0%) 
LDR lightdata         [variable]       13564/0        ( 0.0%) 
HDR lightdata         [variable]           0/0        ( 0.0%) 
visdata               [variable]        3719/16777216 ( 0.0%) 
entdata               [variable]        2386/393216   ( 0.6%) 
LDR ambient table      202/65536         808/262144   ( 0.3%) 
HDR ambient table      202/65536         808/262144   ( 0.3%) 
LDR leaf ambient       677/65536       18956/1835008  ( 1.0%) 
HDR leaf ambient       202/65536        5656/1835008  ( 0.3%) 
occluders                0/0               0/0        ( 0.0%) 
occluder polygons        0/0               0/0        ( 0.0%) 
occluder vert ind        0/0               0/0        ( 0.0%) 
detail props          [variable]           1/12       ( 8.3%) 
static props          [variable]           1/228      ( 0.4%) 
pakfile               [variable]         354/0        ( 0.0%) 
physics               [variable]        8691/4194304  ( 0.2%) 
physics terrain       [variable]           2/1048576  ( 0.0%) 

Level flags = 0

Total triangle count: 138
Writing c:\program files (x86)\steam\steamapps\sourcemods\who\maps\lift.bsp
0 seconds elapsed



Could not find lights.rad in lights.rad.
Trying VRAD BIN directory instead...
Warning: Couldn't open texlight file C:\Program Files (x86)\Steam\steamapps\common\source sdk base 2013 singleplayer\bin\lights.rad.
Loading c:\program files (x86)\steam\steamapps\sourcemods\who\maps\lift.bsp
63 faces
14013 square feet [2017885.75 square inches]
0 Displacements
0 Square Feet [0.00 Square Inches]
63 patches before subdivision
653 patches after subdivision
4 direct lights
0...1...2...3...4...5...6...7...8...9...100...1...2...3...4...5...6...7...8...9...10transfers 26145, max 129
transfer lists:   0.2 megs
0...1...2...3...4...5...6...7...8...9...10	Bounce #1 added RGB(962, 980, 884)
0...1...2...3...4...5...6...7...8...9...10	Bounce #2 added RGB(375, 390, 317)
0...1...2...3...4...5...6...7...8...9...10	Bounce #3 added RGB(146, 154, 113)
0...1...2...3...4...5...6...7...8...9...10	Bounce #4 added RGB(56, 61, 40)
0...1...2...3...4...5...6...7...8...9...10	Bounce #5 added RGB(22, 24, 14)
0...1...2...3...4...5...6...7...8...9...10	Bounce #6 added RGB(8, 9, 5)
0...1...2...3...4...5...6...7...8...9...10	Bounce #7 added RGB(3, 4, 2)
0...1...2...3...4...5...6...7...8...9...10	Bounce #8 added RGB(1, 1, 1)
0...1...2...3...4...5...6...7...8...9...10	Bounce #9 added RGB(0, 1, 0)
Build Patch/Sample Hash Table(s).....Done<0.0002 sec>
0...1...2...3...4...5...6...7...8...9...10FinalLightFace Done
0 of 0 (0% of) surface lights went in leaf ambient cubes.
0...1...2...3...4...5...6...7...8...9...10Writing leaf ambient...done
Ready to Finish

Object names       Objects/Maxobjs  Memory / Maxmem  Fullness 
------------       ---------------  ---------------  -------- 
models                   2/1024           96/49152    ( 0.2%) 
brushes                 21/8192          252/98304    ( 0.3%) 
brushsides             126/65536        1008/524288   ( 0.2%) 
planes                 196/65536        3920/1310720  ( 0.3%) 
vertexes               333/65536        3996/786432   ( 0.5%) 
nodes                  199/65536        6368/2097152  ( 0.3%) 
texinfos                11/12288         792/884736   ( 0.1%) 
texdata                  4/2048          128/65536    ( 0.2%) 
dispinfos                0/0               0/0        ( 0.0%) 
disp_verts               0/0               0/0        ( 0.0%) 
disp_tris                0/0               0/0        ( 0.0%) 
disp_lmsamples           0/0               0/0        ( 0.0%) 
faces                   63/65536        3528/3670016  ( 0.1%) 
hdr faces               63/65536        3528/3670016  ( 0.1%) 
origfaces               24/65536        1344/3670016  ( 0.0%) 
leaves                 202/65536        6464/2097152  ( 0.3%) 
leaffaces              118/65536         236/131072   ( 0.2%) 
leafbrushes             94/65536         188/131072   ( 0.1%) 
areas                    2/256            16/2048     ( 0.8%) 
surfedges              360/512000       1440/2048000  ( 0.1%) 
edges                  227/256000        908/1024000  ( 0.1%) 
LDR worldlights          4/8192          352/720896   ( 0.0%) 
HDR worldlights          4/8192          352/720896   ( 0.0%) 
leafwaterdata            0/32768           0/393216   ( 0.0%) 
waterstrips             27/32768         270/327680   ( 0.1%) 
waterverts               0/65536           0/786432   ( 0.0%) 
waterindices           399/65536         798/131072   ( 0.6%) 
cubemapsamples           1/1024           16/16384    ( 0.1%) 
overlays                 0/512             0/180224   ( 0.0%) 
LDR lightdata         [variable]       13564/0        ( 0.0%) 
HDR lightdata         [variable]       13564/0        ( 0.0%) 
visdata               [variable]        3719/16777216 ( 0.0%) 
entdata               [variable]        2386/393216   ( 0.6%) 
LDR ambient table      202/65536         808/262144   ( 0.3%) 
HDR ambient table      202/65536         808/262144   ( 0.3%) 
LDR leaf ambient       677/65536       18956/1835008  ( 1.0%) 
HDR leaf ambient       677/65536       18956/1835008  ( 1.0%) 
occluders                0/0               0/0        ( 0.0%) 
occluder polygons        0/0               0/0        ( 0.0%) 
occluder vert ind        0/0               0/0        ( 0.0%) 
detail props          [variable]           1/12       ( 8.3%) 
static props          [variable]           1/228      ( 0.4%) 
pakfile               [variable]         354/0        ( 0.0%) 
physics               [variable]        8691/4194304  ( 0.2%) 
physics terrain       [variable]           2/1048576  ( 0.0%) 

Level flags = 0

Total triangle count: 138
Writing c:\program files (x86)\steam\steamapps\sourcemods\who\maps\lift.bsp
0 seconds elapsed



materialPath: C:\Program Files (x86)\Steam\steamapps\sourcemods\who\materials
Loading c:\program files (x86)\steam\steamapps\sourcemods\who\maps\lift.vmf
Could not locate 'GameData' key in c:\program files (x86)\steam\steamapps\sourcemods\who\gameinfo.txt
fixing up env_cubemap materials on brush sides...
0...1...2...3...4...5...6...7...8...9...100...1...2...3...4...5...6...7...8...9...10Processing areas...done (0)
Building Faces...done (0)
FixTjuncs...
PruneNodes...
WriteBSP...
done (0)
writing c:\program files (x86)\steam\steamapps\sourcemods\who\maps\lift.prt...Building visibility clusters...
done (0)
Finding displacement neighbors...
Finding lightmap sample positions...
Displacement Alpha : 0...1...2...3...4...5...6...7...8...9...10
Building Physics collision data...
done (0) (8691 bytes)
Placing detail props : 0...1...2...3...4...5...6...7...8...9...10
Compacting texture/material tables...
Reduced 65 texinfos to 11
Reduced 5 texdatas to 4 (127 bytes to 104)
Writing c:\program files (x86)\steam\steamapps\sourcemods\who\maps\lift.bsp
0 seconds elapsed



8 threads
reading c:\program files (x86)\steam\steamapps\sourcemods\who\maps\lift.bsp
reading c:\program files (x86)\steam\steamapps\sourcemods\who\maps\lift.prt
 104 portalclusters
 304 numportals
0...1...2...3...4...5...6...7...8...9...100...1...2...3...4...5...6...7...8...9...10Optimized: 202 visible clusters (4.74%)
Total clusters visible: 4264
Average clusters visible: 41
Building PAS...
Average clusters audible: 94
visdatasize:3719  compressed from 3328
writing c:\program files (x86)\steam\steamapps\sourcemods\who\maps\lift.bsp
0 seconds elapsed



Could not find lights.rad in lights.rad.
Trying VRAD BIN directory instead...
Warning: Couldn't open texlight file C:\Program Files (x86)\Steam\steamapps\common\source sdk base 2013 singleplayer\bin\lights.rad.
Loading c:\program files (x86)\steam\steamapps\sourcemods\who\maps\lift.bsp
63 faces
14013 square feet [2017885.75 square inches]
0 Displacements
0 Square Feet [0.00 Square Inches]
63 patches before subdivision
653 patches after subdivision
4 direct lights
0...1...2...3...4...5...6...7...8...9...100...1...2...3...4...5...6...7...8...9...10transfers 26145, max 129
transfer lists:   0.2 megs
0...1...2...3...4...5...6...7...8...9...10	Bounce #1 added RGB(962, 980, 884)
0...1...2...3...4...5...6...7...8...9...10	Bounce #2 added RGB(375, 390, 317)
0...1...2...3...4...5...6...7...8...9...10	Bounce #3 added RGB(146, 154, 113)
0...1...2...3...4...5...6...7...8...9...10	Bounce #4 added RGB(56, 61, 40)
0...1...2...3...4...5...6...7...8...9...10	Bounce #5 added RGB(22, 24, 14)
0...1...2...3...4...5...6...7...8...9...10	Bounce #6 added RGB(8, 9, 5)
0...1...2...3...4...5...6...7...8...9...10	Bounce #7 added RGB(3, 4, 2)
0...1...2...3...4...5...6...7...8...9...10	Bounce #8 added RGB(1, 1, 1)
0...1...2...3...4...5...6...7...8...9...10	Bounce #9 added RGB(0, 1, 0)
Build Patch/Sample Hash Table(s).....Done<0.0001 sec>
0...1...2...3...4...5...6...7...8...9...10FinalLightFace Done
0 of 0 (0% of) surface lights went in leaf ambient cubes.
0...1...2...3...4...5...6...7...8...9...10Writing leaf ambient...done
Ready to Finish

Object names       Objects/Maxobjs  Memory / Maxmem  Fullness 
------------       ---------------  ---------------  -------- 
models                   2/1024           96/49152    ( 0.2%) 
brushes                 21/8192          252/98304    ( 0.3%) 
brushsides             126/65536        1008/524288   ( 0.2%) 
planes                 196/65536        3920/1310720  ( 0.3%) 
vertexes               333/65536        3996/786432   ( 0.5%) 
nodes                  199/65536        6368/2097152  ( 0.3%) 
texinfos                11/12288         792/884736   ( 0.1%) 
texdata                  4/2048          128/65536    ( 0.2%) 
dispinfos                0/0               0/0        ( 0.0%) 
disp_verts               0/0               0/0        ( 0.0%) 
disp_tris                0/0               0/0        ( 0.0%) 
disp_lmsamples           0/0               0/0        ( 0.0%) 
faces                   63/65536        3528/3670016  ( 0.1%) 
hdr faces                0/65536           0/3670016  ( 0.0%) 
origfaces               24/65536        1344/3670016  ( 0.0%) 
leaves                 202/65536        6464/2097152  ( 0.3%) 
leaffaces              118/65536         236/131072   ( 0.2%) 
leafbrushes             94/65536         188/131072   ( 0.1%) 
areas                    2/256            16/2048     ( 0.8%) 
surfedges              360/512000       1440/2048000  ( 0.1%) 
edges                  227/256000        908/1024000  ( 0.1%) 
LDR worldlights          4/8192          352/720896   ( 0.0%) 
HDR worldlights          0/8192            0/720896   ( 0.0%) 
leafwaterdata            0/32768           0/393216   ( 0.0%) 
waterstrips             27/32768         270/327680   ( 0.1%) 
waterverts               0/65536           0/786432   ( 0.0%) 
waterindices           399/65536         798/131072   ( 0.6%) 
cubemapsamples           1/1024           16/16384    ( 0.1%) 
overlays                 0/512             0/180224   ( 0.0%) 
LDR lightdata         [variable]       13564/0        ( 0.0%) 
HDR lightdata         [variable]           0/0        ( 0.0%) 
visdata               [variable]        3719/16777216 ( 0.0%) 
entdata               [variable]        2399/393216   ( 0.6%) 
LDR ambient table      202/65536         808/262144   ( 0.3%) 
HDR ambient table      202/65536         808/262144   ( 0.3%) 
LDR leaf ambient       677/65536       18956/1835008  ( 1.0%) 
HDR leaf ambient       202/65536        5656/1835008  ( 0.3%) 
occluders                0/0               0/0        ( 0.0%) 
occluder polygons        0/0               0/0        ( 0.0%) 
occluder vert ind        0/0               0/0        ( 0.0%) 
detail props          [variable]           1/12       ( 8.3%) 
static props          [variable]           1/228      ( 0.4%) 
pakfile               [variable]         354/0        ( 0.0%) 
physics               [variable]        8691/4194304  ( 0.2%) 
physics terrain       [variable]           2/1048576  ( 0.0%) 

Level flags = 0

Total triangle count: 138
Writing c:\program files (x86)\steam\steamapps\sourcemods\who\maps\lift.bsp
0 seconds elapsed



Could not find lights.rad in lights.rad.
Trying VRAD BIN directory instead...
Warning: Couldn't open texlight file C:\Program Files (x86)\Steam\steamapps\common\source sdk base 2013 singleplayer\bin\lights.rad.
Loading c:\program files (x86)\steam\steamapps\sourcemods\who\maps\lift.bsp
63 faces
14013 square feet [2017885.75 square inches]
0 Displacements
0 Square Feet [0.00 Square Inches]
63 patches before subdivision
653 patches after subdivision
4 direct lights
0...1...2...3...4...5...6...7...8...9...100...1...2...3...4...5...6...7...8...9...10transfers 26145, max 129
transfer lists:   0.2 megs
0...1...2...3...4...5...6...7...8...9...10	Bounce #1 added RGB(962, 980, 884)
0...1...2...3...4...5...6...7...8...9...10	Bounce #2 added RGB(375, 390, 317)
0...1...2...3...4...5...6...7...8...9...10	Bounce #3 added RGB(146, 154, 113)
0...1...2...3...4...5...6...7...8...9...10	Bounce #4 added RGB(56, 61, 40)
0...1...2...3...4...5...6...7...8...9...10	Bounce #5 added RGB(22, 24, 14)
0...1...2...3...4...5...6...7...8...9...10	Bounce #6 added RGB(8, 9, 5)
0...1...2...3...4...5...6...7...8...9...10	Bounce #7 added RGB(3, 4, 2)
0...1...2...3...4...5...6...7...8...9...10	Bounce #8 added RGB(1, 1, 1)
0...1...2...3...4...5...6...7...8...9...10	Bounce #9 added RGB(0, 1, 0)
Build Patch/Sample Hash Table(s).....Done<0.0002 sec>
0...1...2...3...4...5...6...7...8...9...10FinalLightFace Done
0 of 0 (0% of) surface lights went in leaf ambient cubes.
0...1...2...3...4...5...6...7...8...9...10Writing leaf ambient...done
Ready to Finish

Object names       Objects/Maxobjs  Memory / Maxmem  Fullness 
------------       ---------------  ---------------  -------- 
models                   2/1024           96/49152    ( 0.2%) 
brushes                 21/8192          252/98304    ( 0.3%) 
brushsides             126/65536        1008/524288   ( 0.2%) 
planes                 196/65536        3920/1310720  ( 0.3%) 
vertexes               333/65536        3996/786432   ( 0.5%) 
nodes                  199/65536        6368/2097152  ( 0.3%) 
texinfos                11/12288         792/884736   ( 0.1%) 
texdata                  4/2048          128/65536    ( 0.2%) 
dispinfos                0/0               0/0        ( 0.0%) 
disp_verts               0/0               0/0        ( 0.0%) 
disp_tris                0/0               0/0        ( 0.0%) 
disp_lmsamples           0/0               0/0        ( 0.0%) 
faces                   63/65536        3528/3670016  ( 0.1%) 
hdr faces               63/65536        3528/3670016  ( 0.1%) 
origfaces               24/65536        1344/3670016  ( 0.0%) 
leaves                 202/65536        6464/2097152  ( 0.3%) 
leaffaces              118/65536         236/131072   ( 0.2%) 
leafbrushes             94/65536         188/131072   ( 0.1%) 
areas                    2/256            16/2048     ( 0.8%) 
surfedges              360/512000       1440/2048000  ( 0.1%) 
edges                  227/256000        908/1024000  ( 0.1%) 
LDR worldlights          4/8192          352/720896   ( 0.0%) 
HDR worldlights          4/8192          352/720896   ( 0.0%) 
leafwaterdata            0/32768           0/393216   ( 0.0%) 
waterstrips             27/32768         270/327680   ( 0.1%) 
waterverts               0/65536           0/786432   ( 0.0%) 
waterindices           399/65536         798/131072   ( 0.6%) 
cubemapsamples           1/1024           16/16384    ( 0.1%) 
overlays                 0/512             0/180224   ( 0.0%) 
LDR lightdata         [variable]       13564/0        ( 0.0%) 
HDR lightdata         [variable]       13564/0        ( 0.0%) 
visdata               [variable]        3719/16777216 ( 0.0%) 
entdata               [variable]        2399/393216   ( 0.6%) 
LDR ambient table      202/65536         808/262144   ( 0.3%) 
HDR ambient table      202/65536         808/262144   ( 0.3%) 
LDR leaf ambient       677/65536       18956/1835008  ( 1.0%) 
HDR leaf ambient       677/65536       18956/1835008  ( 1.0%) 
occluders                0/0               0/0        ( 0.0%) 
occluder polygons        0/0               0/0        ( 0.0%) 
occluder vert ind        0/0               0/0        ( 0.0%) 
detail props          [variable]           1/12       ( 8.3%) 
static props          [variable]           1/228      ( 0.4%) 
pakfile               [variable]         354/0        ( 0.0%) 
physics               [variable]        8691/4194304  ( 0.2%) 
physics terrain       [variable]           2/1048576  ( 0.0%) 

Level flags = 0

Total triangle count: 138
Writing c:\program files (x86)\steam\steamapps\sourcemods\who\maps\lift.bsp
0 seconds elapsed



materialPath: C:\Program Files (x86)\Steam\steamapps\sourcemods\who\materials
Loading c:\program files (x86)\steam\steamapps\sourcemods\who\maps\lift.vmf
Could not locate 'GameData' key in c:\program files (x86)\steam\steamapps\sourcemods\who\gameinfo.txt
fixing up env_cubemap materials on brush sides...
0...1...2...3...4...5...6...7...8...9...100...1...2...3...4...5...6...7...8...9...10Processing areas...done (0)
Building Faces...done (0)
FixTjuncs...
PruneNodes...
WriteBSP...
done (0)
writing c:\program files (x86)\steam\steamapps\sourcemods\who\maps\lift.prt...Building visibility clusters...
done (0)
Finding displacement neighbors...
Finding lightmap sample positions...
Displacement Alpha : 0...1...2...3...4...5...6...7...8...9...10
Building Physics collision data...
done (0) (8691 bytes)
Placing detail props : 0...1...2...3...4...5...6...7...8...9...10
Compacting texture/material tables...
Reduced 65 texinfos to 11
Reduced 5 texdatas to 4 (127 bytes to 104)
Writing c:\program files (x86)\steam\steamapps\sourcemods\who\maps\lift.bsp
0 seconds elapsed



8 threads
reading c:\program files (x86)\steam\steamapps\sourcemods\who\maps\lift.bsp
reading c:\program files (x86)\steam\steamapps\sourcemods\who\maps\lift.prt
 104 portalclusters
 304 numportals
0...1...2...3...4...5...6...7...8...9...100...1...2...3...4...5...6...7...8...9...10Optimized: 177 visible clusters (4.18%)
Total clusters visible: 4239
Average clusters visible: 40
Building PAS...
Average clusters audible: 94
visdatasize:3719  compressed from 3328
writing c:\program files (x86)\steam\steamapps\sourcemods\who\maps\lift.bsp
0 seconds elapsed



Could not find lights.rad in lights.rad.
Trying VRAD BIN directory instead...
Warning: Couldn't open texlight file C:\Program Files (x86)\Steam\steamapps\common\source sdk base 2013 singleplayer\bin\lights.rad.
Loading c:\program files (x86)\steam\steamapps\sourcemods\who\maps\lift.bsp
63 faces
14013 square feet [2017885.75 square inches]
0 Displacements
0 Square Feet [0.00 Square Inches]
63 patches before subdivision
653 patches after subdivision
4 direct lights
0...1...2...3...4...5...6...7...8...9...100...1...2...3...4...5...6...7...8...9...10transfers 26145, max 129
transfer lists:   0.2 megs
0...1...2...3...4...5...6...7...8...9...10	Bounce #1 added RGB(962, 980, 884)
0...1...2...3...4...5...6...7...8...9...10	Bounce #2 added RGB(375, 390, 317)
0...1...2...3...4...5...6...7...8...9...10	Bounce #3 added RGB(146, 154, 113)
0...1...2...3...4...5...6...7...8...9...10	Bounce #4 added RGB(56, 61, 40)
0...1...2...3...4...5...6...7...8...9...10	Bounce #5 added RGB(22, 24, 14)
0...1...2...3...4...5...6...7...8...9...10	Bounce #6 added RGB(8, 9, 5)
0...1...2...3...4...5...6...7...8...9...10	Bounce #7 added RGB(3, 4, 2)
0...1...2...3...4...5...6...7...8...9...10	Bounce #8 added RGB(1, 1, 1)
0...1...2...3...4...5...6...7...8...9...10	Bounce #9 added RGB(0, 1, 0)
Build Patch/Sample Hash Table(s).....Done<0.0001 sec>
0...1...2...3...4...5...6...7...8...9...10FinalLightFace Done
0 of 0 (0% of) surface lights went in leaf ambient cubes.
0...1...2...3...4...5...6...7...8...9...10Writing leaf ambient...done
Ready to Finish

Object names       Objects/Maxobjs  Memory / Maxmem  Fullness 
------------       ---------------  ---------------  -------- 
models                   2/1024           96/49152    ( 0.2%) 
brushes                 21/8192          252/98304    ( 0.3%) 
brushsides             126/65536        1008/524288   ( 0.2%) 
planes                 196/65536        3920/1310720  ( 0.3%) 
vertexes               333/65536        3996/786432   ( 0.5%) 
nodes                  199/65536        6368/2097152  ( 0.3%) 
texinfos                11/12288         792/884736   ( 0.1%) 
texdata                  4/2048          128/65536    ( 0.2%) 
dispinfos                0/0               0/0        ( 0.0%) 
disp_verts               0/0               0/0        ( 0.0%) 
disp_tris                0/0               0/0        ( 0.0%) 
disp_lmsamples           0/0               0/0        ( 0.0%) 
faces                   63/65536        3528/3670016  ( 0.1%) 
hdr faces                0/65536           0/3670016  ( 0.0%) 
origfaces               24/65536        1344/3670016  ( 0.0%) 
leaves                 202/65536        6464/2097152  ( 0.3%) 
leaffaces              118/65536         236/131072   ( 0.2%) 
leafbrushes             94/65536         188/131072   ( 0.1%) 
areas                    2/256            16/2048     ( 0.8%) 
surfedges              360/512000       1440/2048000  ( 0.1%) 
edges                  227/256000        908/1024000  ( 0.1%) 
LDR worldlights          4/8192          352/720896   ( 0.0%) 
HDR worldlights          0/8192            0/720896   ( 0.0%) 
leafwaterdata            0/32768           0/393216   ( 0.0%) 
waterstrips             27/32768         270/327680   ( 0.1%) 
waterverts               0/65536           0/786432   ( 0.0%) 
waterindices           399/65536         798/131072   ( 0.6%) 
cubemapsamples           1/1024           16/16384    ( 0.1%) 
overlays                 0/512             0/180224   ( 0.0%) 
LDR lightdata         [variable]       13564/0        ( 0.0%) 
HDR lightdata         [variable]           0/0        ( 0.0%) 
visdata               [variable]        3719/16777216 ( 0.0%) 
entdata               [variable]        2399/393216   ( 0.6%) 
LDR ambient table      202/65536         808/262144   ( 0.3%) 
HDR ambient table      202/65536         808/262144   ( 0.3%) 
LDR leaf ambient       677/65536       18956/1835008  ( 1.0%) 
HDR leaf ambient       202/65536        5656/1835008  ( 0.3%) 
occluders                0/0               0/0        ( 0.0%) 
occluder polygons        0/0               0/0        ( 0.0%) 
occluder vert ind        0/0               0/0        ( 0.0%) 
detail props          [variable]           1/12       ( 8.3%) 
static props          [variable]           1/228      ( 0.4%) 
pakfile               [variable]         354/0        ( 0.0%) 
physics               [variable]        8691/4194304  ( 0.2%) 
physics terrain       [variable]           2/1048576  ( 0.0%) 

Level flags = 0

Total triangle count: 138
Writing c:\program files (x86)\steam\steamapps\sourcemods\who\maps\lift.bsp
0 seconds elapsed



Could not find lights.rad in lights.rad.
Trying VRAD BIN directory instead...
Warning: Couldn't open texlight file C:\Program Files (x86)\Steam\steamapps\common\source sdk base 2013 singleplayer\bin\lights.rad.
Loading c:\program files (x86)\steam\steamapps\sourcemods\who\maps\lift.bsp
63 faces
14013 square feet [2017885.75 square inches]
0 Displacements
0 Square Feet [0.00 Square Inches]
63 patches before subdivision
653 patches after subdivision
4 direct lights
0...1...2...3...4...5...6...7...8...9...100...1...2...3...4...5...6...7...8...9...10transfers 26145, max 129
transfer lists:   0.2 megs
0...1...2...3...4...5...6...7...8...9...10	Bounce #1 added RGB(962, 980, 884)
0...1...2...3...4...5...6...7...8...9...10	Bounce #2 added RGB(375, 390, 317)
0...1...2...3...4...5...6...7...8...9...10	Bounce #3 added RGB(146, 154, 113)
0...1...2...3...4...5...6...7...8...9...10	Bounce #4 added RGB(56, 61, 40)
0...1...2...3...4...5...6...7...8...9...10	Bounce #5 added RGB(22, 24, 14)
0...1...2...3...4...5...6...7...8...9...10	Bounce #6 added RGB(8, 9, 5)
0...1...2...3...4...5...6...7...8...9...10	Bounce #7 added RGB(3, 4, 2)
0...1...2...3...4...5...6...7...8...9...10	Bounce #8 added RGB(1, 1, 1)
0...1...2...3...4...5...6...7...8...9...10	Bounce #9 added RGB(0, 1, 0)
Build Patch/Sample Hash Table(s).....Done<0.0001 sec>
0...1...2...3...4...5...6...7...8...9...10FinalLightFace Done
0 of 0 (0% of) surface lights went in leaf ambient cubes.
0...1...2...3...4...5...6...7...8...9...10Writing leaf ambient...done
Ready to Finish

Object names       Objects/Maxobjs  Memory / Maxmem  Fullness 
------------       ---------------  ---------------  -------- 
models                   2/1024           96/49152    ( 0.2%) 
brushes                 21/8192          252/98304    ( 0.3%) 
brushsides             126/65536        1008/524288   ( 0.2%) 
planes                 196/65536        3920/1310720  ( 0.3%) 
vertexes               333/65536        3996/786432   ( 0.5%) 
nodes                  199/65536        6368/2097152  ( 0.3%) 
texinfos                11/12288         792/884736   ( 0.1%) 
texdata                  4/2048          128/65536    ( 0.2%) 
dispinfos                0/0               0/0        ( 0.0%) 
disp_verts               0/0               0/0        ( 0.0%) 
disp_tris                0/0               0/0        ( 0.0%) 
disp_lmsamples           0/0               0/0        ( 0.0%) 
faces                   63/65536        3528/3670016  ( 0.1%) 
hdr faces               63/65536        3528/3670016  ( 0.1%) 
origfaces               24/65536        1344/3670016  ( 0.0%) 
leaves                 202/65536        6464/2097152  ( 0.3%) 
leaffaces              118/65536         236/131072   ( 0.2%) 
leafbrushes             94/65536         188/131072   ( 0.1%) 
areas                    2/256            16/2048     ( 0.8%) 
surfedges              360/512000       1440/2048000  ( 0.1%) 
edges                  227/256000        908/1024000  ( 0.1%) 
LDR worldlights          4/8192          352/720896   ( 0.0%) 
HDR worldlights          4/8192          352/720896   ( 0.0%) 
leafwaterdata            0/32768           0/393216   ( 0.0%) 
waterstrips             27/32768         270/327680   ( 0.1%) 
waterverts               0/65536           0/786432   ( 0.0%) 
waterindices           399/65536         798/131072   ( 0.6%) 
cubemapsamples           1/1024           16/16384    ( 0.1%) 
overlays                 0/512             0/180224   ( 0.0%) 
LDR lightdata         [variable]       13564/0        ( 0.0%) 
HDR lightdata         [variable]       13564/0        ( 0.0%) 
visdata               [variable]        3719/16777216 ( 0.0%) 
entdata               [variable]        2399/393216   ( 0.6%) 
LDR ambient table      202/65536         808/262144   ( 0.3%) 
HDR ambient table      202/65536         808/262144   ( 0.3%) 
LDR leaf ambient       677/65536       18956/1835008  ( 1.0%) 
HDR leaf ambient       677/65536       18956/1835008  ( 1.0%) 
occluders                0/0               0/0        ( 0.0%) 
occluder polygons        0/0               0/0        ( 0.0%) 
occluder vert ind        0/0               0/0        ( 0.0%) 
detail props          [variable]           1/12       ( 8.3%) 
static props          [variable]           1/228      ( 0.4%) 
pakfile               [variable]         354/0        ( 0.0%) 
physics               [variable]        8691/4194304  ( 0.2%) 
physics terrain       [variable]           2/1048576  ( 0.0%) 

Level flags = 0

Total triangle count: 138
Writing c:\program files (x86)\steam\steamapps\sourcemods\who\maps\lift.bsp
0 seconds elapsed



materialPath: C:\Program Files (x86)\Steam\steamapps\sourcemods\who\materials
Loading c:\program files (x86)\steam\steamapps\sourcemods\who\maps\lift.vmf
Could not locate 'GameData' key in c:\program files (x86)\steam\steamapps\sourcemods\who\gameinfo.txt
fixing up env_cubemap materials on brush sides...
0...1...2...3...4...5...6...7...8...9...100...1...2...3...4...5...6...7...8...9...10Processing areas...done (0)
Building Faces...done (0)
FixTjuncs...
PruneNodes...
WriteBSP...
done (0)
writing c:\program files (x86)\steam\steamapps\sourcemods\who\maps\lift.prt...Building visibility clusters...
done (0)
Finding displacement neighbors...
Finding lightmap sample positions...
Displacement Alpha : 0...1...2...3...4...5...6...7...8...9...10
Building Physics collision data...
done (0) (8691 bytes)
Placing detail props : 0...1...2...3...4...5...6...7...8...9...10
Compacting texture/material tables...
Reduced 65 texinfos to 11
Reduced 5 texdatas to 4 (127 bytes to 104)
Writing c:\program files (x86)\steam\steamapps\sourcemods\who\maps\lift.bsp
0 seconds elapsed



8 threads
reading c:\program files (x86)\steam\steamapps\sourcemods\who\maps\lift.bsp
reading c:\program files (x86)\steam\steamapps\sourcemods\who\maps\lift.prt
 104 portalclusters
 304 numportals
0...1...2...3...4...5...6...7...8...9...100...1...2...3...4...5...6...7...8...9...10Optimized: 177 visible clusters (4.18%)
Total clusters visible: 4239
Average clusters visible: 40
Building PAS...
Average clusters audible: 94
visdatasize:3719  compressed from 3328
writing c:\program files (x86)\steam\steamapps\sourcemods\who\maps\lift.bsp
0 seconds elapsed



Could not find lights.rad in lights.rad.
Trying VRAD BIN directory instead...
Warning: Couldn't open texlight file C:\Program Files (x86)\Steam\steamapps\common\source sdk base 2013 singleplayer\bin\lights.rad.
Loading c:\program files (x86)\steam\steamapps\sourcemods\who\maps\lift.bsp
63 faces
14013 square feet [2017885.75 square inches]
0 Displacements
0 Square Feet [0.00 Square Inches]
63 patches before subdivision
653 patches after subdivision
4 direct lights
0...1...2...3...4...5...6...7...8...9...100...1...2...3...4...5...6...7...8...9...10transfers 26137, max 129
transfer lists:   0.2 megs
0...1...2...3...4...5...6...7...8...9...10	Bounce #1 added RGB(962, 980, 884)
0...1...2...3...4...5...6...7...8...9...10	Bounce #2 added RGB(375, 390, 317)
0...1...2...3...4...5...6...7...8...9...10	Bounce #3 added RGB(146, 154, 113)
0...1...2...3...4...5...6...7...8...9...10	Bounce #4 added RGB(56, 61, 40)
0...1...2...3...4...5...6...7...8...9...10	Bounce #5 added RGB(22, 24, 14)
0...1...2...3...4...5...6...7...8...9...10	Bounce #6 added RGB(8, 9, 5)
0...1...2...3...4...5...6...7...8...9...10	Bounce #7 added RGB(3, 4, 2)
0...1...2...3...4...5...6...7...8...9...10	Bounce #8 added RGB(1, 1, 1)
0...1...2...3...4...5...6...7...8...9...10	Bounce #9 added RGB(0, 1, 0)
Build Patch/Sample Hash Table(s).....Done<0.0002 sec>
0...1...2...3...4...5...6...7...8...9...10FinalLightFace Done
0 of 0 (0% of) surface lights went in leaf ambient cubes.
0...1...2...3...4...5...6...7...8...9...10Writing leaf ambient...done
Ready to Finish

Object names       Objects/Maxobjs  Memory / Maxmem  Fullness 
------------       ---------------  ---------------  -------- 
models                   2/1024           96/49152    ( 0.2%) 
brushes                 21/8192          252/98304    ( 0.3%) 
brushsides             126/65536        1008/524288   ( 0.2%) 
planes                 196/65536        3920/1310720  ( 0.3%) 
vertexes               333/65536        3996/786432   ( 0.5%) 
nodes                  199/65536        6368/2097152  ( 0.3%) 
texinfos                11/12288         792/884736   ( 0.1%) 
texdata                  4/2048          128/65536    ( 0.2%) 
dispinfos                0/0               0/0        ( 0.0%) 
disp_verts               0/0               0/0        ( 0.0%) 
disp_tris                0/0               0/0        ( 0.0%) 
disp_lmsamples           0/0               0/0        ( 0.0%) 
faces                   63/65536        3528/3670016  ( 0.1%) 
hdr faces                0/65536           0/3670016  ( 0.0%) 
origfaces               24/65536        1344/3670016  ( 0.0%) 
leaves                 202/65536        6464/2097152  ( 0.3%) 
leaffaces              118/65536         236/131072   ( 0.2%) 
leafbrushes             94/65536         188/131072   ( 0.1%) 
areas                    2/256            16/2048     ( 0.8%) 
surfedges              360/512000       1440/2048000  ( 0.1%) 
edges                  227/256000        908/1024000  ( 0.1%) 
LDR worldlights          4/8192          352/720896   ( 0.0%) 
HDR worldlights          0/8192            0/720896   ( 0.0%) 
leafwaterdata            0/32768           0/393216   ( 0.0%) 
waterstrips             27/32768         270/327680   ( 0.1%) 
waterverts               0/65536           0/786432   ( 0.0%) 
waterindices           399/65536         798/131072   ( 0.6%) 
cubemapsamples           1/1024           16/16384    ( 0.1%) 
overlays                 0/512             0/180224   ( 0.0%) 
LDR lightdata         [variable]       13564/0        ( 0.0%) 
HDR lightdata         [variable]           0/0        ( 0.0%) 
visdata               [variable]        3719/16777216 ( 0.0%) 
entdata               [variable]        2422/393216   ( 0.6%) 
LDR ambient table      202/65536         808/262144   ( 0.3%) 
HDR ambient table      202/65536         808/262144   ( 0.3%) 
LDR leaf ambient       677/65536       18956/1835008  ( 1.0%) 
HDR leaf ambient       202/65536        5656/1835008  ( 0.3%) 
occluders                0/0               0/0        ( 0.0%) 
occluder polygons        0/0               0/0        ( 0.0%) 
occluder vert ind        0/0               0/0        ( 0.0%) 
detail props          [variable]           1/12       ( 8.3%) 
static props          [variable]           1/228      ( 0.4%) 
pakfile               [variable]         354/0        ( 0.0%) 
physics               [variable]        8691/4194304  ( 0.2%) 
physics terrain       [variable]           2/1048576  ( 0.0%) 

Level flags = 0

Total triangle count: 138
Writing c:\program files (x86)\steam\steamapps\sourcemods\who\maps\lift.bsp
0 seconds elapsed



Could not find lights.rad in lights.rad.
Trying VRAD BIN directory instead...
Warning: Couldn't open texlight file C:\Program Files (x86)\Steam\steamapps\common\source sdk base 2013 singleplayer\bin\lights.rad.
Loading c:\program files (x86)\steam\steamapps\sourcemods\who\maps\lift.bsp
63 faces
14013 square feet [2017885.75 square inches]
0 Displacements
0 Square Feet [0.00 Square Inches]
63 patches before subdivision
653 patches after subdivision
4 direct lights
0...1...2...3...4...5...6...7...8...9...100...1...2...3...4...5...6...7...8...9...10transfers 26137, max 129
transfer lists:   0.2 megs
0...1...2...3...4...5...6...7...8...9...10	Bounce #1 added RGB(962, 980, 884)
0...1...2...3...4...5...6...7...8...9...10	Bounce #2 added RGB(375, 390, 317)
0...1...2...3...4...5...6...7...8...9...10	Bounce #3 added RGB(146, 154, 113)
0...1...2...3...4...5...6...7...8...9...10	Bounce #4 added RGB(56, 61, 40)
0...1...2...3...4...5...6...7...8...9...10	Bounce #5 added RGB(22, 24, 14)
0...1...2...3...4...5...6...7...8...9...10	Bounce #6 added RGB(8, 9, 5)
0...1...2...3...4...5...6...7...8...9...10	Bounce #7 added RGB(3, 4, 2)
0...1...2...3...4...5...6...7...8...9...10	Bounce #8 added RGB(1, 1, 1)
0...1...2...3...4...5...6...7...8...9...10	Bounce #9 added RGB(0, 1, 0)
Build Patch/Sample Hash Table(s).....Done<0.0002 sec>
0...1...2...3...4...5...6...7...8...9...10FinalLightFace Done
0 of 0 (0% of) surface lights went in leaf ambient cubes.
0...1...2...3...4...5...6...7...8...9...10Writing leaf ambient...done
Ready to Finish

Object names       Objects/Maxobjs  Memory / Maxmem  Fullness 
------------       ---------------  ---------------  -------- 
models                   2/1024           96/49152    ( 0.2%) 
brushes                 21/8192          252/98304    ( 0.3%) 
brushsides             126/65536        1008/524288   ( 0.2%) 
planes                 196/65536        3920/1310720  ( 0.3%) 
vertexes               333/65536        3996/786432   ( 0.5%) 
nodes                  199/65536        6368/2097152  ( 0.3%) 
texinfos                11/12288         792/884736   ( 0.1%) 
texdata                  4/2048          128/65536    ( 0.2%) 
dispinfos                0/0               0/0        ( 0.0%) 
disp_verts               0/0               0/0        ( 0.0%) 
disp_tris                0/0               0/0        ( 0.0%) 
disp_lmsamples           0/0               0/0        ( 0.0%) 
faces                   63/65536        3528/3670016  ( 0.1%) 
hdr faces               63/65536        3528/3670016  ( 0.1%) 
origfaces               24/65536        1344/3670016  ( 0.0%) 
leaves                 202/65536        6464/2097152  ( 0.3%) 
leaffaces              118/65536         236/131072   ( 0.2%) 
leafbrushes             94/65536         188/131072   ( 0.1%) 
areas                    2/256            16/2048     ( 0.8%) 
surfedges              360/512000       1440/2048000  ( 0.1%) 
edges                  227/256000        908/1024000  ( 0.1%) 
LDR worldlights          4/8192          352/720896   ( 0.0%) 
HDR worldlights          4/8192          352/720896   ( 0.0%) 
leafwaterdata            0/32768           0/393216   ( 0.0%) 
waterstrips             27/32768         270/327680   ( 0.1%) 
waterverts               0/65536           0/786432   ( 0.0%) 
waterindices           399/65536         798/131072   ( 0.6%) 
cubemapsamples           1/1024           16/16384    ( 0.1%) 
overlays                 0/512             0/180224   ( 0.0%) 
LDR lightdata         [variable]       13564/0        ( 0.0%) 
HDR lightdata         [variable]       13564/0        ( 0.0%) 
visdata               [variable]        3719/16777216 ( 0.0%) 
entdata               [variable]        2422/393216   ( 0.6%) 
LDR ambient table      202/65536         808/262144   ( 0.3%) 
HDR ambient table      202/65536         808/262144   ( 0.3%) 
LDR leaf ambient       677/65536       18956/1835008  ( 1.0%) 
HDR leaf ambient       677/65536       18956/1835008  ( 1.0%) 
occluders                0/0               0/0        ( 0.0%) 
occluder polygons        0/0               0/0        ( 0.0%) 
occluder vert ind        0/0               0/0        ( 0.0%) 
detail props          [variable]           1/12       ( 8.3%) 
static props          [variable]           1/228      ( 0.4%) 
pakfile               [variable]         354/0        ( 0.0%) 
physics               [variable]        8691/4194304  ( 0.2%) 
physics terrain       [variable]           2/1048576  ( 0.0%) 

Level flags = 0

Total triangle count: 138
Writing c:\program files (x86)\steam\steamapps\sourcemods\who\maps\lift.bsp
0 seconds elapsed



materialPath: C:\Program Files (x86)\Steam\steamapps\sourcemods\who\materials
Loading c:\program files (x86)\steam\steamapps\sourcemods\who\maps\lift.vmf
Could not locate 'GameData' key in c:\program files (x86)\steam\steamapps\sourcemods\who\gameinfo.txt
fixing up env_cubemap materials on brush sides...
0...1...2...3...4...5...6...7...8...9...100...1...2...3...4...5...6...7...8...9...10Processing areas...done (0)
Building Faces...done (0)
FixTjuncs...
PruneNodes...
WriteBSP...
done (0)
writing c:\program files (x86)\steam\steamapps\sourcemods\who\maps\lift.prt...Building visibility clusters...
done (0)
Finding displacement neighbors...
Finding lightmap sample positions...
Displacement Alpha : 0...1...2...3...4...5...6...7...8...9...10
Building Physics collision data...
done (0) (9238 bytes)
Placing detail props : 0...1...2...3...4...5...6...7...8...9...10
Compacting texture/material tables...
Reduced 68 texinfos to 11
Reduced 5 texdatas to 4 (127 bytes to 104)
Writing c:\program files (x86)\steam\steamapps\sourcemods\who\maps\lift.bsp
0 seconds elapsed



8 threads
reading c:\program files (x86)\steam\steamapps\sourcemods\who\maps\lift.bsp
reading c:\program files (x86)\steam\steamapps\sourcemods\who\maps\lift.prt
 104 portalclusters
 304 numportals
0...1...2...3...4...5...6...7...8...9...100...1...2...3...4...5...6...7...8...9...10Optimized: 177 visible clusters (4.18%)
Total clusters visible: 4239
Average clusters visible: 40
Building PAS...
Average clusters audible: 94
visdatasize:3719  compressed from 3328
writing c:\program files (x86)\steam\steamapps\sourcemods\who\maps\lift.bsp
0 seconds elapsed



Could not find lights.rad in lights.rad.
Trying VRAD BIN directory instead...
Warning: Couldn't open texlight file C:\Program Files (x86)\Steam\steamapps\common\source sdk base 2013 singleplayer\bin\lights.rad.
Loading c:\program files (x86)\steam\steamapps\sourcemods\who\maps\lift.bsp
63 faces
14013 square feet [2017885.75 square inches]
0 Displacements
0 Square Feet [0.00 Square Inches]
63 patches before subdivision
653 patches after subdivision
4 direct lights
0...1...2...3...4...5...6...7...8...9...100...1...2...3...4...5...6...7...8...9...10transfers 26137, max 129
transfer lists:   0.2 megs
0...1...2...3...4...5...6...7...8...9...10	Bounce #1 added RGB(962, 980, 884)
0...1...2...3...4...5...6...7...8...9...10	Bounce #2 added RGB(375, 390, 317)
0...1...2...3...4...5...6...7...8...9...10	Bounce #3 added RGB(146, 154, 113)
0...1...2...3...4...5...6...7...8...9...10	Bounce #4 added RGB(56, 61, 40)
0...1...2...3...4...5...6...7...8...9...10	Bounce #5 added RGB(22, 24, 14)
0...1...2...3...4...5...6...7...8...9...10	Bounce #6 added RGB(8, 9, 5)
0...1...2...3...4...5...6...7...8...9...10	Bounce #7 added RGB(3, 4, 2)
0...1...2...3...4...5...6...7...8...9...10	Bounce #8 added RGB(1, 1, 1)
0...1...2...3...4...5...6...7...8...9...10	Bounce #9 added RGB(0, 1, 0)
Build Patch/Sample Hash Table(s).....Done<0.0001 sec>
0...1...2...3...4...5...6...7...8...9...10FinalLightFace Done
0 of 0 (0% of) surface lights went in leaf ambient cubes.
0...1...2...3...4...5...6...7...8...9...10Writing leaf ambient...done
Ready to Finish

Object names       Objects/Maxobjs  Memory / Maxmem  Fullness 
------------       ---------------  ---------------  -------- 
models                   3/1024          144/49152    ( 0.3%) 
brushes                 22/8192          264/98304    ( 0.3%) 
brushsides             132/65536        1056/524288   ( 0.2%) 
planes                 220/65536        4400/1310720  ( 0.3%) 
vertexes               341/65536        4092/786432   ( 0.5%) 
nodes                  205/65536        6560/2097152  ( 0.3%) 
texinfos                11/12288         792/884736   ( 0.1%) 
texdata                  4/2048          128/65536    ( 0.2%) 
dispinfos                0/0               0/0        ( 0.0%) 
disp_verts               0/0               0/0        ( 0.0%) 
disp_tris                0/0               0/0        ( 0.0%) 
disp_lmsamples           0/0               0/0        ( 0.0%) 
faces                   63/65536        3528/3670016  ( 0.1%) 
hdr faces                0/65536           0/3670016  ( 0.0%) 
origfaces               24/65536        1344/3670016  ( 0.0%) 
leaves                 209/65536        6688/2097152  ( 0.3%) 
leaffaces              118/65536         236/131072   ( 0.2%) 
leafbrushes             95/65536         190/131072   ( 0.1%) 
areas                    2/256            16/2048     ( 0.8%) 
surfedges              360/512000       1440/2048000  ( 0.1%) 
edges                  227/256000        908/1024000  ( 0.1%) 
LDR worldlights          4/8192          352/720896   ( 0.0%) 
HDR worldlights          0/8192            0/720896   ( 0.0%) 
leafwaterdata            0/32768           0/393216   ( 0.0%) 
waterstrips             27/32768         270/327680   ( 0.1%) 
waterverts               0/65536           0/786432   ( 0.0%) 
waterindices           399/65536         798/131072   ( 0.6%) 
cubemapsamples           1/1024           16/16384    ( 0.1%) 
overlays                 0/512             0/180224   ( 0.0%) 
LDR lightdata         [variable]       13564/0        ( 0.0%) 
HDR lightdata         [variable]           0/0        ( 0.0%) 
visdata               [variable]        3719/16777216 ( 0.0%) 
entdata               [variable]        2832/393216   ( 0.7%) 
LDR ambient table      209/65536         836/262144   ( 0.3%) 
HDR ambient table      209/65536         836/262144   ( 0.3%) 
LDR leaf ambient       683/65536       19124/1835008  ( 1.0%) 
HDR leaf ambient       209/65536        5852/1835008  ( 0.3%) 
occluders                0/0               0/0        ( 0.0%) 
occluder polygons        0/0               0/0        ( 0.0%) 
occluder vert ind        0/0               0/0        ( 0.0%) 
detail props          [variable]           1/12       ( 8.3%) 
static props          [variable]           1/228      ( 0.4%) 
pakfile               [variable]         354/0        ( 0.0%) 
physics               [variable]        9238/4194304  ( 0.2%) 
physics terrain       [variable]           2/1048576  ( 0.0%) 

Level flags = 0

Total triangle count: 138
Writing c:\program files (x86)\steam\steamapps\sourcemods\who\maps\lift.bsp
0 seconds elapsed



Could not find lights.rad in lights.rad.
Trying VRAD BIN directory instead...
Warning: Couldn't open texlight file C:\Program Files (x86)\Steam\steamapps\common\source sdk base 2013 singleplayer\bin\lights.rad.
Loading c:\program files (x86)\steam\steamapps\sourcemods\who\maps\lift.bsp
63 faces
14013 square feet [2017885.75 square inches]
0 Displacements
0 Square Feet [0.00 Square Inches]
63 patches before subdivision
653 patches after subdivision
4 direct lights
0...1...2...3...4...5...6...7...8...9...100...1...2...3...4...5...6...7...8...9...10transfers 26137, max 129
transfer lists:   0.2 megs
0...1...2...3...4...5...6...7...8...9...10	Bounce #1 added RGB(962, 980, 884)
0...1...2...3...4...5...6...7...8...9...10	Bounce #2 added RGB(375, 390, 317)
0...1...2...3...4...5...6...7...8...9...10	Bounce #3 added RGB(146, 154, 113)
0...1...2...3...4...5...6...7...8...9...10	Bounce #4 added RGB(56, 61, 40)
0...1...2...3...4...5...6...7...8...9...10	Bounce #5 added RGB(22, 24, 14)
0...1...2...3...4...5...6...7...8...9...10	Bounce #6 added RGB(8, 9, 5)
0...1...2...3...4...5...6...7...8...9...10	Bounce #7 added RGB(3, 4, 2)
0...1...2...3...4...5...6...7...8...9...10	Bounce #8 added RGB(1, 1, 1)
0...1...2...3...4...5...6...7...8...9...10	Bounce #9 added RGB(0, 1, 0)
Build Patch/Sample Hash Table(s).....Done<0.0001 sec>
0...1...2...3...4...5...6...7...8...9...10FinalLightFace Done
0 of 0 (0% of) surface lights went in leaf ambient cubes.
0...1...2...3...4...5...6...7...8...9...10Writing leaf ambient...done
Ready to Finish

Object names       Objects/Maxobjs  Memory / Maxmem  Fullness 
------------       ---------------  ---------------  -------- 
models                   3/1024          144/49152    ( 0.3%) 
brushes                 22/8192          264/98304    ( 0.3%) 
brushsides             132/65536        1056/524288   ( 0.2%) 
planes                 220/65536        4400/1310720  ( 0.3%) 
vertexes               341/65536        4092/786432   ( 0.5%) 
nodes                  205/65536        6560/2097152  ( 0.3%) 
texinfos                11/12288         792/884736   ( 0.1%) 
texdata                  4/2048          128/65536    ( 0.2%) 
dispinfos                0/0               0/0        ( 0.0%) 
disp_verts               0/0               0/0        ( 0.0%) 
disp_tris                0/0               0/0        ( 0.0%) 
disp_lmsamples           0/0               0/0        ( 0.0%) 
faces                   63/65536        3528/3670016  ( 0.1%) 
hdr faces               63/65536        3528/3670016  ( 0.1%) 
origfaces               24/65536        1344/3670016  ( 0.0%) 
leaves                 209/65536        6688/2097152  ( 0.3%) 
leaffaces              118/65536         236/131072   ( 0.2%) 
leafbrushes             95/65536         190/131072   ( 0.1%) 
areas                    2/256            16/2048     ( 0.8%) 
surfedges              360/512000       1440/2048000  ( 0.1%) 
edges                  227/256000        908/1024000  ( 0.1%) 
LDR worldlights          4/8192          352/720896   ( 0.0%) 
HDR worldlights          4/8192          352/720896   ( 0.0%) 
leafwaterdata            0/32768           0/393216   ( 0.0%) 
waterstrips             27/32768         270/327680   ( 0.1%) 
waterverts               0/65536           0/786432   ( 0.0%) 
waterindices           399/65536         798/131072   ( 0.6%) 
cubemapsamples           1/1024           16/16384    ( 0.1%) 
overlays                 0/512             0/180224   ( 0.0%) 
LDR lightdata         [variable]       13564/0        ( 0.0%) 
HDR lightdata         [variable]       13564/0        ( 0.0%) 
visdata               [variable]        3719/16777216 ( 0.0%) 
entdata               [variable]        2832/393216   ( 0.7%) 
LDR ambient table      209/65536         836/262144   ( 0.3%) 
HDR ambient table      209/65536         836/262144   ( 0.3%) 
LDR leaf ambient       683/65536       19124/1835008  ( 1.0%) 
HDR leaf ambient       683/65536       19124/1835008  ( 1.0%) 
occluders                0/0               0/0        ( 0.0%) 
occluder polygons        0/0               0/0        ( 0.0%) 
occluder vert ind        0/0               0/0        ( 0.0%) 
detail props          [variable]           1/12       ( 8.3%) 
static props          [variable]           1/228      ( 0.4%) 
pakfile               [variable]         354/0        ( 0.0%) 
physics               [variable]        9238/4194304  ( 0.2%) 
physics terrain       [variable]           2/1048576  ( 0.0%) 

Level flags = 0

Total triangle count: 138
Writing c:\program files (x86)\steam\steamapps\sourcemods\who\maps\lift.bsp
0 seconds elapsed



materialPath: C:\Program Files (x86)\Steam\steamapps\sourcemods\who\materials
Loading c:\program files (x86)\steam\steamapps\sourcemods\who\maps\lift.vmf
Could not locate 'GameData' key in c:\program files (x86)\steam\steamapps\sourcemods\who\gameinfo.txt
fixing up env_cubemap materials on brush sides...
0...1...2...3...4...5...6...7...8...9...100...1...2...3...4...5...6...7...8...9...10Processing areas...done (0)
Building Faces...done (0)
FixTjuncs...
PruneNodes...
WriteBSP...
done (0)
writing c:\program files (x86)\steam\steamapps\sourcemods\who\maps\lift.prt...Building visibility clusters...
done (0)
Finding displacement neighbors...
Finding lightmap sample positions...
Displacement Alpha : 0...1...2...3...4...5...6...7...8...9...10
Building Physics collision data...
done (0) (9238 bytes)
Placing detail props : 0...1...2...3...4...5...6...7...8...9...10
Compacting texture/material tables...
Reduced 68 texinfos to 11
Reduced 5 texdatas to 4 (127 bytes to 104)
Writing c:\program files (x86)\steam\steamapps\sourcemods\who\maps\lift.bsp
0 seconds elapsed



8 threads
reading c:\program files (x86)\steam\steamapps\sourcemods\who\maps\lift.bsp
reading c:\program files (x86)\steam\steamapps\sourcemods\who\maps\lift.prt
 104 portalclusters
 304 numportals
0...1...2...3...4...5...6...7...8...9...100...1...2...3...4...5...6...7...8...9...10Optimized: 177 visible clusters (4.18%)
Total clusters visible: 4239
Average clusters visible: 40
Building PAS...
Average clusters audible: 94
visdatasize:3719  compressed from 3328
writing c:\program files (x86)\steam\steamapps\sourcemods\who\maps\lift.bsp
0 seconds elapsed



Could not find lights.rad in lights.rad.
Trying VRAD BIN directory instead...
Warning: Couldn't open texlight file C:\Program Files (x86)\Steam\steamapps\common\source sdk base 2013 singleplayer\bin\lights.rad.
Loading c:\program files (x86)\steam\steamapps\sourcemods\who\maps\lift.bsp
63 faces
14013 square feet [2017885.75 square inches]
0 Displacements
0 Square Feet [0.00 Square Inches]
63 patches before subdivision
653 patches after subdivision
4 direct lights
0...1...2...3...4...5...6...7...8...9...100...1...2...3...4...5...6...7...8...9...10transfers 26137, max 129
transfer lists:   0.2 megs
0...1...2...3...4...5...6...7...8...9...10	Bounce #1 added RGB(962, 980, 884)
0...1...2...3...4...5...6...7...8...9...10	Bounce #2 added RGB(375, 390, 317)
0...1...2...3...4...5...6...7...8...9...10	Bounce #3 added RGB(146, 154, 113)
0...1...2...3...4...5...6...7...8...9...10	Bounce #4 added RGB(56, 61, 40)
0...1...2...3...4...5...6...7...8...9...10	Bounce #5 added RGB(22, 24, 14)
0...1...2...3...4...5...6...7...8...9...10	Bounce #6 added RGB(8, 9, 5)
0...1...2...3...4...5...6...7...8...9...10	Bounce #7 added RGB(3, 4, 2)
0...1...2...3...4...5...6...7...8...9...10	Bounce #8 added RGB(1, 1, 1)
0...1...2...3...4...5...6...7...8...9...10	Bounce #9 added RGB(0, 1, 0)
Build Patch/Sample Hash Table(s).....Done<0.0002 sec>
0...1...2...3...4...5...6...7...8...9...10FinalLightFace Done
0 of 0 (0% of) surface lights went in leaf ambient cubes.
0...1...2...3...4...5...6...7...8...9...10Writing leaf ambient...done
Ready to Finish

Object names       Objects/Maxobjs  Memory / Maxmem  Fullness 
------------       ---------------  ---------------  -------- 
models                   3/1024          144/49152    ( 0.3%) 
brushes                 22/8192          264/98304    ( 0.3%) 
brushsides             132/65536        1056/524288   ( 0.2%) 
planes                 220/65536        4400/1310720  ( 0.3%) 
vertexes               341/65536        4092/786432   ( 0.5%) 
nodes                  205/65536        6560/2097152  ( 0.3%) 
texinfos                11/12288         792/884736   ( 0.1%) 
texdata                  4/2048          128/65536    ( 0.2%) 
dispinfos                0/0               0/0        ( 0.0%) 
disp_verts               0/0               0/0        ( 0.0%) 
disp_tris                0/0               0/0        ( 0.0%) 
disp_lmsamples           0/0               0/0        ( 0.0%) 
faces                   63/65536        3528/3670016  ( 0.1%) 
hdr faces                0/65536           0/3670016  ( 0.0%) 
origfaces               24/65536        1344/3670016  ( 0.0%) 
leaves                 209/65536        6688/2097152  ( 0.3%) 
leaffaces              118/65536         236/131072   ( 0.2%) 
leafbrushes             95/65536         190/131072   ( 0.1%) 
areas                    2/256            16/2048     ( 0.8%) 
surfedges              360/512000       1440/2048000  ( 0.1%) 
edges                  227/256000        908/1024000  ( 0.1%) 
LDR worldlights          4/8192          352/720896   ( 0.0%) 
HDR worldlights          0/8192            0/720896   ( 0.0%) 
leafwaterdata            0/32768           0/393216   ( 0.0%) 
waterstrips             27/32768         270/327680   ( 0.1%) 
waterverts               0/65536           0/786432   ( 0.0%) 
waterindices           399/65536         798/131072   ( 0.6%) 
cubemapsamples           1/1024           16/16384    ( 0.1%) 
overlays                 0/512             0/180224   ( 0.0%) 
LDR lightdata         [variable]       13564/0        ( 0.0%) 
HDR lightdata         [variable]           0/0        ( 0.0%) 
visdata               [variable]        3719/16777216 ( 0.0%) 
entdata               [variable]        2834/393216   ( 0.7%) 
LDR ambient table      209/65536         836/262144   ( 0.3%) 
HDR ambient table      209/65536         836/262144   ( 0.3%) 
LDR leaf ambient       683/65536       19124/1835008  ( 1.0%) 
HDR leaf ambient       209/65536        5852/1835008  ( 0.3%) 
occluders                0/0               0/0        ( 0.0%) 
occluder polygons        0/0               0/0        ( 0.0%) 
occluder vert ind        0/0               0/0        ( 0.0%) 
detail props          [variable]           1/12       ( 8.3%) 
static props          [variable]           1/228      ( 0.4%) 
pakfile               [variable]         354/0        ( 0.0%) 
physics               [variable]        9238/4194304  ( 0.2%) 
physics terrain       [variable]           2/1048576  ( 0.0%) 

Level flags = 0

Total triangle count: 138
Writing c:\program files (x86)\steam\steamapps\sourcemods\who\maps\lift.bsp
0 seconds elapsed



Could not find lights.rad in lights.rad.
Trying VRAD BIN directory instead...
Warning: Couldn't open texlight file C:\Program Files (x86)\Steam\steamapps\common\source sdk base 2013 singleplayer\bin\lights.rad.
Loading c:\program files (x86)\steam\steamapps\sourcemods\who\maps\lift.bsp
63 faces
14013 square feet [2017885.75 square inches]
0 Displacements
0 Square Feet [0.00 Square Inches]
63 patches before subdivision
653 patches after subdivision
4 direct lights
0...1...2...3...4...5...6...7...8...9...100...1...2...3...4...5...6...7...8...9...10transfers 26137, max 129
transfer lists:   0.2 megs
0...1...2...3...4...5...6...7...8...9...10	Bounce #1 added RGB(962, 980, 884)
0...1...2...3...4...5...6...7...8...9...10	Bounce #2 added RGB(375, 390, 317)
0...1...2...3...4...5...6...7...8...9...10	Bounce #3 added RGB(146, 154, 113)
0...1...2...3...4...5...6...7...8...9...10	Bounce #4 added RGB(56, 61, 40)
0...1...2...3...4...5...6...7...8...9...10	Bounce #5 added RGB(22, 24, 14)
0...1...2...3...4...5...6...7...8...9...10	Bounce #6 added RGB(8, 9, 5)
0...1...2...3...4...5...6...7...8...9...10	Bounce #7 added RGB(3, 4, 2)
0...1...2...3...4...5...6...7...8...9...10	Bounce #8 added RGB(1, 1, 1)
0...1...2...3...4...5...6...7...8...9...10	Bounce #9 added RGB(0, 1, 0)
Build Patch/Sample Hash Table(s).....Done<0.0001 sec>
0...1...2...3...4...5...6...7...8...9...10FinalLightFace Done
0 of 0 (0% of) surface lights went in leaf ambient cubes.
0...1...2...3...4...5...6...7...8...9...10Writing leaf ambient...done
Ready to Finish

Object names       Objects/Maxobjs  Memory / Maxmem  Fullness 
------------       ---------------  ---------------  -------- 
models                   3/1024          144/49152    ( 0.3%) 
brushes                 22/8192          264/98304    ( 0.3%) 
brushsides             132/65536        1056/524288   ( 0.2%) 
planes                 220/65536        4400/1310720  ( 0.3%) 
vertexes               341/65536        4092/786432   ( 0.5%) 
nodes                  205/65536        6560/2097152  ( 0.3%) 
texinfos                11/12288         792/884736   ( 0.1%) 
texdata                  4/2048          128/65536    ( 0.2%) 
dispinfos                0/0               0/0        ( 0.0%) 
disp_verts               0/0               0/0        ( 0.0%) 
disp_tris                0/0               0/0        ( 0.0%) 
disp_lmsamples           0/0               0/0        ( 0.0%) 
faces                   63/65536        3528/3670016  ( 0.1%) 
hdr faces               63/65536        3528/3670016  ( 0.1%) 
origfaces               24/65536        1344/3670016  ( 0.0%) 
leaves                 209/65536        6688/2097152  ( 0.3%) 
leaffaces              118/65536         236/131072   ( 0.2%) 
leafbrushes             95/65536         190/131072   ( 0.1%) 
areas                    2/256            16/2048     ( 0.8%) 
surfedges              360/512000       1440/2048000  ( 0.1%) 
edges                  227/256000        908/1024000  ( 0.1%) 
LDR worldlights          4/8192          352/720896   ( 0.0%) 
HDR worldlights          4/8192          352/720896   ( 0.0%) 
leafwaterdata            0/32768           0/393216   ( 0.0%) 
waterstrips             27/32768         270/327680   ( 0.1%) 
waterverts               0/65536           0/786432   ( 0.0%) 
waterindices           399/65536         798/131072   ( 0.6%) 
cubemapsamples           1/1024           16/16384    ( 0.1%) 
overlays                 0/512             0/180224   ( 0.0%) 
LDR lightdata         [variable]       13564/0        ( 0.0%) 
HDR lightdata         [variable]       13564/0        ( 0.0%) 
visdata               [variable]        3719/16777216 ( 0.0%) 
entdata               [variable]        2834/393216   ( 0.7%) 
LDR ambient table      209/65536         836/262144   ( 0.3%) 
HDR ambient table      209/65536         836/262144   ( 0.3%) 
LDR leaf ambient       683/65536       19124/1835008  ( 1.0%) 
HDR leaf ambient       683/65536       19124/1835008  ( 1.0%) 
occluders                0/0               0/0        ( 0.0%) 
occluder polygons        0/0               0/0        ( 0.0%) 
occluder vert ind        0/0               0/0        ( 0.0%) 
detail props          [variable]           1/12       ( 8.3%) 
static props          [variable]           1/228      ( 0.4%) 
pakfile               [variable]         354/0        ( 0.0%) 
physics               [variable]        9238/4194304  ( 0.2%) 
physics terrain       [variable]           2/1048576  ( 0.0%) 

Level flags = 0

Total triangle count: 138
Writing c:\program files (x86)\steam\steamapps\sourcemods\who\maps\lift.bsp
0 seconds elapsed



materialPath: C:\Program Files (x86)\Steam\steamapps\sourcemods\who\materials
Loading c:\program files (x86)\steam\steamapps\sourcemods\who\maps\lift.vmf
Could not locate 'GameData' key in c:\program files (x86)\steam\steamapps\sourcemods\who\gameinfo.txt
fixing up env_cubemap materials on brush sides...
0...1...2...3...4...5...6...7...8...9...100...1...2...3...4...5...6...7...8...9...10Processing areas...done (0)
Building Faces...done (0)
FixTjuncs...
PruneNodes...
WriteBSP...
done (0)
writing c:\program files (x86)\steam\steamapps\sourcemods\who\maps\lift.prt...Building visibility clusters...
done (0)
Finding displacement neighbors...
Finding lightmap sample positions...
Displacement Alpha : 0...1...2...3...4...5...6...7...8...9...10
Building Physics collision data...
done (0) (9238 bytes)
Placing detail props : 0...1...2...3...4...5...6...7...8...9...10
Compacting texture/material tables...
Reduced 68 texinfos to 11
Reduced 5 texdatas to 4 (127 bytes to 104)
Writing c:\program files (x86)\steam\steamapps\sourcemods\who\maps\lift.bsp
0 seconds elapsed



8 threads
reading c:\program files (x86)\steam\steamapps\sourcemods\who\maps\lift.bsp
reading c:\program files (x86)\steam\steamapps\sourcemods\who\maps\lift.prt
 104 portalclusters
 304 numportals
0...1...2...3...4...5...6...7...8...9...100...1...2...3...4...5...6...7...8...9...10Optimized: 177 visible clusters (4.18%)
Total clusters visible: 4239
Average clusters visible: 40
Building PAS...
Average clusters audible: 94
visdatasize:3719  compressed from 3328
writing c:\program files (x86)\steam\steamapps\sourcemods\who\maps\lift.bsp
0 seconds elapsed



Could not find lights.rad in lights.rad.
Trying VRAD BIN directory instead...
Warning: Couldn't open texlight file C:\Program Files (x86)\Steam\steamapps\common\source sdk base 2013 singleplayer\bin\lights.rad.
Loading c:\program files (x86)\steam\steamapps\sourcemods\who\maps\lift.bsp
63 faces
14013 square feet [2017886.00 square inches]
0 Displacements
0 Square Feet [0.00 Square Inches]
63 patches before subdivision
653 patches after subdivision
4 direct lights
0...1...2...3...4...5...6...7...8...9...100...1...2...3...4...5...6...7...8...9...10transfers 27256, max 129
transfer lists:   0.2 megs
0...1...2...3...4...5...6...7...8...9...10	Bounce #1 added RGB(1010, 1029, 928)
0...1...2...3...4...5...6...7...8...9...10	Bounce #2 added RGB(397, 413, 336)
0...1...2...3...4...5...6...7...8...9...10	Bounce #3 added RGB(155, 164, 120)
0...1...2...3...4...5...6...7...8...9...10	Bounce #4 added RGB(60, 65, 43)
0...1...2...3...4...5...6...7...8...9...10	Bounce #5 added RGB(23, 26, 15)
0...1...2...3...4...5...6...7...8...9...10	Bounce #6 added RGB(9, 10, 5)
0...1...2...3...4...5...6...7...8...9...10	Bounce #7 added RGB(3, 4, 2)
0...1...2...3...4...5...6...7...8...9...10	Bounce #8 added RGB(1, 2, 1)
0...1...2...3...4...5...6...7...8...9...10	Bounce #9 added RGB(1, 1, 0)
Build Patch/Sample Hash Table(s).....Done<0.0001 sec>
0...1...2...3...4...5...6...7...8...9...10FinalLightFace Done
0 of 0 (0% of) surface lights went in leaf ambient cubes.
0...1...2...3...4...5...6...7...8...9...10Writing leaf ambient...done
Ready to Finish

Object names       Objects/Maxobjs  Memory / Maxmem  Fullness 
------------       ---------------  ---------------  -------- 
models                   3/1024          144/49152    ( 0.3%) 
brushes                 22/8192          264/98304    ( 0.3%) 
brushsides             132/65536        1056/524288   ( 0.2%) 
planes                 220/65536        4400/1310720  ( 0.3%) 
vertexes               341/65536        4092/786432   ( 0.5%) 
nodes                  205/65536        6560/2097152  ( 0.3%) 
texinfos                11/12288         792/884736   ( 0.1%) 
texdata                  4/2048          128/65536    ( 0.2%) 
dispinfos                0/0               0/0        ( 0.0%) 
disp_verts               0/0               0/0        ( 0.0%) 
disp_tris                0/0               0/0        ( 0.0%) 
disp_lmsamples           0/0               0/0        ( 0.0%) 
faces                   63/65536        3528/3670016  ( 0.1%) 
hdr faces                0/65536           0/3670016  ( 0.0%) 
origfaces               24/65536        1344/3670016  ( 0.0%) 
leaves                 209/65536        6688/2097152  ( 0.3%) 
leaffaces              118/65536         236/131072   ( 0.2%) 
leafbrushes             95/65536         190/131072   ( 0.1%) 
areas                    2/256            16/2048     ( 0.8%) 
surfedges              360/512000       1440/2048000  ( 0.1%) 
edges                  227/256000        908/1024000  ( 0.1%) 
LDR worldlights          4/8192          352/720896   ( 0.0%) 
HDR worldlights          0/8192            0/720896   ( 0.0%) 
leafwaterdata            0/32768           0/393216   ( 0.0%) 
waterstrips             27/32768         270/327680   ( 0.1%) 
waterverts               0/65536           0/786432   ( 0.0%) 
waterindices           399/65536         798/131072   ( 0.6%) 
cubemapsamples           1/1024           16/16384    ( 0.1%) 
overlays                 0/512             0/180224   ( 0.0%) 
LDR lightdata         [variable]       13564/0        ( 0.0%) 
HDR lightdata         [variable]           0/0        ( 0.0%) 
visdata               [variable]        3719/16777216 ( 0.0%) 
entdata               [variable]        2835/393216   ( 0.7%) 
LDR ambient table      209/65536         836/262144   ( 0.3%) 
HDR ambient table      209/65536         836/262144   ( 0.3%) 
LDR leaf ambient       683/65536       19124/1835008  ( 1.0%) 
HDR leaf ambient       209/65536        5852/1835008  ( 0.3%) 
occluders                0/0               0/0        ( 0.0%) 
occluder polygons        0/0               0/0        ( 0.0%) 
occluder vert ind        0/0               0/0        ( 0.0%) 
detail props          [variable]           1/12       ( 8.3%) 
static props          [variable]           1/228      ( 0.4%) 
pakfile               [variable]         354/0        ( 0.0%) 
physics               [variable]        9238/4194304  ( 0.2%) 
physics terrain       [variable]           2/1048576  ( 0.0%) 

Level flags = 0

Total triangle count: 138
Writing c:\program files (x86)\steam\steamapps\sourcemods\who\maps\lift.bsp
0 seconds elapsed



Could not find lights.rad in lights.rad.
Trying VRAD BIN directory instead...
Warning: Couldn't open texlight file C:\Program Files (x86)\Steam\steamapps\common\source sdk base 2013 singleplayer\bin\lights.rad.
Loading c:\program files (x86)\steam\steamapps\sourcemods\who\maps\lift.bsp
63 faces
14013 square feet [2017886.00 square inches]
0 Displacements
0 Square Feet [0.00 Square Inches]
63 patches before subdivision
653 patches after subdivision
4 direct lights
0...1...2...3...4...5...6...7...8...9...100...1...2...3...4...5...6...7...8...9...10transfers 27256, max 129
transfer lists:   0.2 megs
0...1...2...3...4...5...6...7...8...9...10	Bounce #1 added RGB(1010, 1029, 928)
0...1...2...3...4...5...6...7...8...9...10	Bounce #2 added RGB(397, 413, 336)
0...1...2...3...4...5...6...7...8...9...10	Bounce #3 added RGB(155, 164, 120)
0...1...2...3...4...5...6...7...8...9...10	Bounce #4 added RGB(60, 65, 43)
0...1...2...3...4...5...6...7...8...9...10	Bounce #5 added RGB(23, 26, 15)
0...1...2...3...4...5...6...7...8...9...10	Bounce #6 added RGB(9, 10, 5)
0...1...2...3...4...5...6...7...8...9...10	Bounce #7 added RGB(3, 4, 2)
0...1...2...3...4...5...6...7...8...9...10	Bounce #8 added RGB(1, 2, 1)
0...1...2...3...4...5...6...7...8...9...10	Bounce #9 added RGB(1, 1, 0)
Build Patch/Sample Hash Table(s).....Done<0.0001 sec>
0...1...2...3...4...5...6...7...8...9...10FinalLightFace Done
0 of 0 (0% of) surface lights went in leaf ambient cubes.
0...1...2...3...4...5...6...7...8...9...10Writing leaf ambient...done
Ready to Finish

Object names       Objects/Maxobjs  Memory / Maxmem  Fullness 
------------       ---------------  ---------------  -------- 
models                   3/1024          144/49152    ( 0.3%) 
brushes                 22/8192          264/98304    ( 0.3%) 
brushsides             132/65536        1056/524288   ( 0.2%) 
planes                 220/65536        4400/1310720  ( 0.3%) 
vertexes               341/65536        4092/786432   ( 0.5%) 
nodes                  205/65536        6560/2097152  ( 0.3%) 
texinfos                11/12288         792/884736   ( 0.1%) 
texdata                  4/2048          128/65536    ( 0.2%) 
dispinfos                0/0               0/0        ( 0.0%) 
disp_verts               0/0               0/0        ( 0.0%) 
disp_tris                0/0               0/0        ( 0.0%) 
disp_lmsamples           0/0               0/0        ( 0.0%) 
faces                   63/65536        3528/3670016  ( 0.1%) 
hdr faces               63/65536        3528/3670016  ( 0.1%) 
origfaces               24/65536        1344/3670016  ( 0.0%) 
leaves                 209/65536        6688/2097152  ( 0.3%) 
leaffaces              118/65536         236/131072   ( 0.2%) 
leafbrushes             95/65536         190/131072   ( 0.1%) 
areas                    2/256            16/2048     ( 0.8%) 
surfedges              360/512000       1440/2048000  ( 0.1%) 
edges                  227/256000        908/1024000  ( 0.1%) 
LDR worldlights          4/8192          352/720896   ( 0.0%) 
HDR worldlights          4/8192          352/720896   ( 0.0%) 
leafwaterdata            0/32768           0/393216   ( 0.0%) 
waterstrips             27/32768         270/327680   ( 0.1%) 
waterverts               0/65536           0/786432   ( 0.0%) 
waterindices           399/65536         798/131072   ( 0.6%) 
cubemapsamples           1/1024           16/16384    ( 0.1%) 
overlays                 0/512             0/180224   ( 0.0%) 
LDR lightdata         [variable]       13564/0        ( 0.0%) 
HDR lightdata         [variable]       13564/0        ( 0.0%) 
visdata               [variable]        3719/16777216 ( 0.0%) 
entdata               [variable]        2835/393216   ( 0.7%) 
LDR ambient table      209/65536         836/262144   ( 0.3%) 
HDR ambient table      209/65536         836/262144   ( 0.3%) 
LDR leaf ambient       683/65536       19124/1835008  ( 1.0%) 
HDR leaf ambient       683/65536       19124/1835008  ( 1.0%) 
occluders                0/0               0/0        ( 0.0%) 
occluder polygons        0/0               0/0        ( 0.0%) 
occluder vert ind        0/0               0/0        ( 0.0%) 
detail props          [variable]           1/12       ( 8.3%) 
static props          [variable]           1/228      ( 0.4%) 
pakfile               [variable]         354/0        ( 0.0%) 
physics               [variable]        9238/4194304  ( 0.2%) 
physics terrain       [variable]           2/1048576  ( 0.0%) 

Level flags = 0

Total triangle count: 138
Writing c:\program files (x86)\steam\steamapps\sourcemods\who\maps\lift.bsp
0 seconds elapsed



materialPath: C:\Program Files (x86)\Steam\steamapps\sourcemods\who\materials
Loading c:\program files (x86)\steam\steamapps\sourcemods\who\maps\lift.vmf
Could not locate 'GameData' key in c:\program files (x86)\steam\steamapps\sourcemods\who\gameinfo.txt
fixing up env_cubemap materials on brush sides...
0...1...2...3...4...5...6...7...8...9...100...1...2...3...4...5...6...7...8...9...10Processing areas...done (0)
Building Faces...done (0)
FixTjuncs...
PruneNodes...
WriteBSP...
done (0)
writing c:\program files (x86)\steam\steamapps\sourcemods\who\maps\lift.prt...Building visibility clusters...
done (0)
Finding displacement neighbors...
Finding lightmap sample positions...
Displacement Alpha : 0...1...2...3...4...5...6...7...8...9...10
Building Physics collision data...
done (0) (9238 bytes)
Placing detail props : 0...1...2...3...4...5...6...7...8...9...10
Compacting texture/material tables...
Reduced 68 texinfos to 11
Reduced 5 texdatas to 4 (127 bytes to 104)
Writing c:\program files (x86)\steam\steamapps\sourcemods\who\maps\lift.bsp
0 seconds elapsed



8 threads
reading c:\program files (x86)\steam\steamapps\sourcemods\who\maps\lift.bsp
reading c:\program files (x86)\steam\steamapps\sourcemods\who\maps\lift.prt
 104 portalclusters
 304 numportals
0...1...2...3...4...5...6...7...8...9...100...1...2...3...4...5...6...7...8...9...10Optimized: 177 visible clusters (4.18%)
Total clusters visible: 4239
Average clusters visible: 40
Building PAS...
Average clusters audible: 94
visdatasize:3719  compressed from 3328
writing c:\program files (x86)\steam\steamapps\sourcemods\who\maps\lift.bsp
0 seconds elapsed



Could not find lights.rad in lights.rad.
Trying VRAD BIN directory instead...
Warning: Couldn't open texlight file C:\Program Files (x86)\Steam\steamapps\common\source sdk base 2013 singleplayer\bin\lights.rad.
Loading c:\program files (x86)\steam\steamapps\sourcemods\who\maps\lift.bsp
63 faces
14013 square feet [2017886.00 square inches]
0 Displacements
0 Square Feet [0.00 Square Inches]
63 patches before subdivision
653 patches after subdivision
4 direct lights
0...1...2...3...4...5...6...7...8...9...100...1...2...3...4...5...6...7...8...9...10transfers 27256, max 129
transfer lists:   0.2 megs
0...1...2...3...4...5...6...7...8...9...10	Bounce #1 added RGB(1010, 1029, 928)
0...1...2...3...4...5...6...7...8...9...10	Bounce #2 added RGB(397, 413, 336)
0...1...2...3...4...5...6...7...8...9...10	Bounce #3 added RGB(155, 164, 120)
0...1...2...3...4...5...6...7...8...9...10	Bounce #4 added RGB(60, 65, 43)
0...1...2...3...4...5...6...7...8...9...10	Bounce #5 added RGB(23, 26, 15)
0...1...2...3...4...5...6...7...8...9...10	Bounce #6 added RGB(9, 10, 5)
0...1...2...3...4...5...6...7...8...9...10	Bounce #7 added RGB(3, 4, 2)
0...1...2...3...4...5...6...7...8...9...10	Bounce #8 added RGB(1, 2, 1)
0...1...2...3...4...5...6...7...8...9...10	Bounce #9 added RGB(1, 1, 0)
Build Patch/Sample Hash Table(s).....Done<0.0002 sec>
0...1...2...3...4...5...6...7...8...9...10FinalLightFace Done
0 of 0 (0% of) surface lights went in leaf ambient cubes.
0...1...2...3...4...5...6...7...8...9...10Writing leaf ambient...done
Ready to Finish

Object names       Objects/Maxobjs  Memory / Maxmem  Fullness 
------------       ---------------  ---------------  -------- 
models                   3/1024          144/49152    ( 0.3%) 
brushes                 22/8192          264/98304    ( 0.3%) 
brushsides             132/65536        1056/524288   ( 0.2%) 
planes                 220/65536        4400/1310720  ( 0.3%) 
vertexes               341/65536        4092/786432   ( 0.5%) 
nodes                  205/65536        6560/2097152  ( 0.3%) 
texinfos                11/12288         792/884736   ( 0.1%) 
texdata                  4/2048          128/65536    ( 0.2%) 
dispinfos                0/0               0/0        ( 0.0%) 
disp_verts               0/0               0/0        ( 0.0%) 
disp_tris                0/0               0/0        ( 0.0%) 
disp_lmsamples           0/0               0/0        ( 0.0%) 
faces                   63/65536        3528/3670016  ( 0.1%) 
hdr faces                0/65536           0/3670016  ( 0.0%) 
origfaces               24/65536        1344/3670016  ( 0.0%) 
leaves                 209/65536        6688/2097152  ( 0.3%) 
leaffaces              118/65536         236/131072   ( 0.2%) 
leafbrushes             95/65536         190/131072   ( 0.1%) 
areas                    2/256            16/2048     ( 0.8%) 
surfedges              360/512000       1440/2048000  ( 0.1%) 
edges                  227/256000        908/1024000  ( 0.1%) 
LDR worldlights          4/8192          352/720896   ( 0.0%) 
HDR worldlights          0/8192            0/720896   ( 0.0%) 
leafwaterdata            0/32768           0/393216   ( 0.0%) 
waterstrips             27/32768         270/327680   ( 0.1%) 
waterverts               0/65536           0/786432   ( 0.0%) 
waterindices           399/65536         798/131072   ( 0.6%) 
cubemapsamples           1/1024           16/16384    ( 0.1%) 
overlays                 0/512             0/180224   ( 0.0%) 
LDR lightdata         [variable]       13564/0        ( 0.0%) 
HDR lightdata         [variable]           0/0        ( 0.0%) 
visdata               [variable]        3719/16777216 ( 0.0%) 
entdata               [variable]        2850/393216   ( 0.7%) 
LDR ambient table      209/65536         836/262144   ( 0.3%) 
HDR ambient table      209/65536         836/262144   ( 0.3%) 
LDR leaf ambient       683/65536       19124/1835008  ( 1.0%) 
HDR leaf ambient       209/65536        5852/1835008  ( 0.3%) 
occluders                0/0               0/0        ( 0.0%) 
occluder polygons        0/0               0/0        ( 0.0%) 
occluder vert ind        0/0               0/0        ( 0.0%) 
detail props          [variable]           1/12       ( 8.3%) 
static props          [variable]           1/228      ( 0.4%) 
pakfile               [variable]         354/0        ( 0.0%) 
physics               [variable]        9238/4194304  ( 0.2%) 
physics terrain       [variable]           2/1048576  ( 0.0%) 

Level flags = 0

Total triangle count: 138
Writing c:\program files (x86)\steam\steamapps\sourcemods\who\maps\lift.bsp
0 seconds elapsed



Could not find lights.rad in lights.rad.
Trying VRAD BIN directory instead...
Warning: Couldn't open texlight file C:\Program Files (x86)\Steam\steamapps\common\source sdk base 2013 singleplayer\bin\lights.rad.
Loading c:\program files (x86)\steam\steamapps\sourcemods\who\maps\lift.bsp
63 faces
14013 square feet [2017886.00 square inches]
0 Displacements
0 Square Feet [0.00 Square Inches]
63 patches before subdivision
653 patches after subdivision
4 direct lights
0...1...2...3...4...5...6...7...8...9...100...1...2...3...4...5...6...7...8...9...10transfers 27256, max 129
transfer lists:   0.2 megs
0...1...2...3...4...5...6...7...8...9...10	Bounce #1 added RGB(1010, 1029, 928)
0...1...2...3...4...5...6...7...8...9...10	Bounce #2 added RGB(397, 413, 336)
0...1...2...3...4...5...6...7...8...9...10	Bounce #3 added RGB(155, 164, 120)
0...1...2...3...4...5...6...7...8...9...10	Bounce #4 added RGB(60, 65, 43)
0...1...2...3...4...5...6...7...8...9...10	Bounce #5 added RGB(23, 26, 15)
0...1...2...3...4...5...6...7...8...9...10	Bounce #6 added RGB(9, 10, 5)
0...1...2...3...4...5...6...7...8...9...10	Bounce #7 added RGB(3, 4, 2)
0...1...2...3...4...5...6...7...8...9...10	Bounce #8 added RGB(1, 2, 1)
0...1...2...3...4...5...6...7...8...9...10	Bounce #9 added RGB(1, 1, 0)
Build Patch/Sample Hash Table(s).....Done<0.0001 sec>
0...1...2...3...4...5...6...7...8...9...10FinalLightFace Done
0 of 0 (0% of) surface lights went in leaf ambient cubes.
0...1...2...3...4...5...6...7...8...9...10Writing leaf ambient...done
Ready to Finish

Object names       Objects/Maxobjs  Memory / Maxmem  Fullness 
------------       ---------------  ---------------  -------- 
models                   3/1024          144/49152    ( 0.3%) 
brushes                 22/8192          264/98304    ( 0.3%) 
brushsides             132/65536        1056/524288   ( 0.2%) 
planes                 220/65536        4400/1310720  ( 0.3%) 
vertexes               341/65536        4092/786432   ( 0.5%) 
nodes                  205/65536        6560/2097152  ( 0.3%) 
texinfos                11/12288         792/884736   ( 0.1%) 
texdata                  4/2048          128/65536    ( 0.2%) 
dispinfos                0/0               0/0        ( 0.0%) 
disp_verts               0/0               0/0        ( 0.0%) 
disp_tris                0/0               0/0        ( 0.0%) 
disp_lmsamples           0/0               0/0        ( 0.0%) 
faces                   63/65536        3528/3670016  ( 0.1%) 
hdr faces               63/65536        3528/3670016  ( 0.1%) 
origfaces               24/65536        1344/3670016  ( 0.0%) 
leaves                 209/65536        6688/2097152  ( 0.3%) 
leaffaces              118/65536         236/131072   ( 0.2%) 
leafbrushes             95/65536         190/131072   ( 0.1%) 
areas                    2/256            16/2048     ( 0.8%) 
surfedges              360/512000       1440/2048000  ( 0.1%) 
edges                  227/256000        908/1024000  ( 0.1%) 
LDR worldlights          4/8192          352/720896   ( 0.0%) 
HDR worldlights          4/8192          352/720896   ( 0.0%) 
leafwaterdata            0/32768           0/393216   ( 0.0%) 
waterstrips             27/32768         270/327680   ( 0.1%) 
waterverts               0/65536           0/786432   ( 0.0%) 
waterindices           399/65536         798/131072   ( 0.6%) 
cubemapsamples           1/1024           16/16384    ( 0.1%) 
overlays                 0/512             0/180224   ( 0.0%) 
LDR lightdata         [variable]       13564/0        ( 0.0%) 
HDR lightdata         [variable]       13564/0        ( 0.0%) 
visdata               [variable]        3719/16777216 ( 0.0%) 
entdata               [variable]        2850/393216   ( 0.7%) 
LDR ambient table      209/65536         836/262144   ( 0.3%) 
HDR ambient table      209/65536         836/262144   ( 0.3%) 
LDR leaf ambient       683/65536       19124/1835008  ( 1.0%) 
HDR leaf ambient       683/65536       19124/1835008  ( 1.0%) 
occluders                0/0               0/0        ( 0.0%) 
occluder polygons        0/0               0/0        ( 0.0%) 
occluder vert ind        0/0               0/0        ( 0.0%) 
detail props          [variable]           1/12       ( 8.3%) 
static props          [variable]           1/228      ( 0.4%) 
pakfile               [variable]         354/0        ( 0.0%) 
physics               [variable]        9238/4194304  ( 0.2%) 
physics terrain       [variable]           2/1048576  ( 0.0%) 

Level flags = 0

Total triangle count: 138
Writing c:\program files (x86)\steam\steamapps\sourcemods\who\maps\lift.bsp
0 seconds elapsed



materialPath: C:\Program Files (x86)\Steam\steamapps\sourcemods\who\materials
Loading c:\program files (x86)\steam\steamapps\sourcemods\who\maps\lift.vmf
Could not locate 'GameData' key in c:\program files (x86)\steam\steamapps\sourcemods\who\gameinfo.txt
fixing up env_cubemap materials on brush sides...
0...1...2...3...4...5...6...7...8...9...100...1...2...3...4...5...6...7...8...9...10Processing areas...done (0)
Building Faces...done (0)
FixTjuncs...
PruneNodes...
WriteBSP...
done (0)
writing c:\program files (x86)\steam\steamapps\sourcemods\who\maps\lift.prt...Building visibility clusters...
done (0)
Finding displacement neighbors...
Finding lightmap sample positions...
Displacement Alpha : 0...1...2...3...4...5...6...7...8...9...10
Building Physics collision data...
done (0) (9238 bytes)
Placing detail props : 0...1...2...3...4...5...6...7...8...9...10
Compacting texture/material tables...
Reduced 68 texinfos to 11
Reduced 5 texdatas to 4 (127 bytes to 104)
Writing c:\program files (x86)\steam\steamapps\sourcemods\who\maps\lift.bsp
0 seconds elapsed



8 threads
reading c:\program files (x86)\steam\steamapps\sourcemods\who\maps\lift.bsp
reading c:\program files (x86)\steam\steamapps\sourcemods\who\maps\lift.prt
 104 portalclusters
 304 numportals
0...1...2...3...4...5...6...7...8...9...100...1...2...3...4...5...6...7...8...9...10Optimized: 202 visible clusters (4.74%)
Total clusters visible: 4264
Average clusters visible: 41
Building PAS...
Average clusters audible: 94
visdatasize:3719  compressed from 3328
writing c:\program files (x86)\steam\steamapps\sourcemods\who\maps\lift.bsp
0 seconds elapsed



Could not find lights.rad in lights.rad.
Trying VRAD BIN directory instead...
Warning: Couldn't open texlight file C:\Program Files (x86)\Steam\steamapps\common\source sdk base 2013 singleplayer\bin\lights.rad.
Loading c:\program files (x86)\steam\steamapps\sourcemods\who\maps\lift.bsp
63 faces
14013 square feet [2017886.00 square inches]
0 Displacements
0 Square Feet [0.00 Square Inches]
63 patches before subdivision
653 patches after subdivision
4 direct lights
0...1...2...3...4...5...6...7...8...9...100...1...2...3...4...5...6...7...8...9...10transfers 27256, max 129
transfer lists:   0.2 megs
0...1...2...3...4...5...6...7...8...9...10	Bounce #1 added RGB(1010, 1029, 928)
0...1...2...3...4...5...6...7...8...9...10	Bounce #2 added RGB(397, 413, 336)
0...1...2...3...4...5...6...7...8...9...10	Bounce #3 added RGB(155, 164, 120)
0...1...2...3...4...5...6...7...8...9...10	Bounce #4 added RGB(60, 65, 43)
0...1...2...3...4...5...6...7...8...9...10	Bounce #5 added RGB(23, 26, 15)
0...1...2...3...4...5...6...7...8...9...10	Bounce #6 added RGB(9, 10, 5)
0...1...2...3...4...5...6...7...8...9...10	Bounce #7 added RGB(3, 4, 2)
0...1...2...3...4...5...6...7...8...9...10	Bounce #8 added RGB(1, 2, 1)
0...1...2...3...4...5...6...7...8...9...10	Bounce #9 added RGB(1, 1, 0)
Build Patch/Sample Hash Table(s).....Done<0.0001 sec>
0...1...2...3...4...5...6...7...8...9...10FinalLightFace Done
0 of 0 (0% of) surface lights went in leaf ambient cubes.
0...1...2...3...4...5...6...7...8...9...10Writing leaf ambient...done
Ready to Finish

Object names       Objects/Maxobjs  Memory / Maxmem  Fullness 
------------       ---------------  ---------------  -------- 
models                   3/1024          144/49152    ( 0.3%) 
brushes                 22/8192          264/98304    ( 0.3%) 
brushsides             132/65536        1056/524288   ( 0.2%) 
planes                 220/65536        4400/1310720  ( 0.3%) 
vertexes               341/65536        4092/786432   ( 0.5%) 
nodes                  205/65536        6560/2097152  ( 0.3%) 
texinfos                11/12288         792/884736   ( 0.1%) 
texdata                  4/2048          128/65536    ( 0.2%) 
dispinfos                0/0               0/0        ( 0.0%) 
disp_verts               0/0               0/0        ( 0.0%) 
disp_tris                0/0               0/0        ( 0.0%) 
disp_lmsamples           0/0               0/0        ( 0.0%) 
faces                   63/65536        3528/3670016  ( 0.1%) 
hdr faces                0/65536           0/3670016  ( 0.0%) 
origfaces               24/65536        1344/3670016  ( 0.0%) 
leaves                 209/65536        6688/2097152  ( 0.3%) 
leaffaces              118/65536         236/131072   ( 0.2%) 
leafbrushes             95/65536         190/131072   ( 0.1%) 
areas                    2/256            16/2048     ( 0.8%) 
surfedges              360/512000       1440/2048000  ( 0.1%) 
edges                  227/256000        908/1024000  ( 0.1%) 
LDR worldlights          4/8192          352/720896   ( 0.0%) 
HDR worldlights          0/8192            0/720896   ( 0.0%) 
leafwaterdata            0/32768           0/393216   ( 0.0%) 
waterstrips             27/32768         270/327680   ( 0.1%) 
waterverts               0/65536           0/786432   ( 0.0%) 
waterindices           399/65536         798/131072   ( 0.6%) 
cubemapsamples           1/1024           16/16384    ( 0.1%) 
overlays                 0/512             0/180224   ( 0.0%) 
LDR lightdata         [variable]       13564/0        ( 0.0%) 
HDR lightdata         [variable]           0/0        ( 0.0%) 
visdata               [variable]        3719/16777216 ( 0.0%) 
entdata               [variable]        2848/393216   ( 0.7%) 
LDR ambient table      209/65536         836/262144   ( 0.3%) 
HDR ambient table      209/65536         836/262144   ( 0.3%) 
LDR leaf ambient       683/65536       19124/1835008  ( 1.0%) 
HDR leaf ambient       209/65536        5852/1835008  ( 0.3%) 
occluders                0/0               0/0        ( 0.0%) 
occluder polygons        0/0               0/0        ( 0.0%) 
occluder vert ind        0/0               0/0        ( 0.0%) 
detail props          [variable]           1/12       ( 8.3%) 
static props          [variable]           1/228      ( 0.4%) 
pakfile               [variable]         354/0        ( 0.0%) 
physics               [variable]        9238/4194304  ( 0.2%) 
physics terrain       [variable]           2/1048576  ( 0.0%) 

Level flags = 0

Total triangle count: 138
Writing c:\program files (x86)\steam\steamapps\sourcemods\who\maps\lift.bsp
0 seconds elapsed



Could not find lights.rad in lights.rad.
Trying VRAD BIN directory instead...
Warning: Couldn't open texlight file C:\Program Files (x86)\Steam\steamapps\common\source sdk base 2013 singleplayer\bin\lights.rad.
Loading c:\program files (x86)\steam\steamapps\sourcemods\who\maps\lift.bsp
63 faces
14013 square feet [2017886.00 square inches]
0 Displacements
0 Square Feet [0.00 Square Inches]
63 patches before subdivision
653 patches after subdivision
4 direct lights
0...1...2...3...4...5...6...7...8...9...100...1...2...3...4...5...6...7...8...9...10transfers 27256, max 129
transfer lists:   0.2 megs
0...1...2...3...4...5...6...7...8...9...10	Bounce #1 added RGB(1010, 1029, 928)
0...1...2...3...4...5...6...7...8...9...10	Bounce #2 added RGB(397, 413, 336)
0...1...2...3...4...5...6...7...8...9...10	Bounce #3 added RGB(155, 164, 120)
0...1...2...3...4...5...6...7...8...9...10	Bounce #4 added RGB(60, 65, 43)
0...1...2...3...4...5...6...7...8...9...10	Bounce #5 added RGB(23, 26, 15)
0...1...2...3...4...5...6...7...8...9...10	Bounce #6 added RGB(9, 10, 5)
0...1...2...3...4...5...6...7...8...9...10	Bounce #7 added RGB(3, 4, 2)
0...1...2...3...4...5...6...7...8...9...10	Bounce #8 added RGB(1, 2, 1)
0...1...2...3...4...5...6...7...8...9...10	Bounce #9 added RGB(1, 1, 0)
Build Patch/Sample Hash Table(s).....Done<0.0001 sec>
0...1...2...3...4...5...6...7...8...9...10FinalLightFace Done
0 of 0 (0% of) surface lights went in leaf ambient cubes.
0...1...2...3...4...5...6...7...8...9...10Writing leaf ambient...done
Ready to Finish

Object names       Objects/Maxobjs  Memory / Maxmem  Fullness 
------------       ---------------  ---------------  -------- 
models                   3/1024          144/49152    ( 0.3%) 
brushes                 22/8192          264/98304    ( 0.3%) 
brushsides             132/65536        1056/524288   ( 0.2%) 
planes                 220/65536        4400/1310720  ( 0.3%) 
vertexes               341/65536        4092/786432   ( 0.5%) 
nodes                  205/65536        6560/2097152  ( 0.3%) 
texinfos                11/12288         792/884736   ( 0.1%) 
texdata                  4/2048          128/65536    ( 0.2%) 
dispinfos                0/0               0/0        ( 0.0%) 
disp_verts               0/0               0/0        ( 0.0%) 
disp_tris                0/0               0/0        ( 0.0%) 
disp_lmsamples           0/0               0/0        ( 0.0%) 
faces                   63/65536        3528/3670016  ( 0.1%) 
hdr faces               63/65536        3528/3670016  ( 0.1%) 
origfaces               24/65536        1344/3670016  ( 0.0%) 
leaves                 209/65536        6688/2097152  ( 0.3%) 
leaffaces              118/65536         236/131072   ( 0.2%) 
leafbrushes             95/65536         190/131072   ( 0.1%) 
areas                    2/256            16/2048     ( 0.8%) 
surfedges              360/512000       1440/2048000  ( 0.1%) 
edges                  227/256000        908/1024000  ( 0.1%) 
LDR worldlights          4/8192          352/720896   ( 0.0%) 
HDR worldlights          4/8192          352/720896   ( 0.0%) 
leafwaterdata            0/32768           0/393216   ( 0.0%) 
waterstrips             27/32768         270/327680   ( 0.1%) 
waterverts               0/65536           0/786432   ( 0.0%) 
waterindices           399/65536         798/131072   ( 0.6%) 
cubemapsamples           1/1024           16/16384    ( 0.1%) 
overlays                 0/512             0/180224   ( 0.0%) 
LDR lightdata         [variable]       13564/0        ( 0.0%) 
HDR lightdata         [variable]       13564/0        ( 0.0%) 
visdata               [variable]        3719/16777216 ( 0.0%) 
entdata               [variable]        2848/393216   ( 0.7%) 
LDR ambient table      209/65536         836/262144   ( 0.3%) 
HDR ambient table      209/65536         836/262144   ( 0.3%) 
LDR leaf ambient       683/65536       19124/1835008  ( 1.0%) 
HDR leaf ambient       683/65536       19124/1835008  ( 1.0%) 
occluders                0/0               0/0        ( 0.0%) 
occluder polygons        0/0               0/0        ( 0.0%) 
occluder vert ind        0/0               0/0        ( 0.0%) 
detail props          [variable]           1/12       ( 8.3%) 
static props          [variable]           1/228      ( 0.4%) 
pakfile               [variable]         354/0        ( 0.0%) 
physics               [variable]        9238/4194304  ( 0.2%) 
physics terrain       [variable]           2/1048576  ( 0.0%) 

Level flags = 0

Total triangle count: 138
Writing c:\program files (x86)\steam\steamapps\sourcemods\who\maps\lift.bsp
0 seconds elapsed



materialPath: C:\Program Files (x86)\Steam\steamapps\sourcemods\who\materials
Loading c:\program files (x86)\steam\steamapps\sourcemods\who\maps\lift.vmf
Could not locate 'GameData' key in c:\program files (x86)\steam\steamapps\sourcemods\who\gameinfo.txt
fixing up env_cubemap materials on brush sides...
0...1...2...3...4...5...6...7...8...9...100...1...2...3...4...5...6...7...8...9...10Processing areas...done (0)
Building Faces...done (0)
FixTjuncs...
PruneNodes...
WriteBSP...
done (0)
writing c:\program files (x86)\steam\steamapps\sourcemods\who\maps\lift.prt...Building visibility clusters...
done (0)
Finding displacement neighbors...
Finding lightmap sample positions...
Displacement Alpha : 0...1...2...3...4...5...6...7...8...9...10
Building Physics collision data...
done (0) (9238 bytes)
Placing detail props : 0...1...2...3...4...5...6...7...8...9...10
Compacting texture/material tables...
Reduced 68 texinfos to 11
Reduced 5 texdatas to 4 (127 bytes to 104)
Writing c:\program files (x86)\steam\steamapps\sourcemods\who\maps\lift.bsp
0 seconds elapsed



8 threads
reading c:\program files (x86)\steam\steamapps\sourcemods\who\maps\lift.bsp
reading c:\program files (x86)\steam\steamapps\sourcemods\who\maps\lift.prt
 104 portalclusters
 304 numportals
0...1...2...3...4...5...6...7...8...9...100...1...2...3...4...5...6...7...8...9...10Optimized: 177 visible clusters (4.18%)
Total clusters visible: 4239
Average clusters visible: 40
Building PAS...
Average clusters audible: 94
visdatasize:3719  compressed from 3328
writing c:\program files (x86)\steam\steamapps\sourcemods\who\maps\lift.bsp
0 seconds elapsed



Could not find lights.rad in lights.rad.
Trying VRAD BIN directory instead...
Warning: Couldn't open texlight file C:\Program Files (x86)\Steam\steamapps\common\source sdk base 2013 singleplayer\bin\lights.rad.
Loading c:\program files (x86)\steam\steamapps\sourcemods\who\maps\lift.bsp
63 faces
14013 square feet [2017886.00 square inches]
0 Displacements
0 Square Feet [0.00 Square Inches]
63 patches before subdivision
653 patches after subdivision
4 direct lights
0...1...2...3...4...5...6...7...8...9...100...1...2...3...4...5...6...7...8...9...10transfers 27256, max 129
transfer lists:   0.2 megs
0...1...2...3...4...5...6...7...8...9...10	Bounce #1 added RGB(1010, 1029, 928)
0...1...2...3...4...5...6...7...8...9...10	Bounce #2 added RGB(397, 413, 336)
0...1...2...3...4...5...6...7...8...9...10	Bounce #3 added RGB(155, 164, 120)
0...1...2...3...4...5...6...7...8...9...10	Bounce #4 added RGB(60, 65, 43)
0...1...2...3...4...5...6...7...8...9...10	Bounce #5 added RGB(23, 26, 15)
0...1...2...3...4...5...6...7...8...9...10	Bounce #6 added RGB(9, 10, 5)
0...1...2...3...4...5...6...7...8...9...10	Bounce #7 added RGB(3, 4, 2)
0...1...2...3...4...5...6...7...8...9...10	Bounce #8 added RGB(1, 2, 1)
0...1...2...3...4...5...6...7...8...9...10	Bounce #9 added RGB(1, 1, 0)
Build Patch/Sample Hash Table(s).....Done<0.0001 sec>
0...1...2...3...4...5...6...7...8...9...10FinalLightFace Done
0 of 0 (0% of) surface lights went in leaf ambient cubes.
0...1...2...3...4...5...6...7...8...9...10Writing leaf ambient...done
Ready to Finish

Object names       Objects/Maxobjs  Memory / Maxmem  Fullness 
------------       ---------------  ---------------  -------- 
models                   3/1024          144/49152    ( 0.3%) 
brushes                 22/8192          264/98304    ( 0.3%) 
brushsides             132/65536        1056/524288   ( 0.2%) 
planes                 220/65536        4400/1310720  ( 0.3%) 
vertexes               341/65536        4092/786432   ( 0.5%) 
nodes                  205/65536        6560/2097152  ( 0.3%) 
texinfos                11/12288         792/884736   ( 0.1%) 
texdata                  4/2048          128/65536    ( 0.2%) 
dispinfos                0/0               0/0        ( 0.0%) 
disp_verts               0/0               0/0        ( 0.0%) 
disp_tris                0/0               0/0        ( 0.0%) 
disp_lmsamples           0/0               0/0        ( 0.0%) 
faces                   63/65536        3528/3670016  ( 0.1%) 
hdr faces                0/65536           0/3670016  ( 0.0%) 
origfaces               24/65536        1344/3670016  ( 0.0%) 
leaves                 209/65536        6688/2097152  ( 0.3%) 
leaffaces              118/65536         236/131072   ( 0.2%) 
leafbrushes             95/65536         190/131072   ( 0.1%) 
areas                    2/256            16/2048     ( 0.8%) 
surfedges              360/512000       1440/2048000  ( 0.1%) 
edges                  227/256000        908/1024000  ( 0.1%) 
LDR worldlights          4/8192          352/720896   ( 0.0%) 
HDR worldlights          0/8192            0/720896   ( 0.0%) 
leafwaterdata            0/32768           0/393216   ( 0.0%) 
waterstrips             27/32768         270/327680   ( 0.1%) 
waterverts               0/65536           0/786432   ( 0.0%) 
waterindices           399/65536         798/131072   ( 0.6%) 
cubemapsamples           1/1024           16/16384    ( 0.1%) 
overlays                 0/512             0/180224   ( 0.0%) 
LDR lightdata         [variable]       13564/0        ( 0.0%) 
HDR lightdata         [variable]           0/0        ( 0.0%) 
visdata               [variable]        3719/16777216 ( 0.0%) 
entdata               [variable]        2848/393216   ( 0.7%) 
LDR ambient table      209/65536         836/262144   ( 0.3%) 
HDR ambient table      209/65536         836/262144   ( 0.3%) 
LDR leaf ambient       683/65536       19124/1835008  ( 1.0%) 
HDR leaf ambient       209/65536        5852/1835008  ( 0.3%) 
occluders                0/0               0/0        ( 0.0%) 
occluder polygons        0/0               0/0        ( 0.0%) 
occluder vert ind        0/0               0/0        ( 0.0%) 
detail props          [variable]           1/12       ( 8.3%) 
static props          [variable]           1/228      ( 0.4%) 
pakfile               [variable]         354/0        ( 0.0%) 
physics               [variable]        9238/4194304  ( 0.2%) 
physics terrain       [variable]           2/1048576  ( 0.0%) 

Level flags = 0

Total triangle count: 138
Writing c:\program files (x86)\steam\steamapps\sourcemods\who\maps\lift.bsp
0 seconds elapsed



Could not find lights.rad in lights.rad.
Trying VRAD BIN directory instead...
Warning: Couldn't open texlight file C:\Program Files (x86)\Steam\steamapps\common\source sdk base 2013 singleplayer\bin\lights.rad.
Loading c:\program files (x86)\steam\steamapps\sourcemods\who\maps\lift.bsp
63 faces
14013 square feet [2017886.00 square inches]
0 Displacements
0 Square Feet [0.00 Square Inches]
63 patches before subdivision
653 patches after subdivision
4 direct lights
0...1...2...3...4...5...6...7...8...9...100...1...2...3...4...5...6...7...8...9...10transfers 27256, max 129
transfer lists:   0.2 megs
0...1...2...3...4...5...6...7...8...9...10	Bounce #1 added RGB(1010, 1029, 928)
0...1...2...3...4...5...6...7...8...9...10	Bounce #2 added RGB(397, 413, 336)
0...1...2...3...4...5...6...7...8...9...10	Bounce #3 added RGB(155, 164, 120)
0...1...2...3...4...5...6...7...8...9...10	Bounce #4 added RGB(60, 65, 43)
0...1...2...3...4...5...6...7...8...9...10	Bounce #5 added RGB(23, 26, 15)
0...1...2...3...4...5...6...7...8...9...10	Bounce #6 added RGB(9, 10, 5)
0...1...2...3...4...5...6...7...8...9...10	Bounce #7 added RGB(3, 4, 2)
0...1...2...3...4...5...6...7...8...9...10	Bounce #8 added RGB(1, 2, 1)
0...1...2...3...4...5...6...7...8...9...10	Bounce #9 added RGB(1, 1, 0)
Build Patch/Sample Hash Table(s).....Done<0.0001 sec>
0...1...2...3...4...5...6...7...8...9...10FinalLightFace Done
0 of 0 (0% of) surface lights went in leaf ambient cubes.
0...1...2...3...4...5...6...7...8...9...10Writing leaf ambient...done
Ready to Finish

Object names       Objects/Maxobjs  Memory / Maxmem  Fullness 
------------       ---------------  ---------------  -------- 
models                   3/1024          144/49152    ( 0.3%) 
brushes                 22/8192          264/98304    ( 0.3%) 
brushsides             132/65536        1056/524288   ( 0.2%) 
planes                 220/65536        4400/1310720  ( 0.3%) 
vertexes               341/65536        4092/786432   ( 0.5%) 
nodes                  205/65536        6560/2097152  ( 0.3%) 
texinfos                11/12288         792/884736   ( 0.1%) 
texdata                  4/2048          128/65536    ( 0.2%) 
dispinfos                0/0               0/0        ( 0.0%) 
disp_verts               0/0               0/0        ( 0.0%) 
disp_tris                0/0               0/0        ( 0.0%) 
disp_lmsamples           0/0               0/0        ( 0.0%) 
faces                   63/65536        3528/3670016  ( 0.1%) 
hdr faces               63/65536        3528/3670016  ( 0.1%) 
origfaces               24/65536        1344/3670016  ( 0.0%) 
leaves                 209/65536        6688/2097152  ( 0.3%) 
leaffaces              118/65536         236/131072   ( 0.2%) 
leafbrushes             95/65536         190/131072   ( 0.1%) 
areas                    2/256            16/2048     ( 0.8%) 
surfedges              360/512000       1440/2048000  ( 0.1%) 
edges                  227/256000        908/1024000  ( 0.1%) 
LDR worldlights          4/8192          352/720896   ( 0.0%) 
HDR worldlights          4/8192          352/720896   ( 0.0%) 
leafwaterdata            0/32768           0/393216   ( 0.0%) 
waterstrips             27/32768         270/327680   ( 0.1%) 
waterverts               0/65536           0/786432   ( 0.0%) 
waterindices           399/65536         798/131072   ( 0.6%) 
cubemapsamples           1/1024           16/16384    ( 0.1%) 
overlays                 0/512             0/180224   ( 0.0%) 
LDR lightdata         [variable]       13564/0        ( 0.0%) 
HDR lightdata         [variable]       13564/0        ( 0.0%) 
visdata               [variable]        3719/16777216 ( 0.0%) 
entdata               [variable]        2848/393216   ( 0.7%) 
LDR ambient table      209/65536         836/262144   ( 0.3%) 
HDR ambient table      209/65536         836/262144   ( 0.3%) 
LDR leaf ambient       683/65536       19124/1835008  ( 1.0%) 
HDR leaf ambient       683/65536       19124/1835008  ( 1.0%) 
occluders                0/0               0/0        ( 0.0%) 
occluder polygons        0/0               0/0        ( 0.0%) 
occluder vert ind        0/0               0/0        ( 0.0%) 
detail props          [variable]           1/12       ( 8.3%) 
static props          [variable]           1/228      ( 0.4%) 
pakfile               [variable]         354/0        ( 0.0%) 
physics               [variable]        9238/4194304  ( 0.2%) 
physics terrain       [variable]           2/1048576  ( 0.0%) 

Level flags = 0

Total triangle count: 138
Writing c:\program files (x86)\steam\steamapps\sourcemods\who\maps\lift.bsp
0 seconds elapsed



materialPath: C:\Program Files (x86)\Steam\steamapps\sourcemods\who\materials
Loading c:\program files (x86)\steam\steamapps\sourcemods\who\maps\lift.vmf
Could not locate 'GameData' key in c:\program files (x86)\steam\steamapps\sourcemods\who\gameinfo.txt
fixing up env_cubemap materials on brush sides...
0...1...2...3...4...5...6...7...8...9...100...1...2...3...4...5...6...7...8...9...10Processing areas...done (0)
Building Faces...done (0)
FixTjuncs...
PruneNodes...
WriteBSP...
done (0)
writing c:\program files (x86)\steam\steamapps\sourcemods\who\maps\lift.prt...Building visibility clusters...
done (0)
Finding displacement neighbors...
Finding lightmap sample positions...
Displacement Alpha : 0...1...2...3...4...5...6...7...8...9...10
Building Physics collision data...
done (0) (9238 bytes)
Placing detail props : 0...1...2...3...4...5...6...7...8...9...10
Compacting texture/material tables...
Reduced 68 texinfos to 11
Reduced 5 texdatas to 4 (127 bytes to 104)
Writing c:\program files (x86)\steam\steamapps\sourcemods\who\maps\lift.bsp
0 seconds elapsed



8 threads
reading c:\program files (x86)\steam\steamapps\sourcemods\who\maps\lift.bsp
reading c:\program files (x86)\steam\steamapps\sourcemods\who\maps\lift.prt
 104 portalclusters
 304 numportals
0...1...2...3...4...5...6...7...8...9...100...1...2...3...4...5...6...7...8...9...10Optimized: 177 visible clusters (4.18%)
Total clusters visible: 4239
Average clusters visible: 40
Building PAS...
Average clusters audible: 94
visdatasize:3719  compressed from 3328
writing c:\program files (x86)\steam\steamapps\sourcemods\who\maps\lift.bsp
0 seconds elapsed



Could not find lights.rad in lights.rad.
Trying VRAD BIN directory instead...
Warning: Couldn't open texlight file C:\Program Files (x86)\Steam\steamapps\common\source sdk base 2013 singleplayer\bin\lights.rad.
Loading c:\program files (x86)\steam\steamapps\sourcemods\who\maps\lift.bsp
63 faces
14013 square feet [2017885.75 square inches]
0 Displacements
0 Square Feet [0.00 Square Inches]
63 patches before subdivision
653 patches after subdivision
4 direct lights
0...1...2...3...4...5...6...7...8...9...100...1...2...3...4...5...6...7...8...9...10transfers 26137, max 129
transfer lists:   0.2 megs
0...1...2...3...4...5...6...7...8...9...10	Bounce #1 added RGB(962, 980, 884)
0...1...2...3...4...5...6...7...8...9...10	Bounce #2 added RGB(375, 390, 317)
0...1...2...3...4...5...6...7...8...9...10	Bounce #3 added RGB(146, 154, 113)
0...1...2...3...4...5...6...7...8...9...10	Bounce #4 added RGB(56, 61, 40)
0...1...2...3...4...5...6...7...8...9...10	Bounce #5 added RGB(22, 24, 14)
0...1...2...3...4...5...6...7...8...9...10	Bounce #6 added RGB(8, 9, 5)
0...1...2...3...4...5...6...7...8...9...10	Bounce #7 added RGB(3, 4, 2)
0...1...2...3...4...5...6...7...8...9...10	Bounce #8 added RGB(1, 1, 1)
0...1...2...3...4...5...6...7...8...9...10	Bounce #9 added RGB(0, 1, 0)
Build Patch/Sample Hash Table(s).....Done<0.0002 sec>
0...1...2...3...4...5...6...7...8...9...10FinalLightFace Done
0 of 0 (0% of) surface lights went in leaf ambient cubes.
0...1...2...3...4...5...6...7...8...9...10Writing leaf ambient...done
Ready to Finish

Object names       Objects/Maxobjs  Memory / Maxmem  Fullness 
------------       ---------------  ---------------  -------- 
models                   3/1024          144/49152    ( 0.3%) 
brushes                 22/8192          264/98304    ( 0.3%) 
brushsides             132/65536        1056/524288   ( 0.2%) 
planes                 220/65536        4400/1310720  ( 0.3%) 
vertexes               341/65536        4092/786432   ( 0.5%) 
nodes                  205/65536        6560/2097152  ( 0.3%) 
texinfos                11/12288         792/884736   ( 0.1%) 
texdata                  4/2048          128/65536    ( 0.2%) 
dispinfos                0/0               0/0        ( 0.0%) 
disp_verts               0/0               0/0        ( 0.0%) 
disp_tris                0/0               0/0        ( 0.0%) 
disp_lmsamples           0/0               0/0        ( 0.0%) 
faces                   63/65536        3528/3670016  ( 0.1%) 
hdr faces                0/65536           0/3670016  ( 0.0%) 
origfaces               24/65536        1344/3670016  ( 0.0%) 
leaves                 209/65536        6688/2097152  ( 0.3%) 
leaffaces              118/65536         236/131072   ( 0.2%) 
leafbrushes             95/65536         190/131072   ( 0.1%) 
areas                    2/256            16/2048     ( 0.8%) 
surfedges              360/512000       1440/2048000  ( 0.1%) 
edges                  227/256000        908/1024000  ( 0.1%) 
LDR worldlights          4/8192          352/720896   ( 0.0%) 
HDR worldlights          0/8192            0/720896   ( 0.0%) 
leafwaterdata            0/32768           0/393216   ( 0.0%) 
waterstrips             27/32768         270/327680   ( 0.1%) 
waterverts               0/65536           0/786432   ( 0.0%) 
waterindices           399/65536         798/131072   ( 0.6%) 
cubemapsamples           1/1024           16/16384    ( 0.1%) 
overlays                 0/512             0/180224   ( 0.0%) 
LDR lightdata         [variable]       13564/0        ( 0.0%) 
HDR lightdata         [variable]           0/0        ( 0.0%) 
visdata               [variable]        3719/16777216 ( 0.0%) 
entdata               [variable]        2866/393216   ( 0.7%) 
LDR ambient table      209/65536         836/262144   ( 0.3%) 
HDR ambient table      209/65536         836/262144   ( 0.3%) 
LDR leaf ambient       683/65536       19124/1835008  ( 1.0%) 
HDR leaf ambient       209/65536        5852/1835008  ( 0.3%) 
occluders                0/0               0/0        ( 0.0%) 
occluder polygons        0/0               0/0        ( 0.0%) 
occluder vert ind        0/0               0/0        ( 0.0%) 
detail props          [variable]           1/12       ( 8.3%) 
static props          [variable]           1/228      ( 0.4%) 
pakfile               [variable]         354/0        ( 0.0%) 
physics               [variable]        9238/4194304  ( 0.2%) 
physics terrain       [variable]           2/1048576  ( 0.0%) 

Level flags = 0

Total triangle count: 138
Writing c:\program files (x86)\steam\steamapps\sourcemods\who\maps\lift.bsp
0 seconds elapsed



Could not find lights.rad in lights.rad.
Trying VRAD BIN directory instead...
Warning: Couldn't open texlight file C:\Program Files (x86)\Steam\steamapps\common\source sdk base 2013 singleplayer\bin\lights.rad.
Loading c:\program files (x86)\steam\steamapps\sourcemods\who\maps\lift.bsp
63 faces
14013 square feet [2017885.75 square inches]
0 Displacements
0 Square Feet [0.00 Square Inches]
63 patches before subdivision
653 patches after subdivision
4 direct lights
0...1...2...3...4...5...6...7...8...9...100...1...2...3...4...5...6...7...8...9...10transfers 26137, max 129
transfer lists:   0.2 megs
0...1...2...3...4...5...6...7...8...9...10	Bounce #1 added RGB(962, 980, 884)
0...1...2...3...4...5...6...7...8...9...10	Bounce #2 added RGB(375, 390, 317)
0...1...2...3...4...5...6...7...8...9...10	Bounce #3 added RGB(146, 154, 113)
0...1...2...3...4...5...6...7...8...9...10	Bounce #4 added RGB(56, 61, 40)
0...1...2...3...4...5...6...7...8...9...10	Bounce #5 added RGB(22, 24, 14)
0...1...2...3...4...5...6...7...8...9...10	Bounce #6 added RGB(8, 9, 5)
0...1...2...3...4...5...6...7...8...9...10	Bounce #7 added RGB(3, 4, 2)
0...1...2...3...4...5...6...7...8...9...10	Bounce #8 added RGB(1, 1, 1)
0...1...2...3...4...5...6...7...8...9...10	Bounce #9 added RGB(0, 1, 0)
Build Patch/Sample Hash Table(s).....Done<0.0001 sec>
0...1...2...3...4...5...6...7...8...9...10FinalLightFace Done
0 of 0 (0% of) surface lights went in leaf ambient cubes.
0...1...2...3...4...5...6...7...8...9...10Writing leaf ambient...done
Ready to Finish

Object names       Objects/Maxobjs  Memory / Maxmem  Fullness 
------------       ---------------  ---------------  -------- 
models                   3/1024          144/49152    ( 0.3%) 
brushes                 22/8192          264/98304    ( 0.3%) 
brushsides             132/65536        1056/524288   ( 0.2%) 
planes                 220/65536        4400/1310720  ( 0.3%) 
vertexes               341/65536        4092/786432   ( 0.5%) 
nodes                  205/65536        6560/2097152  ( 0.3%) 
texinfos                11/12288         792/884736   ( 0.1%) 
texdata                  4/2048          128/65536    ( 0.2%) 
dispinfos                0/0               0/0        ( 0.0%) 
disp_verts               0/0               0/0        ( 0.0%) 
disp_tris                0/0               0/0        ( 0.0%) 
disp_lmsamples           0/0               0/0        ( 0.0%) 
faces                   63/65536        3528/3670016  ( 0.1%) 
hdr faces               63/65536        3528/3670016  ( 0.1%) 
origfaces               24/65536        1344/3670016  ( 0.0%) 
leaves                 209/65536        6688/2097152  ( 0.3%) 
leaffaces              118/65536         236/131072   ( 0.2%) 
leafbrushes             95/65536         190/131072   ( 0.1%) 
areas                    2/256            16/2048     ( 0.8%) 
surfedges              360/512000       1440/2048000  ( 0.1%) 
edges                  227/256000        908/1024000  ( 0.1%) 
LDR worldlights          4/8192          352/720896   ( 0.0%) 
HDR worldlights          4/8192          352/720896   ( 0.0%) 
leafwaterdata            0/32768           0/393216   ( 0.0%) 
waterstrips             27/32768         270/327680   ( 0.1%) 
waterverts               0/65536           0/786432   ( 0.0%) 
waterindices           399/65536         798/131072   ( 0.6%) 
cubemapsamples           1/1024           16/16384    ( 0.1%) 
overlays                 0/512             0/180224   ( 0.0%) 
LDR lightdata         [variable]       13564/0        ( 0.0%) 
HDR lightdata         [variable]       13564/0        ( 0.0%) 
visdata               [variable]        3719/16777216 ( 0.0%) 
entdata               [variable]        2866/393216   ( 0.7%) 
LDR ambient table      209/65536         836/262144   ( 0.3%) 
HDR ambient table      209/65536         836/262144   ( 0.3%) 
LDR leaf ambient       683/65536       19124/1835008  ( 1.0%) 
HDR leaf ambient       683/65536       19124/1835008  ( 1.0%) 
occluders                0/0               0/0        ( 0.0%) 
occluder polygons        0/0               0/0        ( 0.0%) 
occluder vert ind        0/0               0/0        ( 0.0%) 
detail props          [variable]           1/12       ( 8.3%) 
static props          [variable]           1/228      ( 0.4%) 
pakfile               [variable]         354/0        ( 0.0%) 
physics               [variable]        9238/4194304  ( 0.2%) 
physics terrain       [variable]           2/1048576  ( 0.0%) 

Level flags = 0

Total triangle count: 138
Writing c:\program files (x86)\steam\steamapps\sourcemods\who\maps\lift.bsp
0 seconds elapsed



materialPath: C:\Program Files (x86)\Steam\steamapps\sourcemods\who\materials
Loading c:\program files (x86)\steam\steamapps\sourcemods\who\maps\lift.vmf
Could not locate 'GameData' key in c:\program files (x86)\steam\steamapps\sourcemods\who\gameinfo.txt
fixing up env_cubemap materials on brush sides...
0...1...2...3...4...5...6...7...8...9...100...1...2...3...4...5...6...7...8...9...10Processing areas...done (0)
Building Faces...done (0)
FixTjuncs...
PruneNodes...
WriteBSP...
done (0)
writing c:\program files (x86)\steam\steamapps\sourcemods\who\maps\lift.prt...Building visibility clusters...
done (0)
Finding displacement neighbors...
Finding lightmap sample positions...
Displacement Alpha : 0...1...2...3...4...5...6...7...8...9...10
Building Physics collision data...
done (0) (9238 bytes)
Placing detail props : 0...1...2...3...4...5...6...7...8...9...10
Compacting texture/material tables...
Reduced 68 texinfos to 11
Reduced 5 texdatas to 4 (127 bytes to 104)
Writing c:\program files (x86)\steam\steamapps\sourcemods\who\maps\lift.bsp
0 seconds elapsed



8 threads
reading c:\program files (x86)\steam\steamapps\sourcemods\who\maps\lift.bsp
reading c:\program files (x86)\steam\steamapps\sourcemods\who\maps\lift.prt
 104 portalclusters
 304 numportals
0...1...2...3...4...5...6...7...8...9...100...1...2...3...4...5...6...7...8...9...10Optimized: 202 visible clusters (4.74%)
Total clusters visible: 4264
Average clusters visible: 41
Building PAS...
Average clusters audible: 94
visdatasize:3719  compressed from 3328
writing c:\program files (x86)\steam\steamapps\sourcemods\who\maps\lift.bsp
0 seconds elapsed



Could not find lights.rad in lights.rad.
Trying VRAD BIN directory instead...
Warning: Couldn't open texlight file C:\Program Files (x86)\Steam\steamapps\common\source sdk base 2013 singleplayer\bin\lights.rad.
Loading c:\program files (x86)\steam\steamapps\sourcemods\who\maps\lift.bsp
63 faces
14013 square feet [2017885.75 square inches]
0 Displacements
0 Square Feet [0.00 Square Inches]
63 patches before subdivision
653 patches after subdivision
4 direct lights
0...1...2...3...4...5...6...7...8...9...100...1...2...3...4...5...6...7...8...9...10transfers 26137, max 129
transfer lists:   0.2 megs
0...1...2...3...4...5...6...7...8...9...10	Bounce #1 added RGB(962, 980, 884)
0...1...2...3...4...5...6...7...8...9...10	Bounce #2 added RGB(375, 390, 317)
0...1...2...3...4...5...6...7...8...9...10	Bounce #3 added RGB(146, 154, 113)
0...1...2...3...4...5...6...7...8...9...10	Bounce #4 added RGB(56, 61, 40)
0...1...2...3...4...5...6...7...8...9...10	Bounce #5 added RGB(22, 24, 14)
0...1...2...3...4...5...6...7...8...9...10	Bounce #6 added RGB(8, 9, 5)
0...1...2...3...4...5...6...7...8...9...10	Bounce #7 added RGB(3, 4, 2)
0...1...2...3...4...5...6...7...8...9...10	Bounce #8 added RGB(1, 1, 1)
0...1...2...3...4...5...6...7...8...9...10	Bounce #9 added RGB(0, 1, 0)
Build Patch/Sample Hash Table(s).....Done<0.0002 sec>
0...1...2...3...4...5...6...7...8...9...10FinalLightFace Done
0 of 0 (0% of) surface lights went in leaf ambient cubes.
0...1...2...3...4...5...6...7...8...


materialPath: C:\Program Files (x86)\Steam\steamapps\sourcemods\who\materials
Loading c:\program files (x86)\steam\steamapps\sourcemods\who\maps\lift.vmf
Could not locate 'GameData' key in c:\program files (x86)\steam\steamapps\sourcemods\who\gameinfo.txt
fixing up env_cubemap materials on brush sides...
0...1...2...3...4...5...6...7...8...9...100...1...2...3...4...5...6...7...8...9...10Processing areas...done (0)
Building Faces...done (0)
FixTjuncs...
PruneNodes...
WriteBSP...
done (0)
writing c:\program files (x86)\steam\steamapps\sourcemods\who\maps\lift.prt...Building visibility clusters...
done (0)
Finding displacement neighbors...
Finding lightmap sample positions...
Displacement Alpha : 0...1...2...3...4...5...6...7...8...9...10
Building Physics collision data...
done (0) (9238 bytes)
Placing detail props : 0...1...2...3...4...5...6...7...8...9...10
Compacting texture/material tables...
Reduced 68 texinfos to 11
Reduced 5 texdatas to 4 (127 bytes to 104)
Writing c:\program files (x86)\steam\steamapps\sourcemods\who\maps\lift.bsp
0 seconds elapsed



8 threads
reading c:\program files (x86)\steam\steamapps\sourcemods\who\maps\lift.bsp
reading c:\program files (x86)\steam\steamapps\sourcemods\who\maps\lift.prt
 104 portalclusters
 304 numportals
0...1...2...3...4...5...6...7...8...9...100...1...2...3...4...5...6...7...8...9...10Optimized: 177 visible clusters (4.18%)
Total clusters visible: 4239
Average clusters visible: 40
Building PAS...
Average clusters audible: 94
visdatasize:3719  compressed from 3328
writing c:\program files (x86)\steam\steamapps\sourcemods\who\maps\lift.bsp
0 seconds elapsed



Could not find lights.rad in lights.rad.
Trying VRAD BIN directory instead...
Warning: Couldn't open texlight file C:\Program Files (x86)\Steam\steamapps\common\source sdk base 2013 singleplayer\bin\lights.rad.
Loading c:\program files (x86)\steam\steamapps\sourcemods\who\maps\lift.bsp
63 faces
14013 square feet [2017885.75 square inches]
0 Displacements
0 Square Feet [0.00 Square Inches]
63 patches before subdivision
653 patches after subdivision
4 direct lights
0...1...2...3...4...5...6...7...8...9...100...1...2...3...4...5...6...7...8...9...10transfers 26137, max 129
transfer lists:   0.2 megs
0...1...2...3...4...5...6...7...8...9...10	Bounce #1 added RGB(962, 980, 884)
0...1...2...3...4...5...6...7...8...9...10	Bounce #2 added RGB(375, 390, 317)
0...1...2...3...4...5...6...7...8...9...10	Bounce #3 added RGB(146, 154, 113)
0...1...2...3...4...5...6...7...8...9...10	Bounce #4 added RGB(56, 61, 40)
0...1...2...3...4...5...6...7...8...9...10	Bounce #5 added RGB(22, 24, 14)
0...1...2...3...4...5...6...7...8...9...10	Bounce #6 added RGB(8, 9, 5)
0...1...2...3...4...5...6...7...8...9...10	Bounce #7 added RGB(3, 4, 2)
0...1...2...3...4...5...6...7...8...9...10	Bounce #8 added RGB(1, 1, 1)
0...1...2...3...4...5...6...7...8...9...10	Bounce #9 added RGB(0, 1, 0)
Build Patch/Sample Hash Table(s).....Done<0.0001 sec>
0...1...2...3...4...5...6...7...8...9...10FinalLightFace Done
0 of 0 (0% of) surface lights went in leaf ambient cubes.
0...1...2...3...4...5...6...7...8...9...10Writing leaf ambient...done
Ready to Finish

Object names       Objects/Maxobjs  Memory / Maxmem  Fullness 
------------       ---------------  ---------------  -------- 
models                   3/1024          144/49152    ( 0.3%) 
brushes                 22/8192          264/98304    ( 0.3%) 
brushsides             132/65536        1056/524288   ( 0.2%) 
planes                 220/65536        4400/1310720  ( 0.3%) 
vertexes               341/65536        4092/786432   ( 0.5%) 
nodes                  205/65536        6560/2097152  ( 0.3%) 
texinfos                11/12288         792/884736   ( 0.1%) 
texdata                  4/2048          128/65536    ( 0.2%) 
dispinfos                0/0               0/0        ( 0.0%) 
disp_verts               0/0               0/0        ( 0.0%) 
disp_tris                0/0               0/0        ( 0.0%) 
disp_lmsamples           0/0               0/0        ( 0.0%) 
faces                   63/65536        3528/3670016  ( 0.1%) 
hdr faces                0/65536           0/3670016  ( 0.0%) 
origfaces               24/65536        1344/3670016  ( 0.0%) 
leaves                 209/65536        6688/2097152  ( 0.3%) 
leaffaces              118/65536         236/131072   ( 0.2%) 
leafbrushes             95/65536         190/131072   ( 0.1%) 
areas                    2/256            16/2048     ( 0.8%) 
surfedges              360/512000       1440/2048000  ( 0.1%) 
edges                  227/256000        908/1024000  ( 0.1%) 
LDR worldlights          4/8192          352/720896   ( 0.0%) 
HDR worldlights          0/8192            0/720896   ( 0.0%) 
leafwaterdata            0/32768           0/393216   ( 0.0%) 
waterstrips             27/32768         270/327680   ( 0.1%) 
waterverts               0/65536           0/786432   ( 0.0%) 
waterindices           399/65536         798/131072   ( 0.6%) 
cubemapsamples           1/1024           16/16384    ( 0.1%) 
overlays                 0/512             0/180224   ( 0.0%) 
LDR lightdata         [variable]       13564/0        ( 0.0%) 
HDR lightdata         [variable]           0/0        ( 0.0%) 
visdata               [variable]        3719/16777216 ( 0.0%) 
entdata               [variable]        2899/393216   ( 0.7%) 
LDR ambient table      209/65536         836/262144   ( 0.3%) 
HDR ambient table      209/65536         836/262144   ( 0.3%) 
LDR leaf ambient       683/65536       19124/1835008  ( 1.0%) 
HDR leaf ambient       209/65536        5852/1835008  ( 0.3%) 
occluders                0/0               0/0        ( 0.0%) 
occluder polygons        0/0               0/0        ( 0.0%) 
occluder vert ind        0/0               0/0        ( 0.0%) 
detail props          [variable]           1/12       ( 8.3%) 
static props          [variable]           1/228      ( 0.4%) 
pakfile               [variable]         354/0        ( 0.0%) 
physics               [variable]        9238/4194304  ( 0.2%) 
physics terrain       [variable]           2/1048576  ( 0.0%) 

Level flags = 0

Total triangle count: 138
Writing c:\program files (x86)\steam\steamapps\sourcemods\who\maps\lift.bsp
0 seconds elapsed



Could not find lights.rad in lights.rad.
Trying VRAD BIN directory instead...
Warning: Couldn't open texlight file C:\Program Files (x86)\Steam\steamapps\common\source sdk base 2013 singleplayer\bin\lights.rad.
Loading c:\program files (x86)\steam\steamapps\sourcemods\who\maps\lift.bsp
63 faces
14013 square feet [2017885.75 square inches]
0 Displacements
0 Square Feet [0.00 Square Inches]
63 patches before subdivision
653 patches after subdivision
4 direct lights
0...1...2...3...4...5...6...7...8...9...100...1...2...3...4...5...6...7...8...9...10transfers 26137, max 129
transfer lists:   0.2 megs
0...1...2...3...4...5...6...7...8...9...10	Bounce #1 added RGB(962, 980, 884)
0...1...2...3...4...5...6...7...8...9...10	Bounce #2 added RGB(375, 390, 317)
0...1...2...3...4...5...6...7...8...9...10	Bounce #3 added RGB(146, 154, 113)
0...1...2...3...4...5...6...7...8...9...10	Bounce #4 added RGB(56, 61, 40)
0...1...2...3...4...5...6...7...8...9...10	Bounce #5 added RGB(22, 24, 14)
0...1...2...3...4...5...6...7...8...9...10	Bounce #6 added RGB(8, 9, 5)
0...1...2...3...4...5...6...7...8...9...10	Bounce #7 added RGB(3, 4, 2)
0...1...2...3...4...5...6...7...8...9...10	Bounce #8 added RGB(1, 1, 1)
0...1...2...3...4...5...6...7...8...9...10	Bounce #9 added RGB(0, 1, 0)
Build Patch/Sample Hash Table(s).....Done<0.0001 sec>
0...1...2...3...4...5...6...7...8...9...10FinalLightFace Done
0 of 0 (0% of) surface lights went in leaf ambient cubes.
0...1...2...3...4...5...6...7...8...9...10Writing leaf ambient...done
Ready to Finish

Object names       Objects/Maxobjs  Memory / Maxmem  Fullness 
------------       ---------------  ---------------  -------- 
models                   3/1024          144/49152    ( 0.3%) 
brushes                 22/8192          264/98304    ( 0.3%) 
brushsides             132/65536        1056/524288   ( 0.2%) 
planes                 220/65536        4400/1310720  ( 0.3%) 
vertexes               341/65536        4092/786432   ( 0.5%) 
nodes                  205/65536        6560/2097152  ( 0.3%) 
texinfos                11/12288         792/884736   ( 0.1%) 
texdata                  4/2048          128/65536    ( 0.2%) 
dispinfos                0/0               0/0        ( 0.0%) 
disp_verts               0/0               0/0        ( 0.0%) 
disp_tris                0/0               0/0        ( 0.0%) 
disp_lmsamples           0/0               0/0        ( 0.0%) 
faces                   63/65536        3528/3670016  ( 0.1%) 
hdr faces               63/65536        3528/3670016  ( 0.1%) 
origfaces               24/65536        1344/3670016  ( 0.0%) 
leaves                 209/65536        6688/2097152  ( 0.3%) 
leaffaces              118/65536         236/131072   ( 0.2%) 
leafbrushes             95/65536         190/131072   ( 0.1%) 
areas                    2/256            16/2048     ( 0.8%) 
surfedges              360/512000       1440/2048000  ( 0.1%) 
edges                  227/256000        908/1024000  ( 0.1%) 
LDR worldlights          4/8192          352/720896   ( 0.0%) 
HDR worldlights          4/8192          352/720896   ( 0.0%) 
leafwaterdata            0/32768           0/393216   ( 0.0%) 
waterstrips             27/32768         270/327680   ( 0.1%) 
waterverts               0/65536           0/786432   ( 0.0%) 
waterindices           399/65536         798/131072   ( 0.6%) 
cubemapsamples           1/1024           16/16384    ( 0.1%) 
overlays                 0/512             0/180224   ( 0.0%) 
LDR lightdata         [variable]       13564/0        ( 0.0%) 
HDR lightdata         [variable]       13564/0        ( 0.0%) 
visdata               [variable]        3719/16777216 ( 0.0%) 
entdata               [variable]        2899/393216   ( 0.7%) 
LDR ambient table      209/65536         836/262144   ( 0.3%) 
HDR ambient table      209/65536         836/262144   ( 0.3%) 
LDR leaf ambient       683/65536       19124/1835008  ( 1.0%) 
HDR leaf ambient       683/65536       19124/1835008  ( 1.0%) 
occluders                0/0               0/0        ( 0.0%) 
occluder polygons        0/0               0/0        ( 0.0%) 
occluder vert ind        0/0               0/0        ( 0.0%) 
detail props          [variable]           1/12       ( 8.3%) 
static props          [variable]           1/228      ( 0.4%) 
pakfile               [variable]         354/0        ( 0.0%) 
physics               [variable]        9238/4194304  ( 0.2%) 
physics terrain       [variable]           2/1048576  ( 0.0%) 

Level flags = 0

Total triangle count: 138
Writing c:\program files (x86)\steam\steamapps\sourcemods\who\maps\lift.bsp
0 seconds elapsed



materialPath: C:\Program Files (x86)\Steam\steamapps\sourcemods\who\materials
Loading c:\program files (x86)\steam\steamapps\sourcemods\who\maps\lift.vmf
Could not locate 'GameData' key in c:\program files (x86)\steam\steamapps\sourcemods\who\gameinfo.txt
fixing up env_cubemap materials on brush sides...
0...1...2...3...4...5...6...7...8...9...100...1...2...3...4...5...6...7...8...9...10Processing areas...done (0)
Building Faces...done (0)
FixTjuncs...
PruneNodes...
WriteBSP...
done (0)
writing c:\program files (x86)\steam\steamapps\sourcemods\who\maps\lift.prt...Building visibility clusters...
done (0)
Finding displacement neighbors...
Finding lightmap sample positions...
Displacement Alpha : 0...1...2...3...4...5...6...7...8...9...10
Building Physics collision data...
done (0) (9238 bytes)
Placing detail props : 0...1...2...3...4...5...6...7...8...9...10
Compacting texture/material tables...
Reduced 68 texinfos to 11
Reduced 5 texdatas to 4 (127 bytes to 104)
Writing c:\program files (x86)\steam\steamapps\sourcemods\who\maps\lift.bsp
0 seconds elapsed



8 threads
reading c:\program files (x86)\steam\steamapps\sourcemods\who\maps\lift.bsp
reading c:\program files (x86)\steam\steamapps\sourcemods\who\maps\lift.prt
 104 portalclusters
 304 numportals
0...1...2...3...4...5...6...7...8...9...100...1...2...3...4...5...6...7...8...9...10Optimized: 177 visible clusters (4.18%)
Total clusters visible: 4239
Average clusters visible: 40
Building PAS...
Average clusters audible: 94
visdatasize:3719  compressed from 3328
writing c:\program files (x86)\steam\steamapps\sourcemods\who\maps\lift.bsp
0 seconds elapsed



Could not find lights.rad in lights.rad.
Trying VRAD BIN directory instead...
Warning: Couldn't open texlight file C:\Program Files (x86)\Steam\steamapps\common\source sdk base 2013 singleplayer\bin\lights.rad.
Loading c:\program files (x86)\steam\steamapps\sourcemods\who\maps\lift.bsp
63 faces
14013 square feet [2017885.75 square inches]
0 Displacements
0 Square Feet [0.00 Square Inches]
63 patches before subdivision
653 patches after subdivision
4 direct lights
0...1...2...3...4...5...6...7...8...9...100...1...2...3...4...5...6...7...8...9...10transfers 26137, max 129
transfer lists:   0.2 megs
0...1...2...3...4...5...6...7...8...9...10	Bounce #1 added RGB(962, 980, 884)
0...1...2...3...4...5...6...7...8...9...10	Bounce #2 added RGB(375, 390, 317)
0...1...2...3...4...5...6...7...8...9...10	Bounce #3 added RGB(146, 154, 113)
0...1...2...3...4...5...6...7...8...9...10	Bounce #4 added RGB(56, 61, 40)
0...1...2...3...4...5...6...7...8...9...10	Bounce #5 added RGB(22, 24, 14)
0...1...2...3...4...5...6...7...8...9...10	Bounce #6 added RGB(8, 9, 5)
0...1...2...3...4...5...6...7...8...9...10	Bounce #7 added RGB(3, 4, 2)
0...1...2...3...4...5...6...7...8...9...10	Bounce #8 added RGB(1, 1, 1)
0...1...2...3...4...5...6...7...8...9...10	Bounce #9 added RGB(0, 1, 0)
Build Patch/Sample Hash Table(s).....Done<0.0001 sec>
0...1...2...3...4...5...6...7...8...9...10FinalLightFace Done
0 of 0 (0% of) surface lights went in leaf ambient cubes.
0...1...2...3...4...5...6...7...8...9...10Writing leaf ambient...done
Ready to Finish

Object names       Objects/Maxobjs  Memory / Maxmem  Fullness 
------------       ---------------  ---------------  -------- 
models                   3/1024          144/49152    ( 0.3%) 
brushes                 22/8192          264/98304    ( 0.3%) 
brushsides             132/65536        1056/524288   ( 0.2%) 
planes                 220/65536        4400/1310720  ( 0.3%) 
vertexes               341/65536        4092/786432   ( 0.5%) 
nodes                  205/65536        6560/2097152  ( 0.3%) 
texinfos                11/12288         792/884736   ( 0.1%) 
texdata                  4/2048          128/65536    ( 0.2%) 
dispinfos                0/0               0/0        ( 0.0%) 
disp_verts               0/0               0/0        ( 0.0%) 
disp_tris                0/0               0/0        ( 0.0%) 
disp_lmsamples           0/0               0/0        ( 0.0%) 
faces                   63/65536        3528/3670016  ( 0.1%) 
hdr faces                0/65536           0/3670016  ( 0.0%) 
origfaces               24/65536        1344/3670016  ( 0.0%) 
leaves                 209/65536        6688/2097152  ( 0.3%) 
leaffaces              118/65536         236/131072   ( 0.2%) 
leafbrushes             95/65536         190/131072   ( 0.1%) 
areas                    2/256            16/2048     ( 0.8%) 
surfedges              360/512000       1440/2048000  ( 0.1%) 
edges                  227/256000        908/1024000  ( 0.1%) 
LDR worldlights          4/8192          352/720896   ( 0.0%) 
HDR worldlights          0/8192            0/720896   ( 0.0%) 
leafwaterdata            0/32768           0/393216   ( 0.0%) 
waterstrips             27/32768         270/327680   ( 0.1%) 
waterverts               0/65536           0/786432   ( 0.0%) 
waterindices           399/65536         798/131072   ( 0.6%) 
cubemapsamples           1/1024           16/16384    ( 0.1%) 
overlays                 0/512             0/180224   ( 0.0%) 
LDR lightdata         [variable]       13564/0        ( 0.0%) 
HDR lightdata         [variable]           0/0        ( 0.0%) 
visdata               [variable]        3719/16777216 ( 0.0%) 
entdata               [variable]        2899/393216   ( 0.7%) 
LDR ambient table      209/65536         836/262144   ( 0.3%) 
HDR ambient table      209/65536         836/262144   ( 0.3%) 
LDR leaf ambient       683/65536       19124/1835008  ( 1.0%) 
HDR leaf ambient       209/65536        5852/1835008  ( 0.3%) 
occluders                0/0               0/0        ( 0.0%) 
occluder polygons        0/0               0/0        ( 0.0%) 
occluder vert ind        0/0               0/0        ( 0.0%) 
detail props          [variable]           1/12       ( 8.3%) 
static props          [variable]           1/228      ( 0.4%) 
pakfile               [variable]         354/0        ( 0.0%) 
physics               [variable]        9238/4194304  ( 0.2%) 
physics terrain       [variable]           2/1048576  ( 0.0%) 

Level flags = 0

Total triangle count: 138
Writing c:\program files (x86)\steam\steamapps\sourcemods\who\maps\lift.bsp
0 seconds elapsed



Could not find lights.rad in lights.rad.
Trying VRAD BIN directory instead...
Warning: Couldn't open texlight file C:\Program Files (x86)\Steam\steamapps\common\source sdk base 2013 singleplayer\bin\lights.rad.
Loading c:\program files (x86)\steam\steamapps\sourcemods\who\maps\lift.bsp
63 faces
14013 square feet [2017885.75 square inches]
0 Displacements
0 Square Feet [0.00 Square Inches]
63 patches before subdivision
653 patches after subdivision
4 direct lights
0...1...2...3...4...5...6...7...8...9...100...1...2...3...4...5...6...7...8...9...10transfers 26137, max 129
transfer lists:   0.2 megs
0...1...2...3...4...5...6...7...8...9...10	Bounce #1 added RGB(962, 980, 884)
0...1...2...3...4...5...6...7...8...9...10	Bounce #2 added RGB(375, 390, 317)
0...1...2...3...4...5...6...7...8...9...10	Bounce #3 added RGB(146, 154, 113)
0...1...2...3...4...5...6...7...8...9...10	Bounce #4 added RGB(56, 61, 40)
0...1...2...3...4...5...6...7...8...9...10	Bounce #5 added RGB(22, 24, 14)
0...1...2...3...4...5...6...7...8...9...10	Bounce #6 added RGB(8, 9, 5)
0...1...2...3...4...5...6...7...8...9...10	Bounce #7 added RGB(3, 4, 2)
0...1...2...3...4...5...6...7...8...9...10	Bounce #8 added RGB(1, 1, 1)
0...1...2...3...4...5...6...7...8...9...10	Bounce #9 added RGB(0, 1, 0)
Build Patch/Sample Hash Table(s).....Done<0.0001 sec>
0...1...2...3...4...5...6...7...8...9...10FinalLightFace Done
0 of 0 (0% of) surface lights went in leaf ambient cubes.
0...1...2...3...4...5...6...7...8...9...10Writing leaf ambient...done
Ready to Finish

Object names       Objects/Maxobjs  Memory / Maxmem  Fullness 
------------       ---------------  ---------------  -------- 
models                   3/1024          144/49152    ( 0.3%) 
brushes                 22/8192          264/98304    ( 0.3%) 
brushsides             132/65536        1056/524288   ( 0.2%) 
planes                 220/65536        4400/1310720  ( 0.3%) 
vertexes               341/65536        4092/786432   ( 0.5%) 
nodes                  205/65536        6560/2097152  ( 0.3%) 
texinfos                11/12288         792/884736   ( 0.1%) 
texdata                  4/2048          128/65536    ( 0.2%) 
dispinfos                0/0               0/0        ( 0.0%) 
disp_verts               0/0               0/0        ( 0.0%) 
disp_tris                0/0               0/0        ( 0.0%) 
disp_lmsamples           0/0               0/0        ( 0.0%) 
faces                   63/65536        3528/3670016  ( 0.1%) 
hdr faces               63/65536        3528/3670016  ( 0.1%) 
origfaces               24/65536        1344/3670016  ( 0.0%) 
leaves                 209/65536        6688/2097152  ( 0.3%) 
leaffaces              118/65536         236/131072   ( 0.2%) 
leafbrushes             95/65536         190/131072   ( 0.1%) 
areas                    2/256            16/2048     ( 0.8%) 
surfedges              360/512000       1440/2048000  ( 0.1%) 
edges                  227/256000        908/1024000  ( 0.1%) 
LDR worldlights          4/8192          352/720896   ( 0.0%) 
HDR worldlights          4/8192          352/720896   ( 0.0%) 
leafwaterdata            0/32768           0/393216   ( 0.0%) 
waterstrips             27/32768         270/327680   ( 0.1%) 
waterverts               0/65536           0/786432   ( 0.0%) 
waterindices           399/65536         798/131072   ( 0.6%) 
cubemapsamples           1/1024           16/16384    ( 0.1%) 
overlays                 0/512             0/180224   ( 0.0%) 
LDR lightdata         [variable]       13564/0        ( 0.0%) 
HDR lightdata         [variable]       13564/0        ( 0.0%) 
visdata               [variable]        3719/16777216 ( 0.0%) 
entdata               [variable]        2899/393216   ( 0.7%) 
LDR ambient table      209/65536         836/262144   ( 0.3%) 
HDR ambient table      209/65536         836/262144   ( 0.3%) 
LDR leaf ambient       683/65536       19124/1835008  ( 1.0%) 
HDR leaf ambient       683/65536       19124/1835008  ( 1.0%) 
occluders                0/0               0/0        ( 0.0%) 
occluder polygons        0/0               0/0        ( 0.0%) 
occluder vert ind        0/0               0/0        ( 0.0%) 
detail props          [variable]           1/12       ( 8.3%) 
static props          [variable]           1/228      ( 0.4%) 
pakfile               [variable]         354/0        ( 0.0%) 
physics               [variable]        9238/4194304  ( 0.2%) 
physics terrain       [variable]           2/1048576  ( 0.0%) 

Level flags = 0

Total triangle count: 138
Writing c:\program files (x86)\steam\steamapps\sourcemods\who\maps\lift.bsp
0 seconds elapsed



materialPath: C:\Program Files (x86)\Steam\steamapps\sourcemods\who\materials
Loading c:\program files (x86)\steam\steamapps\sourcemods\who\maps\lift.vmf
Could not locate 'GameData' key in c:\program files (x86)\steam\steamapps\sourcemods\who\gameinfo.txt
fixing up env_cubemap materials on brush sides...
0...1...2...3...4...5...6...7...8...9...100...1...2...3...4...5...6...7...8...9...10Processing areas...done (0)
Building Faces...done (0)
FixTjuncs...
PruneNodes...
WriteBSP...
done (0)
writing c:\program files (x86)\steam\steamapps\sourcemods\who\maps\lift.prt...Building visibility clusters...
done (0)
Finding displacement neighbors...
Finding lightmap sample positions...
Displacement Alpha : 0...1...2...3...4...5...6...7...8...9...10
Building Physics collision data...
done (0) (9238 bytes)
Placing detail props : 0...1...2...3...4...5...6...7...8...9...10
Compacting texture/material tables...
Reduced 68 texinfos to 11
Reduced 5 texdatas to 4 (127 bytes to 104)
Writing c:\program files (x86)\steam\steamapps\sourcemods\who\maps\lift.bsp
0 seconds elapsed



8 threads
reading c:\program files (x86)\steam\steamapps\sourcemods\who\maps\lift.bsp
reading c:\program files (x86)\steam\steamapps\sourcemods\who\maps\lift.prt
 104 portalclusters
 304 numportals
0...1...2...3...4...5...6...7...8...9...100...1...2...3...4...5...6...7...8...9...10Optimized: 202 visible clusters (4.74%)
Total clusters visible: 4264
Average clusters visible: 41
Building PAS...
Average clusters audible: 94
visdatasize:3719  compressed from 3328
writing c:\program files (x86)\steam\steamapps\sourcemods\who\maps\lift.bsp
0 seconds elapsed



Could not find lights.rad in lights.rad.
Trying VRAD BIN directory instead...
Warning: Couldn't open texlight file C:\Program Files (x86)\Steam\steamapps\common\source sdk base 2013 singleplayer\bin\lights.rad.
Loading c:\program files (x86)\steam\steamapps\sourcemods\who\maps\lift.bsp
63 faces
14013 square feet [2017885.75 square inches]
0 Displacements
0 Square Feet [0.00 Square Inches]
63 patches before subdivision
653 patches after subdivision
4 direct lights
0...1...2...3...4...5...6...7...8...9...100...1...2...3...4...5...6...7...8...9...10transfers 26137, max 129
transfer lists:   0.2 megs
0...1...2...3...4...5...6...7...8...9...10	Bounce #1 added RGB(962, 980, 884)
0...1...2...3...4...5...6...7...8...9...10	Bounce #2 added RGB(375, 390, 317)
0...1...2...3...4...5...6...7...8...9...10	Bounce #3 added RGB(146, 154, 113)
0...1...2...3...4...5...6...7...8...9...10	Bounce #4 added RGB(56, 61, 40)
0...1...2...3...4...5...6...7...8...9...10	Bounce #5 added RGB(22, 24, 14)
0...1...2...3...4...5...6...7...8...9...10	Bounce #6 added RGB(8, 9, 5)
0...1...2...3...4...5...6...7...8...9...10	Bounce #7 added RGB(3, 4, 2)
0...1...2...3...4...5...6...7...8...9...10	Bounce #8 added RGB(1, 1, 1)
0...1...2...3...4...5...6...7...8...9...10	Bounce #9 added RGB(0, 1, 0)
Build Patch/Sample Hash Table(s).....Done<0.0002 sec>
0...1...2...3...4...5...6...7...8...9...10FinalLightFace Done
0 of 0 (0% of) surface lights went in leaf ambient cubes.
0...1...2...3...4...5...6...7...8...9...10Writing leaf ambient...done
Ready to Finish

Object names       Objects/Maxobjs  Memory / Maxmem  Fullness 
------------       ---------------  ---------------  -------- 
models                   3/1024          144/49152    ( 0.3%) 
brushes                 22/8192          264/98304    ( 0.3%) 
brushsides             132/65536        1056/524288   ( 0.2%) 
planes                 220/65536        4400/1310720  ( 0.3%) 
vertexes               341/65536        4092/786432   ( 0.5%) 
nodes                  205/65536        6560/2097152  ( 0.3%) 
texinfos                11/12288         792/884736   ( 0.1%) 
texdata                  4/2048          128/65536    ( 0.2%) 
dispinfos                0/0               0/0        ( 0.0%) 
disp_verts               0/0               0/0        ( 0.0%) 
disp_tris                0/0               0/0        ( 0.0%) 
disp_lmsamples           0/0               0/0        ( 0.0%) 
faces                   63/65536        3528/3670016  ( 0.1%) 
hdr faces                0/65536           0/3670016  ( 0.0%) 
origfaces               24/65536        1344/3670016  ( 0.0%) 
leaves                 209/65536        6688/2097152  ( 0.3%) 
leaffaces              118/65536         236/131072   ( 0.2%) 
leafbrushes             95/65536         190/131072   ( 0.1%) 
areas                    2/256            16/2048     ( 0.8%) 
surfedges              360/512000       1440/2048000  ( 0.1%) 
edges                  227/256000        908/1024000  ( 0.1%) 
LDR worldlights          4/8192          352/720896   ( 0.0%) 
HDR worldlights          0/8192            0/720896   ( 0.0%) 
leafwaterdata            0/32768           0/393216   ( 0.0%) 
waterstrips             27/32768         270/327680   ( 0.1%) 
waterverts               0/65536           0/786432   ( 0.0%) 
waterindices           399/65536         798/131072   ( 0.6%) 
cubemapsamples           1/1024           16/16384    ( 0.1%) 
overlays                 0/512             0/180224   ( 0.0%) 
LDR lightdata         [variable]       13564/0        ( 0.0%) 
HDR lightdata         [variable]           0/0        ( 0.0%) 
visdata               [variable]        3719/16777216 ( 0.0%) 
entdata               [variable]        2933/393216   ( 0.7%) 
LDR ambient table      209/65536         836/262144   ( 0.3%) 
HDR ambient table      209/65536         836/262144   ( 0.3%) 
LDR leaf ambient       683/65536       19124/1835008  ( 1.0%) 
HDR leaf ambient       209/65536        5852/1835008  ( 0.3%) 
occluders                0/0               0/0        ( 0.0%) 
occluder polygons        0/0               0/0        ( 0.0%) 
occluder vert ind        0/0               0/0        ( 0.0%) 
detail props          [variable]           1/12       ( 8.3%) 
static props          [variable]           1/228      ( 0.4%) 
pakfile               [variable]         354/0        ( 0.0%) 
physics               [variable]        9238/4194304  ( 0.2%) 
physics terrain       [variable]           2/1048576  ( 0.0%) 

Level flags = 0

Total triangle count: 138
Writing c:\program files (x86)\steam\steamapps\sourcemods\who\maps\lift.bsp
0 seconds elapsed



Could not find lights.rad in lights.rad.
Trying VRAD BIN directory instead...
Warning: Couldn't open texlight file C:\Program Files (x86)\Steam\steamapps\common\source sdk base 2013 singleplayer\bin\lights.rad.
Loading c:\program files (x86)\steam\steamapps\sourcemods\who\maps\lift.bsp
63 faces
14013 square feet [2017885.75 square inches]
0 Displacements
0 Square Feet [0.00 Square Inches]
63 patches before subdivision
653 patches after subdivision
4 direct lights
0...1...2...3...4...5...6...7...8...9...100...1...2...3...4...5...6...7...8...9...10transfers 26137, max 129
transfer lists:   0.2 megs
0...1...2...3...4...5...6...7...8...9...10	Bounce #1 added RGB(962, 980, 884)
0...1...2...3...4...5...6...7...8...9...10	Bounce #2 added RGB(375, 390, 317)
0...1...2...3...4...5...6...7...8...9...10	Bounce #3 added RGB(146, 154, 113)
0...1...2...3...4...5...6...7...8...9...10	Bounce #4 added RGB(56, 61, 40)
0...1...2...3...4...5...6...7...8...9...10	Bounce #5 added RGB(22, 24, 14)
0...1...2...3...4...5...6...7...8...9...10	Bounce #6 added RGB(8, 9, 5)
0...1...2...3...4...5...6...7...8...9...10	Bounce #7 added RGB(3, 4, 2)
0...1...2...3...4...5...6...7...8...9...10	Bounce #8 added RGB(1, 1, 1)
0...1...2...3...4...5...6...7...8...9...10	Bounce #9 added RGB(0, 1, 0)
Build Patch/Sample Hash Table(s).....Done<0.0001 sec>
0...1...2...3...4...5...6...7...8...9...10FinalLightFace Done
0 of 0 (0% of) surface lights went in leaf ambient cubes.
0...1...2...3...4...5...6...7...8...9...10Writing leaf ambient...done
Ready to Finish

Object names       Objects/Maxobjs  Memory / Maxmem  Fullness 
------------       ---------------  ---------------  -------- 
models                   3/1024          144/49152    ( 0.3%) 
brushes                 22/8192          264/98304    ( 0.3%) 
brushsides             132/65536        1056/524288   ( 0.2%) 
planes                 220/65536        4400/1310720  ( 0.3%) 
vertexes               341/65536        4092/786432   ( 0.5%) 
nodes                  205/65536        6560/2097152  ( 0.3%) 
texinfos                11/12288         792/884736   ( 0.1%) 
texdata                  4/2048          128/65536    ( 0.2%) 
dispinfos                0/0               0/0        ( 0.0%) 
disp_verts               0/0               0/0        ( 0.0%) 
disp_tris                0/0               0/0        ( 0.0%) 
disp_lmsamples           0/0               0/0        ( 0.0%) 
faces                   63/65536        3528/3670016  ( 0.1%) 
hdr faces               63/65536        3528/3670016  ( 0.1%) 
origfaces               24/65536        1344/3670016  ( 0.0%) 
leaves                 209/65536        6688/2097152  ( 0.3%) 
leaffaces              118/65536         236/131072   ( 0.2%) 
leafbrushes             95/65536         190/131072   ( 0.1%) 
areas                    2/256            16/2048     ( 0.8%) 
surfedges              360/512000       1440/2048000  ( 0.1%) 
edges                  227/256000        908/1024000  ( 0.1%) 
LDR worldlights          4/8192          352/720896   ( 0.0%) 
HDR worldlights          4/8192          352/720896   ( 0.0%) 
leafwaterdata            0/32768           0/393216   ( 0.0%) 
waterstrips             27/32768         270/327680   ( 0.1%) 
waterverts               0/65536           0/786432   ( 0.0%) 
waterindices           399/65536         798/131072   ( 0.6%) 
cubemapsamples           1/1024           16/16384    ( 0.1%) 
overlays                 0/512             0/180224   ( 0.0%) 
LDR lightdata         [variable]       13564/0        ( 0.0%) 
HDR lightdata         [variable]       13564/0        ( 0.0%) 
visdata               [variable]        3719/16777216 ( 0.0%) 
entdata               [variable]        2933/393216   ( 0.7%) 
LDR ambient table      209/65536         836/262144   ( 0.3%) 
HDR ambient table      209/65536         836/262144   ( 0.3%) 
LDR leaf ambient       683/65536       19124/1835008  ( 1.0%) 
HDR leaf ambient       683/65536       19124/1835008  ( 1.0%) 
occluders                0/0               0/0        ( 0.0%) 
occluder polygons        0/0               0/0        ( 0.0%) 
occluder vert ind        0/0               0/0        ( 0.0%) 
detail props          [variable]           1/12       ( 8.3%) 
static props          [variable]           1/228      ( 0.4%) 
pakfile               [variable]         354/0        ( 0.0%) 
physics               [variable]        9238/4194304  ( 0.2%) 
physics terrain       [variable]           2/1048576  ( 0.0%) 

Level flags = 0

Total triangle count: 138
Writing c:\program files (x86)\steam\steamapps\sourcemods\who\maps\lift.bsp
0 seconds elapsed



materialPath: C:\Program Files (x86)\Steam\steamapps\sourcemods\who\materials
Loading c:\program files (x86)\steam\steamapps\sourcemods\who\maps\lift.vmf
Could not locate 'GameData' key in c:\program files (x86)\steam\steamapps\sourcemods\who\gameinfo.txt
fixing up env_cubemap materials on brush sides...
0...1...2...3...4...5...6...7...8...9...100...1...2...3...4...5...6...7...8...9...10Processing areas...done (0)
Building Faces...done (0)
FixTjuncs...
PruneNodes...
WriteBSP...
done (0)
writing c:\program files (x86)\steam\steamapps\sourcemods\who\maps\lift.prt...Building visibility clusters...
done (0)
Finding displacement neighbors...
Finding lightmap sample positions...
Displacement Alpha : 0...1...2...3...4...5...6...7...8...9...10
Building Physics collision data...
done (0) (9238 bytes)
Placing detail props : 0...1...2...3...4...5...6...7...8...9...10
Compacting texture/material tables...
Reduced 68 texinfos to 11
Reduced 5 texdatas to 4 (127 bytes to 104)
Writing c:\program files (x86)\steam\steamapps\sourcemods\who\maps\lift.bsp
0 seconds elapsed



8 threads
reading c:\program files (x86)\steam\steamapps\sourcemods\who\maps\lift.bsp
reading c:\program files (x86)\steam\steamapps\sourcemods\who\maps\lift.prt
 104 portalclusters
 304 numportals
0...1...2...3...4...5...6...7...8...9...100...1...2...3...4...5...6...7...8...9...10Optimized: 188 visible clusters (4.43%)
Total clusters visible: 4248
Average clusters visible: 40
Building PAS...
Average clusters audible: 94
visdatasize:3721  compressed from 3328
writing c:\program files (x86)\steam\steamapps\sourcemods\who\maps\lift.bsp
0 seconds elapsed



Could not find lights.rad in lights.rad.
Trying VRAD BIN directory instead...
Warning: Couldn't open texlight file C:\Program Files (x86)\Steam\steamapps\common\source sdk base 2013 singleplayer\bin\lights.rad.
Loading c:\program files (x86)\steam\steamapps\sourcemods\who\maps\lift.bsp
63 faces
14013 square feet [2017885.75 square inches]
0 Displacements
0 Square Feet [0.00 Square Inches]
63 patches before subdivision
653 patches after subdivision
4 direct lights
0...1...2...3...4...5...6...7...8...9...100...1...2...3...4...5...6...7...8...9...10transfers 26137, max 129
transfer lists:   0.2 megs
0...1...2...3...4...5...6...7...8...9...10	Bounce #1 added RGB(962, 980, 884)
0...1...2...3...4...5...6...7...8...9...10	Bounce #2 added RGB(375, 390, 317)
0...1...2...3...4...5...6...7...8...9...10	Bounce #3 added RGB(146, 154, 113)
0...1...2...3...4...5...6...7...8...9...10	Bounce #4 added RGB(56, 61, 40)
0...1...2...3...4...5...6...7...8...9...10	Bounce #5 added RGB(22, 24, 14)
0...1...2...3...4...5...6...7...8...9...10	Bounce #6 added RGB(8, 9, 5)
0...1...2...3...4...5...6...7...8...9...10	Bounce #7 added RGB(3, 4, 2)
0...1...2...3...4...5...6...7...8...9...10	Bounce #8 added RGB(1, 1, 1)
0...1...2...3...4...5...6...7...8...9...10	Bounce #9 added RGB(0, 1, 0)
Build Patch/Sample Hash Table(s).....Done<0.0002 sec>
0...1...2...3...4...5...6...7...8...9...10FinalLightFace Done
0 of 0 (0% of) surface lights went in leaf ambient cubes.
0...1...2...3...4...5...6...7...8...9...10Writing leaf ambient...done
Ready to Finish

Object names       Objects/Maxobjs  Memory / Maxmem  Fullness 
------------       ---------------  ---------------  -------- 
models                   3/1024          144/49152    ( 0.3%) 
brushes                 22/8192          264/98304    ( 0.3%) 
brushsides             132/65536        1056/524288   ( 0.2%) 
planes                 220/65536        4400/1310720  ( 0.3%) 
vertexes               341/65536        4092/786432   ( 0.5%) 
nodes                  205/65536        6560/2097152  ( 0.3%) 
texinfos                11/12288         792/884736   ( 0.1%) 
texdata                  4/2048          128/65536    ( 0.2%) 
dispinfos                0/0               0/0        ( 0.0%) 
disp_verts               0/0               0/0        ( 0.0%) 
disp_tris                0/0               0/0        ( 0.0%) 
disp_lmsamples           0/0               0/0        ( 0.0%) 
faces                   63/65536        3528/3670016  ( 0.1%) 
hdr faces                0/65536           0/3670016  ( 0.0%) 
origfaces               24/65536        1344/3670016  ( 0.0%) 
leaves                 209/65536        6688/2097152  ( 0.3%) 
leaffaces              118/65536         236/131072   ( 0.2%) 
leafbrushes             95/65536         190/131072   ( 0.1%) 
areas                    2/256            16/2048     ( 0.8%) 
surfedges              360/512000       1440/2048000  ( 0.1%) 
edges                  227/256000        908/1024000  ( 0.1%) 
LDR worldlights          4/8192          352/720896   ( 0.0%) 
HDR worldlights          0/8192            0/720896   ( 0.0%) 
leafwaterdata            0/32768           0/393216   ( 0.0%) 
waterstrips             27/32768         270/327680   ( 0.1%) 
waterverts               0/65536           0/786432   ( 0.0%) 
waterindices           399/65536         798/131072   ( 0.6%) 
cubemapsamples           1/1024           16/16384    ( 0.1%) 
overlays                 0/512             0/180224   ( 0.0%) 
LDR lightdata         [variable]       13564/0        ( 0.0%) 
HDR lightdata         [variable]           0/0        ( 0.0%) 
visdata               [variable]        3721/16777216 ( 0.0%) 
entdata               [variable]        2933/393216   ( 0.7%) 
LDR ambient table      209/65536         836/262144   ( 0.3%) 
HDR ambient table      209/65536         836/262144   ( 0.3%) 
LDR leaf ambient       683/65536       19124/1835008  ( 1.0%) 
HDR leaf ambient       209/65536        5852/1835008  ( 0.3%) 
occluders                0/0               0/0        ( 0.0%) 
occluder polygons        0/0               0/0        ( 0.0%) 
occluder vert ind        0/0               0/0        ( 0.0%) 
detail props          [variable]           1/12       ( 8.3%) 
static props          [variable]           1/228      ( 0.4%) 
pakfile               [variable]         354/0        ( 0.0%) 
physics               [variable]        9238/4194304  ( 0.2%) 
physics terrain       [variable]           2/1048576  ( 0.0%) 

Level flags = 0

Total triangle count: 138
Writing c:\program files (x86)\steam\steamapps\sourcemods\who\maps\lift.bsp
0 seconds elapsed



Could not find lights.rad in lights.rad.
Trying VRAD BIN directory instead...
Warning: Couldn't open texlight file C:\Program Files (x86)\Steam\steamapps\common\source sdk base 2013 singleplayer\bin\lights.rad.
Loading c:\program files (x86)\steam\steamapps\sourcemods\who\maps\lift.bsp
63 faces
14013 square feet [2017885.75 square inches]
0 Displacements
0 Square Feet [0.00 Square Inches]
63 patches before subdivision
653 patches after subdivision
4 direct lights
0...1...2...3...4...5...6...7...8...9...100...1...2...3...4...5...6...7...8...9...10transfers 26137, max 129
transfer lists:   0.2 megs
0...1...2...3...4...5...6...7...8...9...10	Bounce #1 added RGB(962, 980, 884)
0...1...2...3...4...5...6...7...8...9...10	Bounce #2 added RGB(375, 390, 317)
0...1...2...3...4...5...6...7...8...9...10	Bounce #3 added RGB(146, 154, 113)
0...1...2...3...4...5...6...7...8...9...10	Bounce #4 added RGB(56, 61, 40)
0...1...2...3...4...5...6...7...8...9...10	Bounce #5 added RGB(22, 24, 14)
0...1...2...3...4...5...6...7...8...9...10	Bounce #6 added RGB(8, 9, 5)
0...1...2...3...4...5...6...7...8...9...10	Bounce #7 added RGB(3, 4, 2)
0...1...2...3...4...5...6...7...8...9...10	Bounce #8 added RGB(1, 1, 1)
0...1...2...3...4...5...6...7...8...9...10	Bounce #9 added RGB(0, 1, 0)
Build Patch/Sample Hash Table(s).....Done<0.0001 sec>
0...1...2...3...4...5...6...7...8...9...10FinalLightFace Done
0 of 0 (0% of) surface lights went in leaf ambient cubes.
0...1...2...3...4...5...6...7...8...9...10Writing leaf ambient...done
Ready to Finish

Object names       Objects/Maxobjs  Memory / Maxmem  Fullness 
------------       ---------------  ---------------  -------- 
models                   3/1024          144/49152    ( 0.3%) 
brushes                 22/8192          264/98304    ( 0.3%) 
brushsides             132/65536        1056/524288   ( 0.2%) 
planes                 220/65536        4400/1310720  ( 0.3%) 
vertexes               341/65536        4092/786432   ( 0.5%) 
nodes                  205/65536        6560/2097152  ( 0.3%) 
texinfos                11/12288         792/884736   ( 0.1%) 
texdata                  4/2048          128/65536    ( 0.2%) 
dispinfos                0/0               0/0        ( 0.0%) 
disp_verts               0/0               0/0        ( 0.0%) 
disp_tris                0/0               0/0        ( 0.0%) 
disp_lmsamples           0/0               0/0        ( 0.0%) 
faces                   63/65536        3528/3670016  ( 0.1%) 
hdr faces               63/65536        3528/3670016  ( 0.1%) 
origfaces               24/65536        1344/3670016  ( 0.0%) 
leaves                 209/65536        6688/2097152  ( 0.3%) 
leaffaces              118/65536         236/131072   ( 0.2%) 
leafbrushes             95/65536         190/131072   ( 0.1%) 
areas                    2/256            16/2048     ( 0.8%) 
surfedges              360/512000       1440/2048000  ( 0.1%) 
edges                  227/256000        908/1024000  ( 0.1%) 
LDR worldlights          4/8192          352/720896   ( 0.0%) 
HDR worldlights          4/8192          352/720896   ( 0.0%) 
leafwaterdata            0/32768           0/393216   ( 0.0%) 
waterstrips             27/32768         270/327680   ( 0.1%) 
waterverts               0/65536           0/786432   ( 0.0%) 
waterindices           399/65536         798/131072   ( 0.6%) 
cubemapsamples           1/1024           16/16384    ( 0.1%) 
overlays                 0/512             0/180224   ( 0.0%) 
LDR lightdata         [variable]       13564/0        ( 0.0%) 
HDR lightdata         [variable]       13564/0        ( 0.0%) 
visdata               [variable]        3721/16777216 ( 0.0%) 
entdata               [variable]        2933/393216   ( 0.7%) 
LDR ambient table      209/65536         836/262144   ( 0.3%) 
HDR ambient table      209/65536         836/262144   ( 0.3%) 
LDR leaf ambient       683/65536       19124/1835008  ( 1.0%) 
HDR leaf ambient       683/65536       19124/1835008  ( 1.0%) 
occluders                0/0               0/0        ( 0.0%) 
occluder polygons        0/0               0/0        ( 0.0%) 
occluder vert ind        0/0               0/0        ( 0.0%) 
detail props          [variable]           1/12       ( 8.3%) 
static props          [variable]           1/228      ( 0.4%) 
pakfile               [variable]         354/0        ( 0.0%) 
physics               [variable]        9238/4194304  ( 0.2%) 
physics terrain       [variable]           2/1048576  ( 0.0%) 

Level flags = 0

Total triangle count: 138
Writing c:\program files (x86)\steam\steamapps\sourcemods\who\maps\lift.bsp
0 seconds elapsed



materialPath: C:\Program Files (x86)\Steam\steamapps\sourcemods\who\materials
Loading c:\program files (x86)\steam\steamapps\sourcemods\who\maps\lift.vmf
Could not locate 'GameData' key in c:\program files (x86)\steam\steamapps\sourcemods\who\gameinfo.txt
fixing up env_cubemap materials on brush sides...
0...1...2...3...4...5...6...7...8...9...100...1...2...3...4...5...6...7...8...9...10Processing areas...done (0)
Building Faces...done (0)
FixTjuncs...
PruneNodes...
WriteBSP...
done (0)
writing c:\program files (x86)\steam\steamapps\sourcemods\who\maps\lift.prt...Building visibility clusters...
done (0)
Finding displacement neighbors...
Finding lightmap sample positions...
Displacement Alpha : 0...1...2...3...4...5...6...7...8...9...10
Building Physics collision data...
done (0) (9238 bytes)
Placing detail props : 0...1...2...3...4...5...6...7...8...9...10
Compacting texture/material tables...
Reduced 68 texinfos to 11
Reduced 5 texdatas to 4 (127 bytes to 104)
Writing c:\program files (x86)\steam\steamapps\sourcemods\who\maps\lift.bsp
0 seconds elapsed



8 threads
reading c:\program files (x86)\steam\steamapps\sourcemods\who\maps\lift.bsp
reading c:\program files (x86)\steam\steamapps\sourcemods\who\maps\lift.prt
 104 portalclusters
 304 numportals
0...1...2...3...4...5...6...7...8...9...100...1...2...3...4...5...6...7...8...9...10Optimized: 177 visible clusters (4.18%)
Total clusters visible: 4239
Average clusters visible: 40
Building PAS...
Average clusters audible: 94
visdatasize:3719  compressed from 3328
writing c:\program files (x86)\steam\steamapps\sourcemods\who\maps\lift.bsp
0 seconds elapsed



Could not find lights.rad in lights.rad.
Trying VRAD BIN directory instead...
Warning: Couldn't open texlight file C:\Program Files (x86)\Steam\steamapps\common\source sdk base 2013 singleplayer\bin\lights.rad.
Loading c:\program files (x86)\steam\steamapps\sourcemods\who\maps\lift.bsp
63 faces
14013 square feet [2017885.75 square inches]
0 Displacements
0 Square Feet [0.00 Square Inches]
63 patches before subdivision
653 patches after subdivision
4 direct lights
0...1...2...3...4...5...6...7...8...9...100...1...2...3...4...5...6...7...8...9...10transfers 26137, max 129
transfer lists:   0.2 megs
0...1...2...3...4...5...6...7...8...9...10	Bounce #1 added RGB(962, 980, 884)
0...1...2...3...4...5...6...7...8...9...10	Bounce #2 added RGB(375, 390, 317)
0...1...2...3...4...5...6...7...8...9...10	Bounce #3 added RGB(146, 154, 113)
0...1...2...3...4...5...6...7...8...9...10	Bounce #4 added RGB(56, 61, 40)
0...1...2...3...4...5...6...7...8...9...10	Bounce #5 added RGB(22, 24, 14)
0...1...2...3...4...5...6...7...8...9...10	Bounce #6 added RGB(8, 9, 5)
0...1...2...3...4...5...6...7...8...9...10	Bounce #7 added RGB(3, 4, 2)
0...1...2...3...4...5...6...7...8...9...10	Bounce #8 added RGB(1, 1, 1)
0...1...2...3...4...5...6...7...8...9...10	Bounce #9 added RGB(0, 1, 0)
Build Patch/Sample Hash Table(s).....Done<0.0001 sec>
0...1...2...3...4...5...6...7...8...9...10FinalLightFace Done
0 of 0 (0% of) surface lights went in leaf ambient cubes.
0...1...2...3...4...5...6...7...8...9...10Writing leaf ambient...done
Ready to Finish

Object names       Objects/Maxobjs  Memory / Maxmem  Fullness 
------------       ---------------  ---------------  -------- 
models                   3/1024          144/49152    ( 0.3%) 
brushes                 22/8192          264/98304    ( 0.3%) 
brushsides             132/65536        1056/524288   ( 0.2%) 
planes                 220/65536        4400/1310720  ( 0.3%) 
vertexes               341/65536        4092/786432   ( 0.5%) 
nodes                  205/65536        6560/2097152  ( 0.3%) 
texinfos                11/12288         792/884736   ( 0.1%) 
texdata                  4/2048          128/65536    ( 0.2%) 
dispinfos                0/0               0/0        ( 0.0%) 
disp_verts               0/0               0/0        ( 0.0%) 
disp_tris                0/0               0/0        ( 0.0%) 
disp_lmsamples           0/0               0/0        ( 0.0%) 
faces                   63/65536        3528/3670016  ( 0.1%) 
hdr faces                0/65536           0/3670016  ( 0.0%) 
origfaces               24/65536        1344/3670016  ( 0.0%) 
leaves                 209/65536        6688/2097152  ( 0.3%) 
leaffaces              118/65536         236/131072   ( 0.2%) 
leafbrushes             95/65536         190/131072   ( 0.1%) 
areas                    2/256            16/2048     ( 0.8%) 
surfedges              360/512000       1440/2048000  ( 0.1%) 
edges                  227/256000        908/1024000  ( 0.1%) 
LDR worldlights          4/8192          352/720896   ( 0.0%) 
HDR worldlights          0/8192            0/720896   ( 0.0%) 
leafwaterdata            0/32768           0/393216   ( 0.0%) 
waterstrips             27/32768         270/327680   ( 0.1%) 
waterverts               0/65536           0/786432   ( 0.0%) 
waterindices           399/65536         798/131072   ( 0.6%) 
cubemapsamples           1/1024           16/16384    ( 0.1%) 
overlays                 0/512             0/180224   ( 0.0%) 
LDR lightdata         [variable]       13564/0        ( 0.0%) 
HDR lightdata         [variable]           0/0        ( 0.0%) 
visdata               [variable]        3719/16777216 ( 0.0%) 
entdata               [variable]        3023/393216   ( 0.8%) 
LDR ambient table      209/65536         836/262144   ( 0.3%) 
HDR ambient table      209/65536         836/262144   ( 0.3%) 
LDR leaf ambient       683/65536       19124/1835008  ( 1.0%) 
HDR leaf ambient       209/65536        5852/1835008  ( 0.3%) 
occluders                0/0               0/0        ( 0.0%) 
occluder polygons        0/0               0/0        ( 0.0%) 
occluder vert ind        0/0               0/0        ( 0.0%) 
detail props          [variable]           1/12       ( 8.3%) 
static props          [variable]           1/228      ( 0.4%) 
pakfile               [variable]         354/0        ( 0.0%) 
physics               [variable]        9238/4194304  ( 0.2%) 
physics terrain       [variable]           2/1048576  ( 0.0%) 

Level flags = 0

Total triangle count: 138
Writing c:\program files (x86)\steam\steamapps\sourcemods\who\maps\lift.bsp
0 seconds elapsed



Could not find lights.rad in lights.rad.
Trying VRAD BIN directory instead...
Warning: Couldn't open texlight file C:\Program Files (x86)\Steam\steamapps\common\source sdk base 2013 singleplayer\bin\lights.rad.
Loading c:\program files (x86)\steam\steamapps\sourcemods\who\maps\lift.bsp
63 faces
14013 square feet [2017885.75 square inches]
0 Displacements
0 Square Feet [0.00 Square Inches]
63 patches before subdivision
653 patches after subdivision
4 direct lights
0...1...2...3...4...5...6...7...8...9...100...1...2...3...4...5...6...7...8...9...10transfers 26137, max 129
transfer lists:   0.2 megs
0...1...2...3...4...5...6...7...8...9...10	Bounce #1 added RGB(962, 980, 884)
0...1...2...3...4...5...6...7...8...9...10	Bounce #2 added RGB(375, 390, 317)
0...1...2...3...4...5...6...7...8...9...10	Bounce #3 added RGB(146, 154, 113)
0...1...2...3...4...5...6...7...8...9...10	Bounce #4 added RGB(56, 61, 40)
0...1...2...3...4...5...6...7...8...9...10	Bounce #5 added RGB(22, 24, 14)
0...1...2...3...4...5...6...7...8...9...10	Bounce #6 added RGB(8, 9, 5)
0...1...2...3...4...5...6...7...8...9...10	Bounce #7 added RGB(3, 4, 2)
0...1...2...3...4...5...6...7...8...9...10	Bounce #8 added RGB(1, 1, 1)
0...1...2...3...4...5...6...7...8...9...10	Bounce #9 added RGB(0, 1, 0)
Build Patch/Sample Hash Table(s).....Done<0.0002 sec>
0...1...2...3...4...5...6...7...8...9...10FinalLightFace Done
0 of 0 (0% of) surface lights went in leaf ambient cubes.
0...1...2...3...4...5...6...7...8...9...10Writing leaf ambient...done
Ready to Finish

Object names       Objects/Maxobjs  Memory / Maxmem  Fullness 
------------       ---------------  ---------------  -------- 
models                   3/1024          144/49152    ( 0.3%) 
brushes                 22/8192          264/98304    ( 0.3%) 
brushsides             132/65536        1056/524288   ( 0.2%) 
planes                 220/65536        4400/1310720  ( 0.3%) 
vertexes               341/65536        4092/786432   ( 0.5%) 
nodes                  205/65536        6560/2097152  ( 0.3%) 
texinfos                11/12288         792/884736   ( 0.1%) 
texdata                  4/2048          128/65536    ( 0.2%) 
dispinfos                0/0               0/0        ( 0.0%) 
disp_verts               0/0               0/0        ( 0.0%) 
disp_tris                0/0               0/0        ( 0.0%) 
disp_lmsamples           0/0               0/0        ( 0.0%) 
faces                   63/65536        3528/3670016  ( 0.1%) 
hdr faces               63/65536        3528/3670016  ( 0.1%) 
origfaces               24/65536        1344/3670016  ( 0.0%) 
leaves                 209/65536        6688/2097152  ( 0.3%) 
leaffaces              118/65536         236/131072   ( 0.2%) 
leafbrushes             95/65536         190/131072   ( 0.1%) 
areas                    2/256            16/2048     ( 0.8%) 
surfedges              360/512000       1440/2048000  ( 0.1%) 
edges                  227/256000        908/1024000  ( 0.1%) 
LDR worldlights          4/8192          352/720896   ( 0.0%) 
HDR worldlights          4/8192          352/720896   ( 0.0%) 
leafwaterdata            0/32768           0/393216   ( 0.0%) 
waterstrips             27/32768         270/327680   ( 0.1%) 
waterverts               0/65536           0/786432   ( 0.0%) 
waterindices           399/65536         798/131072   ( 0.6%) 
cubemapsamples           1/1024           16/16384    ( 0.1%) 
overlays                 0/512             0/180224   ( 0.0%) 
LDR lightdata         [variable]       13564/0        ( 0.0%) 
HDR lightdata         [variable]       13564/0        ( 0.0%) 
visdata               [variable]        3719/16777216 ( 0.0%) 
entdata               [variable]        3023/393216   ( 0.8%) 
LDR ambient table      209/65536         836/262144   ( 0.3%) 
HDR ambient table      209/65536         836/262144   ( 0.3%) 
LDR leaf ambient       683/65536       19124/1835008  ( 1.0%) 
HDR leaf ambient       683/65536       19124/1835008  ( 1.0%) 
occluders                0/0               0/0        ( 0.0%) 
occluder polygons        0/0               0/0        ( 0.0%) 
occluder vert ind        0/0               0/0        ( 0.0%) 
detail props          [variable]           1/12       ( 8.3%) 
static props          [variable]           1/228      ( 0.4%) 
pakfile               [variable]         354/0        ( 0.0%) 
physics               [variable]        9238/4194304  ( 0.2%) 
physics terrain       [variable]           2/1048576  ( 0.0%) 

Level flags = 0

Total triangle count: 138
Writing c:\program files (x86)\steam\steamapps\sourcemods\who\maps\lift.bsp
0 seconds elapsed



materialPath: C:\Program Files (x86)\Steam\steamapps\sourcemods\who\materials
Loading c:\program files (x86)\steam\steamapps\sourcemods\who\maps\lift.vmf
Could not locate 'GameData' key in c:\program files (x86)\steam\steamapps\sourcemods\who\gameinfo.txt
fixing up env_cubemap materials on brush sides...
0...1...2...3...4...5...6...7...8...9...100...1...2...3...4...5...6...7...8...9...10Processing areas...done (0)
Building Faces...done (0)
FixTjuncs...
PruneNodes...
WriteBSP...
done (0)
writing c:\program files (x86)\steam\steamapps\sourcemods\who\maps\lift.prt...Building visibility clusters...
done (0)
Finding displacement neighbors...
Finding lightmap sample positions...
Displacement Alpha : 0...1...2...3...4...5...6...7...8...9...10
Building Physics collision data...
done (0) (9238 bytes)
Placing detail props : 0...1...2...3...4...5...6...7...8...9...10
Compacting texture/material tables...
Reduced 68 texinfos to 11
Reduced 5 texdatas to 4 (127 bytes to 104)
Writing c:\program files (x86)\steam\steamapps\sourcemods\who\maps\lift.bsp
0 seconds elapsed



8 threads
reading c:\program files (x86)\steam\steamapps\sourcemods\who\maps\lift.bsp
reading c:\program files (x86)\steam\steamapps\sourcemods\who\maps\lift.prt
 104 portalclusters
 304 numportals
0...1...2...3...4...5...6...7...8...9...100...1...2...3...4...5...6...7...8...9...10Optimized: 177 visible clusters (4.18%)
Total clusters visible: 4239
Average clusters visible: 40
Building PAS...
Average clusters audible: 94
visdatasize:3719  compressed from 3328
writing c:\program files (x86)\steam\steamapps\sourcemods\who\maps\lift.bsp
0 seconds elapsed



Could not find lights.rad in lights.rad.
Trying VRAD BIN directory instead...
Warning: Couldn't open texlight file C:\Program Files (x86)\Steam\steamapps\common\source sdk base 2013 singleplayer\bin\lights.rad.
Loading c:\program files (x86)\steam\steamapps\sourcemods\who\maps\lift.bsp
63 faces
14013 square feet [2017885.75 square inches]
0 Displacements
0 Square Feet [0.00 Square Inches]
63 patches before subdivision
653 patches after subdivision
4 direct lights
0...1...2...3...4...5...6...7...8...9...100...1...2...3...4...5...6...7...8...9...10transfers 26137, max 129
transfer lists:   0.2 megs
0...1...2...3...4...5...6...7...8...9...10	Bounce #1 added RGB(962, 980, 884)
0...1...2...3...4...5...6...7...8...9...10	Bounce #2 added RGB(375, 390, 317)
0...1...2...3...4...5...6...7...8...9...10	Bounce #3 added RGB(146, 154, 113)
0...1...2...3...4...5...6...7...8...9...10	Bounce #4 added RGB(56, 61, 40)
0...1...2...3...4...5...6...7...8...9...10	Bounce #5 added RGB(22, 24, 14)
0...1...2...3...4...5...6...7...8...9...10	Bounce #6 added RGB(8, 9, 5)
0...1...2...3...4...5...6...7...8...9...10	Bounce #7 added RGB(3, 4, 2)
0...1...2...3...4...5...6...7...8...9...10	Bounce #8 added RGB(1, 1, 1)
0...1...2...3...4...5...6...7...8...9...10	Bounce #9 added RGB(0, 1, 0)
Build Patch/Sample Hash Table(s).....Done<0.0001 sec>
0...1...2...3...4...5...6...7...8...9...10FinalLightFace Done
0 of 0 (0% of) surface lights went in leaf ambient cubes.
0...1...2...3...4...5...6...7...8...9...10Writing leaf ambient...done
Ready to Finish

Object names       Objects/Maxobjs  Memory / Maxmem  Fullness 
------------       ---------------  ---------------  -------- 
models                   3/1024          144/49152    ( 0.3%) 
brushes                 22/8192          264/98304    ( 0.3%) 
brushsides             132/65536        1056/524288   ( 0.2%) 
planes                 220/65536        4400/1310720  ( 0.3%) 
vertexes               341/65536        4092/786432   ( 0.5%) 
nodes                  205/65536        6560/2097152  ( 0.3%) 
texinfos                11/12288         792/884736   ( 0.1%) 
texdata                  4/2048          128/65536    ( 0.2%) 
dispinfos                0/0               0/0        ( 0.0%) 
disp_verts               0/0               0/0        ( 0.0%) 
disp_tris                0/0               0/0        ( 0.0%) 
disp_lmsamples           0/0               0/0        ( 0.0%) 
faces                   63/65536        3528/3670016  ( 0.1%) 
hdr faces                0/65536           0/3670016  ( 0.0%) 
origfaces               24/65536        1344/3670016  ( 0.0%) 
leaves                 209/65536        6688/2097152  ( 0.3%) 
leaffaces              118/65536         236/131072   ( 0.2%) 
leafbrushes             95/65536         190/131072   ( 0.1%) 
areas                    2/256            16/2048     ( 0.8%) 
surfedges              360/512000       1440/2048000  ( 0.1%) 
edges                  227/256000        908/1024000  ( 0.1%) 
LDR worldlights          4/8192          352/720896   ( 0.0%) 
HDR worldlights          0/8192            0/720896   ( 0.0%) 
leafwaterdata            0/32768           0/393216   ( 0.0%) 
waterstrips             27/32768         270/327680   ( 0.1%) 
waterverts               0/65536           0/786432   ( 0.0%) 
waterindices           399/65536         798/131072   ( 0.6%) 
cubemapsamples           1/1024           16/16384    ( 0.1%) 
overlays                 0/512             0/180224   ( 0.0%) 
LDR lightdata         [variable]       13564/0        ( 0.0%) 
HDR lightdata         [variable]           0/0        ( 0.0%) 
visdata               [variable]        3719/16777216 ( 0.0%) 
entdata               [variable]        3023/393216   ( 0.8%) 
LDR ambient table      209/65536         836/262144   ( 0.3%) 
HDR ambient table      209/65536         836/262144   ( 0.3%) 
LDR leaf ambient       683/65536       19124/1835008  ( 1.0%) 
HDR leaf ambient       209/65536        5852/1835008  ( 0.3%) 
occluders                0/0               0/0        ( 0.0%) 
occluder polygons        0/0               0/0        ( 0.0%) 
occluder vert ind        0/0               0/0        ( 0.0%) 
detail props          [variable]           1/12       ( 8.3%) 
static props          [variable]           1/228      ( 0.4%) 
pakfile               [variable]         354/0        ( 0.0%) 
physics               [variable]        9238/4194304  ( 0.2%) 
physics terrain       [variable]           2/1048576  ( 0.0%) 

Level flags = 0

Total triangle count: 138
Writing c:\program files (x86)\steam\steamapps\sourcemods\who\maps\lift.bsp
0 seconds elapsed



Could not find lights.rad in lights.rad.
Trying VRAD BIN directory instead...
Warning: Couldn't open texlight file C:\Program Files (x86)\Steam\steamapps\common\source sdk base 2013 singleplayer\bin\lights.rad.
Loading c:\program files (x86)\steam\steamapps\sourcemods\who\maps\lift.bsp
63 faces
14013 square feet [2017885.75 square inches]
0 Displacements
0 Square Feet [0.00 Square Inches]
63 patches before subdivision
653 patches after subdivision
4 direct lights
0...1...2...3...4...5...6...7...8...9...100...1...2...3...4...5...6...7...8...9...10transfers 26137, max 129
transfer lists:   0.2 megs
0...1...2...3...4...5...6...7...8...9...10	Bounce #1 added RGB(962, 980, 884)
0...1...2...3...4...5...6...7...8...9...10	Bounce #2 added RGB(375, 390, 317)
0...1...2...3...4...5...6...7...8...9...10	Bounce #3 added RGB(146, 154, 113)
0...1...2...3...4...5...6...7...8...9...10	Bounce #4 added RGB(56, 61, 40)
0...1...2...3...4...5...6...7...8...9...10	Bounce #5 added RGB(22, 24, 14)
0...1...2...3...4...5...6...7...8...9...10	Bounce #6 added RGB(8, 9, 5)
0...1...2...3...4...5...6...7...8...9...10	Bounce #7 added RGB(3, 4, 2)
0...1...2...3...4...5...6...7...8...9...10	Bounce #8 added RGB(1, 1, 1)
0...1...2...3...4...5...6...7...8...9...10	Bounce #9 added RGB(0, 1, 0)
Build Patch/Sample Hash Table(s).....Done<0.0001 sec>
0...1...2...3...4...5...6...7...8...9...10FinalLightFace Done
0 of 0 (0% of) surface lights went in leaf ambient cubes.
0...1...2...3...4...5...6...7...8...9...10Writing leaf ambient...done
Ready to Finish

Object names       Objects/Maxobjs  Memory / Maxmem  Fullness 
------------       ---------------  ---------------  -------- 
models                   3/1024          144/49152    ( 0.3%) 
brushes                 22/8192          264/98304    ( 0.3%) 
brushsides             132/65536        1056/524288   ( 0.2%) 
planes                 220/65536        4400/1310720  ( 0.3%) 
vertexes               341/65536        4092/786432   ( 0.5%) 
nodes                  205/65536        6560/2097152  ( 0.3%) 
texinfos                11/12288         792/884736   ( 0.1%) 
texdata                  4/2048          128/65536    ( 0.2%) 
dispinfos                0/0               0/0        ( 0.0%) 
disp_verts               0/0               0/0        ( 0.0%) 
disp_tris                0/0               0/0        ( 0.0%) 
disp_lmsamples           0/0               0/0        ( 0.0%) 
faces                   63/65536        3528/3670016  ( 0.1%) 
hdr faces               63/65536        3528/3670016  ( 0.1%) 
origfaces               24/65536        1344/3670016  ( 0.0%) 
leaves                 209/65536        6688/2097152  ( 0.3%) 
leaffaces              118/65536         236/131072   ( 0.2%) 
leafbrushes             95/65536         190/131072   ( 0.1%) 
areas                    2/256            16/2048     ( 0.8%) 
surfedges              360/512000       1440/2048000  ( 0.1%) 
edges                  227/256000        908/1024000  ( 0.1%) 
LDR worldlights          4/8192          352/720896   ( 0.0%) 
HDR worldlights          4/8192          352/720896   ( 0.0%) 
leafwaterdata            0/32768           0/393216   ( 0.0%) 
waterstrips             27/32768         270/327680   ( 0.1%) 
waterverts               0/65536           0/786432   ( 0.0%) 
waterindices           399/65536         798/131072   ( 0.6%) 
cubemapsamples           1/1024           16/16384    ( 0.1%) 
overlays                 0/512             0/180224   ( 0.0%) 
LDR lightdata         [variable]       13564/0        ( 0.0%) 
HDR lightdata         [variable]       13564/0        ( 0.0%) 
visdata               [variable]        3719/16777216 ( 0.0%) 
entdata               [variable]        3023/393216   ( 0.8%) 
LDR ambient table      209/65536         836/262144   ( 0.3%) 
HDR ambient table      209/65536         836/262144   ( 0.3%) 
LDR leaf ambient       683/65536       19124/1835008  ( 1.0%) 
HDR leaf ambient       683/65536       19124/1835008  ( 1.0%) 
occluders                0/0               0/0        ( 0.0%) 
occluder polygons        0/0               0/0        ( 0.0%) 
occluder vert ind        0/0               0/0        ( 0.0%) 
detail props          [variable]           1/12       ( 8.3%) 
static props          [variable]           1/228      ( 0.4%) 
pakfile               [variable]         354/0        ( 0.0%) 
physics               [variable]        9238/4194304  ( 0.2%) 
physics terrain       [variable]           2/1048576  ( 0.0%) 

Level flags = 0

Total triangle count: 138
Writing c:\program files (x86)\steam\steamapps\sourcemods\who\maps\lift.bsp
0 seconds elapsed



materialPath: C:\Program Files (x86)\Steam\steamapps\sourcemods\who\materials
Loading c:\program files (x86)\steam\steamapps\sourcemods\who\maps\lift.vmf
Could not locate 'GameData' key in c:\program files (x86)\steam\steamapps\sourcemods\who\gameinfo.txt
fixing up env_cubemap materials on brush sides...
0...1...2...3...4...5...6...7...8...9...100...1...2...3...4...5...6...7...8...9...10Processing areas...done (0)
Building Faces...done (0)
FixTjuncs...
PruneNodes...
WriteBSP...
done (0)
writing c:\program files (x86)\steam\steamapps\sourcemods\who\maps\lift.prt...Building visibility clusters...
done (0)
Finding displacement neighbors...
Finding lightmap sample positions...
Displacement Alpha : 0...1...2...3...4...5...6...7...8...9...10
Building Physics collision data...
done (0) (9238 bytes)
Placing detail props : 0...1...2...3...4...5...6...7...8...9...10
Compacting texture/material tables...
Reduced 68 texinfos to 11
Reduced 5 texdatas to 4 (127 bytes to 104)
Writing c:\program files (x86)\steam\steamapps\sourcemods\who\maps\lift.bsp
0 seconds elapsed



8 threads
reading c:\program files (x86)\steam\steamapps\sourcemods\who\maps\lift.bsp
reading c:\program files (x86)\steam\steamapps\sourcemods\who\maps\lift.prt
 104 portalclusters
 304 numportals
0...1...2...3...4...5...6...7...8...9...100...1...2...3...4...5...6...7...8...9...10Optimized: 202 visible clusters (4.74%)
Total clusters visible: 4264
Average clusters visible: 41
Building PAS...
Average clusters audible: 94
visdatasize:3719  compressed from 3328
writing c:\program files (x86)\steam\steamapps\sourcemods\who\maps\lift.bsp
0 seconds elapsed



Could not find lights.rad in lights.rad.
Trying VRAD BIN directory instead...
Warning: Couldn't open texlight file C:\Program Files (x86)\Steam\steamapps\common\source sdk base 2013 singleplayer\bin\lights.rad.
Loading c:\program files (x86)\steam\steamapps\sourcemods\who\maps\lift.bsp
63 faces
14013 square feet [2017886.00 square inches]
0 Displacements
0 Square Feet [0.00 Square Inches]
63 patches before subdivision
653 patches after subdivision
4 direct lights
0...1...2...3...4...5...6...7...8...9...100...1...2...3...4...5...6...7...8...9...10transfers 27223, max 129
transfer lists:   0.2 megs
0...1...2...3...4...5...6...7...8...9...10	Bounce #1 added RGB(1058, 1078, 972)
0...1...2...3...4...5...6...7...8...9...10	Bounce #2 added RGB(405, 421, 342)
0...1...2...3...4...5...6...7...8...9...10	Bounce #3 added RGB(156, 166, 121)
0...1...2...3...4...5...6...7...8...9...10	Bounce #4 added RGB(60, 65, 43)
0...1...2...3...4...5...6...7...8...9...10	Bounce #5 added RGB(23, 26, 15)
0...1...2...3...4...5...6...7...8...9...10	Bounce #6 added RGB(9, 10, 5)
0...1...2...3...4...5...6...7...8...9...10	Bounce #7 added RGB(3, 4, 2)
0...1...2...3...4...5...6...7...8...9...10	Bounce #8 added RGB(1, 2, 1)
0...1...2...3...4...5...6...7...8...9...10	Bounce #9 added RGB(1, 1, 0)
Build Patch/Sample Hash Table(s).....Done<0.0001 sec>
0...1...2...3...4...5...6...7...8...9...10FinalLightFace Done
0 of 0 (0% of) surface lights went in leaf ambient cubes.
0...1...2...3...4...5...6...7...8...9...10Writing leaf ambient...done
Ready to Finish

Object names       Objects/Maxobjs  Memory / Maxmem  Fullness 
------------       ---------------  ---------------  -------- 
models                   3/1024          144/49152    ( 0.3%) 
brushes                 22/8192          264/98304    ( 0.3%) 
brushsides             132/65536        1056/524288   ( 0.2%) 
planes                 220/65536        4400/1310720  ( 0.3%) 
vertexes               341/65536        4092/786432   ( 0.5%) 
nodes                  205/65536        6560/2097152  ( 0.3%) 
texinfos                11/12288         792/884736   ( 0.1%) 
texdata                  4/2048          128/65536    ( 0.2%) 
dispinfos                0/0               0/0        ( 0.0%) 
disp_verts               0/0               0/0        ( 0.0%) 
disp_tris                0/0               0/0        ( 0.0%) 
disp_lmsamples           0/0               0/0        ( 0.0%) 
faces                   63/65536        3528/3670016  ( 0.1%) 
hdr faces                0/65536           0/3670016  ( 0.0%) 
origfaces               24/65536        1344/3670016  ( 0.0%) 
leaves                 209/65536        6688/2097152  ( 0.3%) 
leaffaces              118/65536         236/131072   ( 0.2%) 
leafbrushes             95/65536         190/131072   ( 0.1%) 
areas                    2/256            16/2048     ( 0.8%) 
surfedges              360/512000       1440/2048000  ( 0.1%) 
edges                  227/256000        908/1024000  ( 0.1%) 
LDR worldlights          4/8192          352/720896   ( 0.0%) 
HDR worldlights          0/8192            0/720896   ( 0.0%) 
leafwaterdata            0/32768           0/393216   ( 0.0%) 
waterstrips             27/32768         270/327680   ( 0.1%) 
waterverts               0/65536           0/786432   ( 0.0%) 
waterindices           399/65536         798/131072   ( 0.6%) 
cubemapsamples           1/1024           16/16384    ( 0.1%) 
overlays                 0/512             0/180224   ( 0.0%) 
LDR lightdata         [variable]       13564/0        ( 0.0%) 
HDR lightdata         [variable]           0/0        ( 0.0%) 
visdata               [variable]        3719/16777216 ( 0.0%) 
entdata               [variable]        3020/393216   ( 0.8%) 
LDR ambient table      209/65536         836/262144   ( 0.3%) 
HDR ambient table      209/65536         836/262144   ( 0.3%) 
LDR leaf ambient       689/65536       19292/1835008  ( 1.1%) 
HDR leaf ambient       209/65536        5852/1835008  ( 0.3%) 
occluders                0/0               0/0        ( 0.0%) 
occluder polygons        0/0               0/0        ( 0.0%) 
occluder vert ind        0/0               0/0        ( 0.0%) 
detail props          [variable]           1/12       ( 8.3%) 
static props          [variable]           1/228      ( 0.4%) 
pakfile               [variable]         354/0        ( 0.0%) 
physics               [variable]        9238/4194304  ( 0.2%) 
physics terrain       [variable]           2/1048576  ( 0.0%) 

Level flags = 0

Total triangle count: 138
Writing c:\program files (x86)\steam\steamapps\sourcemods\who\maps\lift.bsp
0 seconds elapsed



Could not find lights.rad in lights.rad.
Trying VRAD BIN directory instead...
Warning: Couldn't open texlight file C:\Program Files (x86)\Steam\steamapps\common\source sdk base 2013 singleplayer\bin\lights.rad.
Loading c:\program files (x86)\steam\steamapps\sourcemods\who\maps\lift.bsp
63 faces
14013 square feet [2017886.00 square inches]
0 Displacements
0 Square Feet [0.00 Square Inches]
63 patches before subdivision
653 patches after subdivision
4 direct lights
0...1...2...3...4...5...6...7...8...9...100...1...2...3...4...5...6...7...8...9...10transfers 27223, max 129
transfer lists:   0.2 megs
0...1...2...3...4...5...6...7...8...9...10	Bounce #1 added RGB(1058, 1078, 972)
0...1...2...3...4...5...6...7...8...9...10	Bounce #2 added RGB(405, 421, 342)
0...1...2...3...4...5...6...7...8...9...10	Bounce #3 added RGB(156, 166, 121)
0...1...2...3...4...5...6...7...8...9...10	Bounce #4 added RGB(60, 65, 43)
0...1...2...3...4...5...6...7...8...9...10	Bounce #5 added RGB(23, 26, 15)
0...1...2...3...4...5...6...7...8...9...10	Bounce #6 added RGB(9, 10, 5)
0...1...2...3...4...5...6...7...8...9...10	Bounce #7 added RGB(3, 4, 2)
0...1...2...3...4...5...6...7...8...9...10	Bounce #8 added RGB(1, 2, 1)
0...1...2...3...4...5...6...7...8...9...10	Bounce #9 added RGB(1, 1, 0)
Build Patch/Sample Hash Table(s).....Done<0.0001 sec>
0...1...2...3...4...5...6...7...8...9...10FinalLightFace Done
0 of 0 (0% of) surface lights went in leaf ambient cubes.
0...1...2...3...4...5...6...7...8...9...10Writing leaf ambient...done
Ready to Finish

Object names       Objects/Maxobjs  Memory / Maxmem  Fullness 
------------       ---------------  ---------------  -------- 
models                   3/1024          144/49152    ( 0.3%) 
brushes                 22/8192          264/98304    ( 0.3%) 
brushsides             132/65536        1056/524288   ( 0.2%) 
planes                 220/65536        4400/1310720  ( 0.3%) 
vertexes               341/65536        4092/786432   ( 0.5%) 
nodes                  205/65536        6560/2097152  ( 0.3%) 
texinfos                11/12288         792/884736   ( 0.1%) 
texdata                  4/2048          128/65536    ( 0.2%) 
dispinfos                0/0               0/0        ( 0.0%) 
disp_verts               0/0               0/0        ( 0.0%) 
disp_tris                0/0               0/0        ( 0.0%) 
disp_lmsamples           0/0               0/0        ( 0.0%) 
faces                   63/65536        3528/3670016  ( 0.1%) 
hdr faces               63/65536        3528/3670016  ( 0.1%) 
origfaces               24/65536        1344/3670016  ( 0.0%) 
leaves                 209/65536        6688/2097152  ( 0.3%) 
leaffaces              118/65536         236/131072   ( 0.2%) 
leafbrushes             95/65536         190/131072   ( 0.1%) 
areas                    2/256            16/2048     ( 0.8%) 
surfedges              360/512000       1440/2048000  ( 0.1%) 
edges                  227/256000        908/1024000  ( 0.1%) 
LDR worldlights          4/8192          352/720896   ( 0.0%) 
HDR worldlights          4/8192          352/720896   ( 0.0%) 
leafwaterdata            0/32768           0/393216   ( 0.0%) 
waterstrips             27/32768         270/327680   ( 0.1%) 
waterverts               0/65536           0/786432   ( 0.0%) 
waterindices           399/65536         798/131072   ( 0.6%) 
cubemapsamples           1/1024           16/16384    ( 0.1%) 
overlays                 0/512             0/180224   ( 0.0%) 
LDR lightdata         [variable]       13564/0        ( 0.0%) 
HDR lightdata         [variable]       13564/0        ( 0.0%) 
visdata               [variable]        3719/16777216 ( 0.0%) 
entdata               [variable]        3020/393216   ( 0.8%) 
LDR ambient table      209/65536         836/262144   ( 0.3%) 
HDR ambient table      209/65536         836/262144   ( 0.3%) 
LDR leaf ambient       689/65536       19292/1835008  ( 1.1%) 
HDR leaf ambient       689/65536       19292/1835008  ( 1.1%) 
occluders                0/0               0/0        ( 0.0%) 
occluder polygons        0/0               0/0        ( 0.0%) 
occluder vert ind        0/0               0/0        ( 0.0%) 
detail props          [variable]           1/12       ( 8.3%) 
static props          [variable]           1/228      ( 0.4%) 
pakfile               [variable]         354/0        ( 0.0%) 
physics               [variable]        9238/4194304  ( 0.2%) 
physics terrain       [variable]           2/1048576  ( 0.0%) 

Level flags = 0

Total triangle count: 138
Writing c:\program files (x86)\steam\steamapps\sourcemods\who\maps\lift.bsp
0 seconds elapsed



materialPath: C:\Program Files (x86)\Steam\steamapps\sourcemods\who\materials
Loading c:\program files (x86)\steam\steamapps\sourcemods\who\maps\lift.vmf
Could not locate 'GameData' key in c:\program files (x86)\steam\steamapps\sourcemods\who\gameinfo.txt
fixing up env_cubemap materials on brush sides...
0...1...2...3...4...5...6...7...8...9...100...1...2...3...4...5...6...7...8...9...10Processing areas...done (0)
Building Faces...done (0)
FixTjuncs...
PruneNodes...
WriteBSP...
done (0)
writing c:\program files (x86)\steam\steamapps\sourcemods\who\maps\lift.prt...Building visibility clusters...
done (0)
Finding displacement neighbors...
Finding lightmap sample positions...
Displacement Alpha : 0...1...2...3...4...5...6...7...8...9...10
Building Physics collision data...
done (0) (9238 bytes)
Placing detail props : 0...1...2...3...4...5...6...7...8...9...10
Compacting texture/material tables...
Reduced 68 texinfos to 11
Reduced 5 texdatas to 4 (127 bytes to 104)
Writing c:\program files (x86)\steam\steamapps\sourcemods\who\maps\lift.bsp
0 seconds elapsed



8 threads
reading c:\program files (x86)\steam\steamapps\sourcemods\who\maps\lift.bsp
reading c:\program files (x86)\steam\steamapps\sourcemods\who\maps\lift.prt
 104 portalclusters
 304 numportals
0...1...2...3...4...5...6...7...8...9...100...1...2...3...4...5...6...7...8...9...10Optimized: 202 visible clusters (4.74%)
Total clusters visible: 4264
Average clusters visible: 41
Building PAS...
Average clusters audible: 94
visdatasize:3719  compressed from 3328
writing c:\program files (x86)\steam\steamapps\sourcemods\who\maps\lift.bsp
0 seconds elapsed



Could not find lights.rad in lights.rad.
Trying VRAD BIN directory instead...
Warning: Couldn't open texlight file C:\Program Files (x86)\Steam\steamapps\common\source sdk base 2013 singleplayer\bin\lights.rad.
Loading c:\program files (x86)\steam\steamapps\sourcemods\who\maps\lift.bsp
63 faces
14013 square feet [2017886.00 square inches]
0 Displacements
0 Square Feet [0.00 Square Inches]
63 patches before subdivision
653 patches after subdivision
4 direct lights
0...1...2...3...4...5...6...7...8...9...100...1...2...3...4...5...6...7...8...9...10transfers 27223, max 129
transfer lists:   0.2 megs
0...1...2...3...4...5...6...7...8...9...10	Bounce #1 added RGB(1058, 1078, 972)
0...1...2...3...4...5...6...7...8...9...10	Bounce #2 added RGB(405, 421, 342)
0...1...2...3...4...5...6...7...8...9...10	Bounce #3 added RGB(156, 166, 121)
0...1...2...3...4...5...6...7...8...9...10	Bounce #4 added RGB(60, 65, 43)
0...1...2...3...4...5...6...7...8...9...10	Bounce #5 added RGB(23, 26, 15)
0...1...2...3...4...5...6...7...8...9...10	Bounce #6 added RGB(9, 10, 5)
0...1...2...3...4...5...6...7...8...9...10	Bounce #7 added RGB(3, 4, 2)
0...1...2...3...4...5...6...7...8...9...10	Bounce #8 added RGB(1, 2, 1)
0...1...2...3...4...5...6...7...8...9...10	Bounce #9 added RGB(1, 1, 0)
Build Patch/Sample Hash Table(s).....Done<0.0001 sec>
0...1...2...3...4...5...6...7...8...9...10FinalLightFace Done
0 of 0 (0% of) surface lights went in leaf ambient cubes.
0...1...2...3...4...5...6...7...8...9...10Writing leaf ambient...done
Ready to Finish

Object names       Objects/Maxobjs  Memory / Maxmem  Fullness 
------------       ---------------  ---------------  -------- 
models                   3/1024          144/49152    ( 0.3%) 
brushes                 22/8192          264/98304    ( 0.3%) 
brushsides             132/65536        1056/524288   ( 0.2%) 
planes                 220/65536        4400/1310720  ( 0.3%) 
vertexes               341/65536        4092/786432   ( 0.5%) 
nodes                  205/65536        6560/2097152  ( 0.3%) 
texinfos                11/12288         792/884736   ( 0.1%) 
texdata                  4/2048          128/65536    ( 0.2%) 
dispinfos                0/0               0/0        ( 0.0%) 
disp_verts               0/0               0/0        ( 0.0%) 
disp_tris                0/0               0/0        ( 0.0%) 
disp_lmsamples           0/0               0/0        ( 0.0%) 
faces                   63/65536        3528/3670016  ( 0.1%) 
hdr faces                0/65536           0/3670016  ( 0.0%) 
origfaces               24/65536        1344/3670016  ( 0.0%) 
leaves                 209/65536        6688/2097152  ( 0.3%) 
leaffaces              118/65536         236/131072   ( 0.2%) 
leafbrushes             95/65536         190/131072   ( 0.1%) 
areas                    2/256            16/2048     ( 0.8%) 
surfedges              360/512000       1440/2048000  ( 0.1%) 
edges                  227/256000        908/1024000  ( 0.1%) 
LDR worldlights          4/8192          352/720896   ( 0.0%) 
HDR worldlights          0/8192            0/720896   ( 0.0%) 
leafwaterdata            0/32768           0/393216   ( 0.0%) 
waterstrips             27/32768         270/327680   ( 0.1%) 
waterverts               0/65536           0/786432   ( 0.0%) 
waterindices           399/65536         798/131072   ( 0.6%) 
cubemapsamples           1/1024           16/16384    ( 0.1%) 
overlays                 0/512             0/180224   ( 0.0%) 
LDR lightdata         [variable]       13564/0        ( 0.0%) 
HDR lightdata         [variable]           0/0        ( 0.0%) 
visdata               [variable]        3719/16777216 ( 0.0%) 
entdata               [variable]        3456/393216   ( 0.9%) 
LDR ambient table      209/65536         836/262144   ( 0.3%) 
HDR ambient table      209/65536         836/262144   ( 0.3%) 
LDR leaf ambient       689/65536       19292/1835008  ( 1.1%) 
HDR leaf ambient       209/65536        5852/1835008  ( 0.3%) 
occluders                0/0               0/0        ( 0.0%) 
occluder polygons        0/0               0/0        ( 0.0%) 
occluder vert ind        0/0               0/0        ( 0.0%) 
detail props          [variable]           1/12       ( 8.3%) 
static props          [variable]           1/228      ( 0.4%) 
pakfile               [variable]         354/0        ( 0.0%) 
physics               [variable]        9238/4194304  ( 0.2%) 
physics terrain       [variable]           2/1048576  ( 0.0%) 

Level flags = 0

Total triangle count: 138
Writing c:\program files (x86)\steam\steamapps\sourcemods\who\maps\lift.bsp
0 seconds elapsed



Could not find lights.rad in lights.rad.
Trying VRAD BIN directory instead...
Warning: Couldn't open texlight file C:\Program Files (x86)\Steam\steamapps\common\source sdk base 2013 singleplayer\bin\lights.rad.
Loading c:\program files (x86)\steam\steamapps\sourcemods\who\maps\lift.bsp
63 faces
14013 square feet [2017886.00 square inches]
0 Displacements
0 Square Feet [0.00 Square Inches]
63 patches before subdivision
653 patches after subdivision
4 direct lights
0...1...2...3...4...5...6...7...8...9...100...1...2...3...4...5...6...7...8...9...10transfers 27223, max 129
transfer lists:   0.2 megs
0...1...2...3...4...5...6...7...8...9...10	Bounce #1 added RGB(1058, 1078, 972)
0...1...2...3...4...5...6...7...8...9...10	Bounce #2 added RGB(405, 421, 342)
0...1...2...3...4...5...6...7...8...9...10	Bounce #3 added RGB(156, 166, 121)
0...1...2...3...4...5...6...7...8...9...10	Bounce #4 added RGB(60, 65, 43)
0...1...2...3...4...5...6...7...8...9...10	Bounce #5 added RGB(23, 26, 15)
0...1...2...3...4...5...6...7...8...9...10	Bounce #6 added RGB(9, 10, 5)
0...1...2...3...4...5...6...7...8...9...10	Bounce #7 added RGB(3, 4, 2)
0...1...2...3...4...5...6...7...8...9...10	Bounce #8 added RGB(1, 2, 1)
0...1...2...3...4...5...6...7...8...9...10	Bounce #9 added RGB(1, 1, 0)
Build Patch/Sample Hash Table(s).....Done<0.0002 sec>
0...1...2...3...4...5...6...7...8...9...10FinalLightFace Done
0 of 0 (0% of) surface lights went in leaf ambient cubes.
0...1...2...3...4...5...6...7...8...9...10Writing leaf ambient...done
Ready to Finish

Object names       Objects/Maxobjs  Memory / Maxmem  Fullness 
------------       ---------------  ---------------  -------- 
models                   3/1024          144/49152    ( 0.3%) 
brushes                 22/8192          264/98304    ( 0.3%) 
brushsides             132/65536        1056/524288   ( 0.2%) 
planes                 220/65536        4400/1310720  ( 0.3%) 
vertexes               341/65536        4092/786432   ( 0.5%) 
nodes                  205/65536        6560/2097152  ( 0.3%) 
texinfos                11/12288         792/884736   ( 0.1%) 
texdata                  4/2048          128/65536    ( 0.2%) 
dispinfos                0/0               0/0        ( 0.0%) 
disp_verts               0/0               0/0        ( 0.0%) 
disp_tris                0/0               0/0        ( 0.0%) 
disp_lmsamples           0/0               0/0        ( 0.0%) 
faces                   63/65536        3528/3670016  ( 0.1%) 
hdr faces               63/65536        3528/3670016  ( 0.1%) 
origfaces               24/65536        1344/3670016  ( 0.0%) 
leaves                 209/65536        6688/2097152  ( 0.3%) 
leaffaces              118/65536         236/131072   ( 0.2%) 
leafbrushes             95/65536         190/131072   ( 0.1%) 
areas                    2/256            16/2048     ( 0.8%) 
surfedges              360/512000       1440/2048000  ( 0.1%) 
edges                  227/256000        908/1024000  ( 0.1%) 
LDR worldlights          4/8192          352/720896   ( 0.0%) 
HDR worldlights          4/8192          352/720896   ( 0.0%) 
leafwaterdata            0/32768           0/393216   ( 0.0%) 
waterstrips             27/32768         270/327680   ( 0.1%) 
waterverts               0/65536           0/786432   ( 0.0%) 
waterindices           399/65536         798/131072   ( 0.6%) 
cubemapsamples           1/1024           16/16384    ( 0.1%) 
overlays                 0/512             0/180224   ( 0.0%) 
LDR lightdata         [variable]       13564/0        ( 0.0%) 
HDR lightdata         [variable]       13564/0        ( 0.0%) 
visdata               [variable]        3719/16777216 ( 0.0%) 
entdata               [variable]        3456/393216   ( 0.9%) 
LDR ambient table      209/65536         836/262144   ( 0.3%) 
HDR ambient table      209/65536         836/262144   ( 0.3%) 
LDR leaf ambient       689/65536       19292/1835008  ( 1.1%) 
HDR leaf ambient       689/65536       19292/1835008  ( 1.1%) 
occluders                0/0               0/0        ( 0.0%) 
occluder polygons        0/0               0/0        ( 0.0%) 
occluder vert ind        0/0               0/0        ( 0.0%) 
detail props          [variable]           1/12       ( 8.3%) 
static props          [variable]           1/228      ( 0.4%) 
pakfile               [variable]         354/0        ( 0.0%) 
physics               [variable]        9238/4194304  ( 0.2%) 
physics terrain       [variable]           2/1048576  ( 0.0%) 

Level flags = 0

Total triangle count: 138
Writing c:\program files (x86)\steam\steamapps\sourcemods\who\maps\lift.bsp
0 seconds elapsed



materialPath: C:\Program Files (x86)\Steam\steamapps\sourcemods\who\materials
Loading c:\program files (x86)\steam\steamapps\sourcemods\who\maps\lift.vmf
Could not locate 'GameData' key in c:\program files (x86)\steam\steamapps\sourcemods\who\gameinfo.txt
fixing up env_cubemap materials on brush sides...
0...1...2...3...4...5...6...7...8...9...100...1...2...3...4...5...6...7...8...9...10Processing areas...done (0)
Building Faces...done (0)
FixTjuncs...
PruneNodes...
WriteBSP...
done (0)
writing c:\program files (x86)\steam\steamapps\sourcemods\who\maps\lift.prt...Building visibility clusters...
done (0)
Finding displacement neighbors...
Finding lightmap sample positions...
Displacement Alpha : 0...1...2...3...4...5...6...7...8...9...10
Building Physics collision data...
done (0) (9238 bytes)
Placing detail props : 0...1...2...3...4...5...6...7...8...9...10
Compacting texture/material tables...
Reduced 68 texinfos to 11
Reduced 5 texdatas to 4 (127 bytes to 104)
Writing c:\program files (x86)\steam\steamapps\sourcemods\who\maps\lift.bsp
0 seconds elapsed



8 threads
reading c:\program files (x86)\steam\steamapps\sourcemods\who\maps\lift.bsp
reading c:\program files (x86)\steam\steamapps\sourcemods\who\maps\lift.prt
 104 portalclusters
 304 numportals
0...1...2...3...4...5...6...7...8...9...100...1...2...3...4...5...6...7...8...9...10Optimized: 163 visible clusters (3.86%)
Total clusters visible: 4223
Average clusters visible: 40
Building PAS...
Average clusters audible: 94
visdatasize:3721  compressed from 3328
writing c:\program files (x86)\steam\steamapps\sourcemods\who\maps\lift.bsp
0 seconds elapsed



Could not find lights.rad in lights.rad.
Trying VRAD BIN directory instead...
Warning: Couldn't open texlight file C:\Program Files (x86)\Steam\steamapps\common\source sdk base 2013 singleplayer\bin\lights.rad.
Loading c:\program files (x86)\steam\steamapps\sourcemods\who\maps\lift.bsp
63 faces
14013 square feet [2017886.00 square inches]
0 Displacements
0 Square Feet [0.00 Square Inches]
63 patches before subdivision
653 patches after subdivision
4 direct lights
0...1...2...3...4...5...6...7...8...9...100...1...2...3...4...5...6...7...8...9...10transfers 27223, max 129
transfer lists:   0.2 megs
0...1...2...3...4...5...6...7...8...9...10	Bounce #1 added RGB(1058, 1078, 972)
0...1...2...3...4...5...6...7...8...9...10	Bounce #2 added RGB(405, 421, 342)
0...1...2...3...4...5...6...7...8...9...10	Bounce #3 added RGB(156, 166, 121)
0...1...2...3...4...5...6...7...8...9...10	Bounce #4 added RGB(60, 65, 43)
0...1...2...3...4...5...6...7...8...9...10	Bounce #5 added RGB(23, 26, 15)
0...1...2...3...4...5...6...7...8...9...10	Bounce #6 added RGB(9, 10, 5)
0...1...2...3...4...5...6...7...8...9...10	Bounce #7 added RGB(3, 4, 2)
0...1...2...3...4...5...6...7...8...9...10	Bounce #8 added RGB(1, 2, 1)
0...1...2...3...4...5...6...7...8...9...10	Bounce #9 added RGB(1, 1, 0)
Build Patch/Sample Hash Table(s).....Done<0.0001 sec>
0...1...2...3...4...5...6...7...8...9...10FinalLightFace Done
0 of 0 (0% of) surface lights went in leaf ambient cubes.
0...1...2...3...4...5...6...7...8...9...10Writing leaf ambient...done
Ready to Finish

Object names       Objects/Maxobjs  Memory / Maxmem  Fullness 
------------       ---------------  ---------------  -------- 
models                   3/1024          144/49152    ( 0.3%) 
brushes                 22/8192          264/98304    ( 0.3%) 
brushsides             132/65536        1056/524288   ( 0.2%) 
planes                 220/65536        4400/1310720  ( 0.3%) 
vertexes               341/65536        4092/786432   ( 0.5%) 
nodes                  205/65536        6560/2097152  ( 0.3%) 
texinfos                11/12288         792/884736   ( 0.1%) 
texdata                  4/2048          128/65536    ( 0.2%) 
dispinfos                0/0               0/0        ( 0.0%) 
disp_verts               0/0               0/0        ( 0.0%) 
disp_tris                0/0               0/0        ( 0.0%) 
disp_lmsamples           0/0               0/0        ( 0.0%) 
faces                   63/65536        3528/3670016  ( 0.1%) 
hdr faces                0/65536           0/3670016  ( 0.0%) 
origfaces               24/65536        1344/3670016  ( 0.0%) 
leaves                 209/65536        6688/2097152  ( 0.3%) 
leaffaces              118/65536         236/131072   ( 0.2%) 
leafbrushes             95/65536         190/131072   ( 0.1%) 
areas                    2/256            16/2048     ( 0.8%) 
surfedges              360/512000       1440/2048000  ( 0.1%) 
edges                  227/256000        908/1024000  ( 0.1%) 
LDR worldlights          4/8192          352/720896   ( 0.0%) 
HDR worldlights          0/8192            0/720896   ( 0.0%) 
leafwaterdata            0/32768           0/393216   ( 0.0%) 
waterstrips             27/32768         270/327680   ( 0.1%) 
waterverts               0/65536           0/786432   ( 0.0%) 
waterindices           399/65536         798/131072   ( 0.6%) 
cubemapsamples           1/1024           16/16384    ( 0.1%) 
overlays                 0/512             0/180224   ( 0.0%) 
LDR lightdata         [variable]       13564/0        ( 0.0%) 
HDR lightdata         [variable]           0/0        ( 0.0%) 
visdata               [variable]        3721/16777216 ( 0.0%) 
entdata               [variable]        3468/393216   ( 0.9%) 
LDR ambient table      209/65536         836/262144   ( 0.3%) 
HDR ambient table      209/65536         836/262144   ( 0.3%) 
LDR leaf ambient       689/65536       19292/1835008  ( 1.1%) 
HDR leaf ambient       209/65536        5852/1835008  ( 0.3%) 
occluders                0/0               0/0        ( 0.0%) 
occluder polygons        0/0               0/0        ( 0.0%) 
occluder vert ind        0/0               0/0        ( 0.0%) 
detail props          [variable]           1/12       ( 8.3%) 
static props          [variable]           1/228      ( 0.4%) 
pakfile               [variable]         354/0        ( 0.0%) 
physics               [variable]        9238/4194304  ( 0.2%) 
physics terrain       [variable]           2/1048576  ( 0.0%) 

Level flags = 0

Total triangle count: 138
Writing c:\program files (x86)\steam\steamapps\sourcemods\who\maps\lift.bsp
0 seconds elapsed



Could not find lights.rad in lights.rad.
Trying VRAD BIN directory instead...
Warning: Couldn't open texlight file C:\Program Files (x86)\Steam\steamapps\common\source sdk base 2013 singleplayer\bin\lights.rad.
Loading c:\program files (x86)\steam\steamapps\sourcemods\who\maps\lift.bsp
63 faces
14013 square feet [2017886.00 square inches]
0 Displacements
0 Square Feet [0.00 Square Inches]
63 patches before subdivision
653 patches after subdivision
4 direct lights
0...1...2...3...4...5...6...7...8...9...100...1...2...3...4...5...6...7...8...9...10transfers 27223, max 129
transfer lists:   0.2 megs
0...1...2...3...4...5...6...7...8...9...10	Bounce #1 added RGB(1058, 1078, 972)
0...1...2...3...4...5...6...7...8...9...10	Bounce #2 added RGB(405, 421, 342)
0...1...2...3...4...5...6...7...8...9...10	Bounce #3 added RGB(156, 166, 121)
0...1...2...3...4...5...6...7...8...9...10	Bounce #4 added RGB(60, 65, 43)
0...1...2...3...4...5...6...7...8...9...10	Bounce #5 added RGB(23, 26, 15)
0...1...2...3...4...5...6...7...8...9...10	Bounce #6 added RGB(9, 10, 5)
0...1...2...3...4...5...6...7...8...9...10	Bounce #7 added RGB(3, 4, 2)
0...1...2...3...4...5...6...7...8...9...10	Bounce #8 added RGB(1, 2, 1)
0...1...2...3...4...5...6...7...8...9...10	Bounce #9 added RGB(1, 1, 0)
Build Patch/Sample Hash Table(s).....Done<0.0001 sec>
0...1...2...3...4...5...6...7...8...9...10FinalLightFace Done
0 of 0 (0% of) surface lights went in leaf ambient cubes.
0...1...2...3...4...5...6...7...8...9...10Writing leaf ambient...done
Ready to Finish

Object names       Objects/Maxobjs  Memory / Maxmem  Fullness 
------------       ---------------  ---------------  -------- 
models                   3/1024          144/49152    ( 0.3%) 
brushes                 22/8192          264/98304    ( 0.3%) 
brushsides             132/65536        1056/524288   ( 0.2%) 
planes                 220/65536        4400/1310720  ( 0.3%) 
vertexes               341/65536        4092/786432   ( 0.5%) 
nodes                  205/65536        6560/2097152  ( 0.3%) 
texinfos                11/12288         792/884736   ( 0.1%) 
texdata                  4/2048          128/65536    ( 0.2%) 
dispinfos                0/0               0/0        ( 0.0%) 
disp_verts               0/0               0/0        ( 0.0%) 
disp_tris                0/0               0/0        ( 0.0%) 
disp_lmsamples           0/0               0/0        ( 0.0%) 
faces                   63/65536        3528/3670016  ( 0.1%) 
hdr faces               63/65536        3528/3670016  ( 0.1%) 
origfaces               24/65536        1344/3670016  ( 0.0%) 
leaves                 209/65536        6688/2097152  ( 0.3%) 
leaffaces              118/65536         236/131072   ( 0.2%) 
leafbrushes             95/65536         190/131072   ( 0.1%) 
areas                    2/256            16/2048     ( 0.8%) 
surfedges              360/512000       1440/2048000  ( 0.1%) 
edges                  227/256000        908/1024000  ( 0.1%) 
LDR worldlights          4/8192          352/720896   ( 0.0%) 
HDR worldlights          4/8192          352/720896   ( 0.0%) 
leafwaterdata            0/32768           0/393216   ( 0.0%) 
waterstrips             27/32768         270/327680   ( 0.1%) 
waterverts               0/65536           0/786432   ( 0.0%) 
waterindices           399/65536         798/131072   ( 0.6%) 
cubemapsamples           1/1024           16/16384    ( 0.1%) 
overlays                 0/512             0/180224   ( 0.0%) 
LDR lightdata         [variable]       13564/0        ( 0.0%) 
HDR lightdata         [variable]       13564/0        ( 0.0%) 
visdata               [variable]        3721/16777216 ( 0.0%) 
entdata               [variable]        3468/393216   ( 0.9%) 
LDR ambient table      209/65536         836/262144   ( 0.3%) 
HDR ambient table      209/65536         836/262144   ( 0.3%) 
LDR leaf ambient       689/65536       19292/1835008  ( 1.1%) 
HDR leaf ambient       689/65536       19292/1835008  ( 1.1%) 
occluders                0/0               0/0        ( 0.0%) 
occluder polygons        0/0               0/0        ( 0.0%) 
occluder vert ind        0/0               0/0        ( 0.0%) 
detail props          [variable]           1/12       ( 8.3%) 
static props          [variable]           1/228      ( 0.4%) 
pakfile               [variable]         354/0        ( 0.0%) 
physics               [variable]        9238/4194304  ( 0.2%) 
physics terrain       [variable]           2/1048576  ( 0.0%) 

Level flags = 0

Total triangle count: 138
Writing c:\program files (x86)\steam\steamapps\sourcemods\who\maps\lift.bsp
0 seconds elapsed



materialPath: C:\Program Files (x86)\Steam\steamapps\sourcemods\who\materials
Loading c:\program files (x86)\steam\steamapps\sourcemods\who\maps\lift.vmf
Could not locate 'GameData' key in c:\program files (x86)\steam\steamapps\sourcemods\who\gameinfo.txt
fixing up env_cubemap materials on brush sides...
0...1...2...3...4...5...6...7...8...9...100...1...2...3...4...5...6...7...8...9...10Processing areas...done (0)
Building Faces...done (0)
FixTjuncs...
PruneNodes...
WriteBSP...
done (0)
writing c:\program files (x86)\steam\steamapps\sourcemods\who\maps\lift.prt...Building visibility clusters...
done (0)
Finding displacement neighbors...
Finding lightmap sample positions...
Displacement Alpha : 0...1...2...3...4...5...6...7...8...9...10
Building Physics collision data...
done (0) (9238 bytes)
Placing detail props : 0...1...2...3...4...5...6...7...8...9...10
Compacting texture/material tables...
Reduced 68 texinfos to 11
Reduced 5 texdatas to 4 (127 bytes to 104)
Writing c:\program files (x86)\steam\steamapps\sourcemods\who\maps\lift.bsp
0 seconds elapsed



8 threads
reading c:\program files (x86)\steam\steamapps\sourcemods\who\maps\lift.bsp
reading c:\program files (x86)\steam\steamapps\sourcemods\who\maps\lift.prt
 104 portalclusters
 304 numportals
0...1...2...3...4...5...6...7...8...9...100...1...2...3...4...5...6...7...8...9...10Optimized: 163 visible clusters (3.86%)
Total clusters visible: 4223
Average clusters visible: 40
Building PAS...
Average clusters audible: 94
visdatasize:3721  compressed from 3328
writing c:\program files (x86)\steam\steamapps\sourcemods\who\maps\lift.bsp
0 seconds elapsed



Could not find lights.rad in lights.rad.
Trying VRAD BIN directory instead...
Warning: Couldn't open texlight file C:\Program Files (x86)\Steam\steamapps\common\source sdk base 2013 singleplayer\bin\lights.rad.
Loading c:\program files (x86)\steam\steamapps\sourcemods\who\maps\lift.bsp
63 faces
14013 square feet [2017886.00 square inches]
0 Displacements
0 Square Feet [0.00 Square Inches]
63 patches before subdivision
653 patches after subdivision
4 direct lights
0...1...2...3...4...5...6...7...8...9...100...1...2...3...4...5...6...7...8...9...10transfers 27223, max 129
transfer lists:   0.2 megs
0...1...2...3...4...5...6...7...8...9...10	Bounce #1 added RGB(1058, 1078, 972)
0...1...2...3...4...5...6...7...8...9...10	Bounce #2 added RGB(405, 421, 342)
0...1...2...3...4...5...6...7...8...9...10	Bounce #3 added RGB(156, 166, 121)
0...1...2...3...4...5...6...7...8...9...10	Bounce #4 added RGB(60, 65, 43)
0...1...2...3...4...5...6...7...8...9...10	Bounce #5 added RGB(23, 26, 15)
0...1...2...3...4...5...6...7...8...9...10	Bounce #6 added RGB(9, 10, 5)
0...1...2...3...4...5...6...7...8...9...10	Bounce #7 added RGB(3, 4, 2)
0...1...2...3...4...5...6...7...8...9...10	Bounce #8 added RGB(1, 2, 1)
0...1...2...3...4...5...6...7...8...9...10	Bounce #9 added RGB(1, 1, 0)
Build Patch/Sample Hash Table(s).....Done<0.0001 sec>
0...1...2...3...4...5...6...7...8...9...10FinalLightFace Done
0 of 0 (0% of) surface lights went in leaf ambient cubes.
0...1...2...3...4...5...6...7...8...9...10Writing leaf ambient...done
Ready to Finish

Object names       Objects/Maxobjs  Memory / Maxmem  Fullness 
------------       ---------------  ---------------  -------- 
models                   3/1024          144/49152    ( 0.3%) 
brushes                 22/8192          264/98304    ( 0.3%) 
brushsides             132/65536        1056/524288   ( 0.2%) 
planes                 220/65536        4400/1310720  ( 0.3%) 
vertexes               341/65536        4092/786432   ( 0.5%) 
nodes                  205/65536        6560/2097152  ( 0.3%) 
texinfos                11/12288         792/884736   ( 0.1%) 
texdata                  4/2048          128/65536    ( 0.2%) 
dispinfos                0/0               0/0        ( 0.0%) 
disp_verts               0/0               0/0        ( 0.0%) 
disp_tris                0/0               0/0        ( 0.0%) 
disp_lmsamples           0/0               0/0        ( 0.0%) 
faces                   63/65536        3528/3670016  ( 0.1%) 
hdr faces                0/65536           0/3670016  ( 0.0%) 
origfaces               24/65536        1344/3670016  ( 0.0%) 
leaves                 209/65536        6688/2097152  ( 0.3%) 
leaffaces              118/65536         236/131072   ( 0.2%) 
leafbrushes             95/65536         190/131072   ( 0.1%) 
areas                    2/256            16/2048     ( 0.8%) 
surfedges              360/512000       1440/2048000  ( 0.1%) 
edges                  227/256000        908/1024000  ( 0.1%) 
LDR worldlights          4/8192          352/720896   ( 0.0%) 
HDR worldlights          0/8192            0/720896   ( 0.0%) 
leafwaterdata            0/32768           0/393216   ( 0.0%) 
waterstrips             27/32768         270/327680   ( 0.1%) 
waterverts               0/65536           0/786432   ( 0.0%) 
waterindices           399/65536         798/131072   ( 0.6%) 
cubemapsamples           1/1024           16/16384    ( 0.1%) 
overlays                 0/512             0/180224   ( 0.0%) 
LDR lightdata         [variable]       13564/0        ( 0.0%) 
HDR lightdata         [variable]           0/0        ( 0.0%) 
visdata               [variable]        3721/16777216 ( 0.0%) 
entdata               [variable]        3513/393216   ( 0.9%) 
LDR ambient table      209/65536         836/262144   ( 0.3%) 
HDR ambient table      209/65536         836/262144   ( 0.3%) 
LDR leaf ambient       689/65536       19292/1835008  ( 1.1%) 
HDR leaf ambient       209/65536        5852/1835008  ( 0.3%) 
occluders                0/0               0/0        ( 0.0%) 
occluder polygons        0/0               0/0        ( 0.0%) 
occluder vert ind        0/0               0/0        ( 0.0%) 
detail props          [variable]           1/12       ( 8.3%) 
static props          [variable]           1/228      ( 0.4%) 
pakfile               [variable]         354/0        ( 0.0%) 
physics               [variable]        9238/4194304  ( 0.2%) 
physics terrain       [variable]           2/1048576  ( 0.0%) 

Level flags = 0

Total triangle count: 138
Writing c:\program files (x86)\steam\steamapps\sourcemods\who\maps\lift.bsp
0 seconds elapsed



Could not find lights.rad in lights.rad.
Trying VRAD BIN directory instead...
Warning: Couldn't open texlight file C:\Program Files (x86)\Steam\steamapps\common\source sdk base 2013 singleplayer\bin\lights.rad.
Loading c:\program files (x86)\steam\steamapps\sourcemods\who\maps\lift.bsp
63 faces
14013 square feet [2017886.00 square inches]
0 Displacements
0 Square Feet [0.00 Square Inches]
63 patches before subdivision
653 patches after subdivision
4 direct lights
0...1...2...3...4...5...6...7...8...9...100...1...2...3...4...5...6...7...8...9...10transfers 27223, max 129
transfer lists:   0.2 megs
0...1...2...3...4...5...6...7...8...9...10	Bounce #1 added RGB(1058, 1078, 972)
0...1...2...3...4...5...6...7...8...9...10	Bounce #2 added RGB(405, 421, 342)
0...1...2...3...4...5...6...7...8...9...10	Bounce #3 added RGB(156, 166, 121)
0...1...2...3...4...5...6...7...8...9...10	Bounce #4 added RGB(60, 65, 43)
0...1...2...3...4...5...6...7...8...9...10	Bounce #5 added RGB(23, 26, 15)
0...1...2...3...4...5...6...7...8...9...10	Bounce #6 added RGB(9, 10, 5)
0...1...2...3...4...5...6...7...8...9...10	Bounce #7 added RGB(3, 4, 2)
0...1...2...3...4...5...6...7...8...9...10	Bounce #8 added RGB(1, 2, 1)
0...1...2...3...4...5...6...7...8...9...10	Bounce #9 added RGB(1, 1, 0)
Build Patch/Sample Hash Table(s).....Done<0.0001 sec>
0...1...2...3...4...5...6...7...8...9...10FinalLightFace Done
0 of 0 (0% of) surface lights went in leaf ambient cubes.
0...1...2...3...4...5...6...7...8...9...10Writing leaf ambient...done
Ready to Finish

Object names       Objects/Maxobjs  Memory / Maxmem  Fullness 
------------       ---------------  ---------------  -------- 
models                   3/1024          144/49152    ( 0.3%) 
brushes                 22/8192          264/98304    ( 0.3%) 
brushsides             132/65536        1056/524288   ( 0.2%) 
planes                 220/65536        4400/1310720  ( 0.3%) 
vertexes               341/65536        4092/786432   ( 0.5%) 
nodes                  205/65536        6560/2097152  ( 0.3%) 
texinfos                11/12288         792/884736   ( 0.1%) 
texdata                  4/2048          128/65536    ( 0.2%) 
dispinfos                0/0               0/0        ( 0.0%) 
disp_verts               0/0               0/0        ( 0.0%) 
disp_tris                0/0               0/0        ( 0.0%) 
disp_lmsamples           0/0               0/0        ( 0.0%) 
faces                   63/65536        3528/3670016  ( 0.1%) 
hdr faces               63/65536        3528/3670016  ( 0.1%) 
origfaces               24/65536        1344/3670016  ( 0.0%) 
leaves                 209/65536        6688/2097152  ( 0.3%) 
leaffaces              118/65536         236/131072   ( 0.2%) 
leafbrushes             95/65536         190/131072   ( 0.1%) 
areas                    2/256            16/2048     ( 0.8%) 
surfedges              360/512000       1440/2048000  ( 0.1%) 
edges                  227/256000        908/1024000  ( 0.1%) 
LDR worldlights          4/8192          352/720896   ( 0.0%) 
HDR worldlights          4/8192          352/720896   ( 0.0%) 
leafwaterdata            0/32768           0/393216   ( 0.0%) 
waterstrips             27/32768         270/327680   ( 0.1%) 
waterverts               0/65536           0/786432   ( 0.0%) 
waterindices           399/65536         798/131072   ( 0.6%) 
cubemapsamples           1/1024           16/16384    ( 0.1%) 
overlays                 0/512             0/180224   ( 0.0%) 
LDR lightdata         [variable]       13564/0        ( 0.0%) 
HDR lightdata         [variable]       13564/0        ( 0.0%) 
visdata               [variable]        3721/16777216 ( 0.0%) 
entdata               [variable]        3513/393216   ( 0.9%) 
LDR ambient table      209/65536         836/262144   ( 0.3%) 
HDR ambient table      209/65536         836/262144   ( 0.3%) 
LDR leaf ambient       689/65536       19292/1835008  ( 1.1%) 
HDR leaf ambient       689/65536       19292/1835008  ( 1.1%) 
occluders                0/0               0/0        ( 0.0%) 
occluder polygons        0/0               0/0        ( 0.0%) 
occluder vert ind        0/0               0/0        ( 0.0%) 
detail props          [variable]           1/12       ( 8.3%) 
static props          [variable]           1/228      ( 0.4%) 
pakfile               [variable]         354/0        ( 0.0%) 
physics               [variable]        9238/4194304  ( 0.2%) 
physics terrain       [variable]           2/1048576  ( 0.0%) 

Level flags = 0

Total triangle count: 138
Writing c:\program files (x86)\steam\steamapps\sourcemods\who\maps\lift.bsp
0 seconds elapsed



materialPath: C:\Program Files (x86)\Steam\steamapps\sourcemods\who\materials
Loading c:\program files (x86)\steam\steamapps\sourcemods\who\maps\lift.vmf
Could not locate 'GameData' key in c:\program files (x86)\steam\steamapps\sourcemods\who\gameinfo.txt
fixing up env_cubemap materials on brush sides...
0...1...2...3...4...5...6...7...8...9...100...1...2...3...4...5...6...7...8...9...10Processing areas...done (0)
Building Faces...done (0)
FixTjuncs...
PruneNodes...
WriteBSP...
done (0)
writing c:\program files (x86)\steam\steamapps\sourcemods\who\maps\lift.prt...Building visibility clusters...
done (0)
Finding displacement neighbors...
Finding lightmap sample positions...
Displacement Alpha : 0...1...2...3...4...5...6...7...8...9...10
Building Physics collision data...
done (0) (9238 bytes)
Placing detail props : 0...1...2...3...4...5...6...7...8...9...10
Compacting texture/material tables...
Reduced 68 texinfos to 11
Reduced 5 texdatas to 4 (127 bytes to 104)
Writing c:\program files (x86)\steam\steamapps\sourcemods\who\maps\lift.bsp
0 seconds elapsed



8 threads
reading c:\program files (x86)\steam\steamapps\sourcemods\who\maps\lift.bsp
reading c:\program files (x86)\steam\steamapps\sourcemods\who\maps\lift.prt
 104 portalclusters
 304 numportals
0...1...2...3...4...5...6...7...8...9...100...1...2...3...4...5...6...7...8...9...10Optimized: 177 visible clusters (4.18%)
Total clusters visible: 4239
Average clusters visible: 40
Building PAS...
Average clusters audible: 94
visdatasize:3719  compressed from 3328
writing c:\program files (x86)\steam\steamapps\sourcemods\who\maps\lift.bsp
0 seconds elapsed



Could not find lights.rad in lights.rad.
Trying VRAD BIN directory instead...
Warning: Couldn't open texlight file C:\Program Files (x86)\Steam\steamapps\common\source sdk base 2013 singleplayer\bin\lights.rad.
Loading c:\program files (x86)\steam\steamapps\sourcemods\who\maps\lift.bsp
63 faces
14013 square feet [2017886.00 square inches]
0 Displacements
0 Square Feet [0.00 Square Inches]
63 patches before subdivision
653 patches after subdivision
4 direct lights
0...1...2...3...4...5...6...7...8...9...100...1...2...3...4...5...6...7...8...9...10transfers 27223, max 129
transfer lists:   0.2 megs
0...1...2...3...4...5...6...7...8...9...10	Bounce #1 added RGB(1058, 1078, 972)
0...1...2...3...4...5...6...7...8...9...10	Bounce #2 added RGB(405, 421, 342)
0...1...2...3...4...5...6...7...8...9...10	Bounce #3 added RGB(156, 166, 121)
0...1...2...3...4...5...6...7...8...9...10	Bounce #4 added RGB(60, 65, 43)
0...1...2...3...4...5...6...7...8...9...10	Bounce #5 added RGB(23, 26, 15)
0...1...2...3...4...5...6...7...8...9...10	Bounce #6 added RGB(9, 10, 5)
0...1...2...3...4...5...6...7...8...9...10	Bounce #7 added RGB(3, 4, 2)
0...1...2...3...4...5...6...7...8...9...10	Bounce #8 added RGB(1, 2, 1)
0...1...2...3...4...5...6...7...8...9...10	Bounce #9 added RGB(1, 1, 0)
Build Patch/Sample Hash Table(s).....Done<0.0001 sec>
0...1...2...3...4...5...6...7...8...9...10FinalLightFace Done
0 of 0 (0% of) surface lights went in leaf ambient cubes.
0...1...2...3...4...5...6...7...8...9...10Writing leaf ambient...done
Ready to Finish

Object names       Objects/Maxobjs  Memory / Maxmem  Fullness 
------------       ---------------  ---------------  -------- 
models                   3/1024          144/49152    ( 0.3%) 
brushes                 22/8192          264/98304    ( 0.3%) 
brushsides             132/65536        1056/524288   ( 0.2%) 
planes                 220/65536        4400/1310720  ( 0.3%) 
vertexes               341/65536        4092/786432   ( 0.5%) 
nodes                  205/65536        6560/2097152  ( 0.3%) 
texinfos                11/12288         792/884736   ( 0.1%) 
texdata                  4/2048          128/65536    ( 0.2%) 
dispinfos                0/0               0/0        ( 0.0%) 
disp_verts               0/0               0/0        ( 0.0%) 
disp_tris                0/0               0/0        ( 0.0%) 
disp_lmsamples           0/0               0/0        ( 0.0%) 
faces                   63/65536        3528/3670016  ( 0.1%) 
hdr faces                0/65536           0/3670016  ( 0.0%) 
origfaces               24/65536        1344/3670016  ( 0.0%) 
leaves                 209/65536        6688/2097152  ( 0.3%) 
leaffaces              118/65536         236/131072   ( 0.2%) 
leafbrushes             95/65536         190/131072   ( 0.1%) 
areas                    2/256            16/2048     ( 0.8%) 
surfedges              360/512000       1440/2048000  ( 0.1%) 
edges                  227/256000        908/1024000  ( 0.1%) 
LDR worldlights          4/8192          352/720896   ( 0.0%) 
HDR worldlights          0/8192            0/720896   ( 0.0%) 
leafwaterdata            0/32768           0/393216   ( 0.0%) 
waterstrips             27/32768         270/327680   ( 0.1%) 
waterverts               0/65536           0/786432   ( 0.0%) 
waterindices           399/65536         798/131072   ( 0.6%) 
cubemapsamples           1/1024           16/16384    ( 0.1%) 
overlays                 0/512             0/180224   ( 0.0%) 
LDR lightdata         [variable]       13564/0        ( 0.0%) 
HDR lightdata         [variable]           0/0        ( 0.0%) 
visdata               [variable]        3719/16777216 ( 0.0%) 
entdata               [variable]        3513/393216   ( 0.9%) 
LDR ambient table      209/65536         836/262144   ( 0.3%) 
HDR ambient table      209/65536         836/262144   ( 0.3%) 
LDR leaf ambient       689/65536       19292/1835008  ( 1.1%) 
HDR leaf ambient       209/65536        5852/1835008  ( 0.3%) 
occluders                0/0               0/0        ( 0.0%) 
occluder polygons        0/0               0/0        ( 0.0%) 
occluder vert ind        0/0               0/0        ( 0.0%) 
detail props          [variable]           1/12       ( 8.3%) 
static props          [variable]           1/228      ( 0.4%) 
pakfile               [variable]         354/0        ( 0.0%) 
physics               [variable]        9238/4194304  ( 0.2%) 
physics terrain       [variable]           2/1048576  ( 0.0%) 

Level flags = 0

Total triangle count: 138
Writing c:\program files (x86)\steam\steamapps\sourcemods\who\maps\lift.bsp
0 seconds elapsed



Could not find lights.rad in lights.rad.
Trying VRAD BIN directory instead...
Warning: Couldn't open texlight file C:\Program Files (x86)\Steam\steamapps\common\source sdk base 2013 singleplayer\bin\lights.rad.
Loading c:\program files (x86)\steam\steamapps\sourcemods\who\maps\lift.bsp
63 faces
14013 square feet [2017886.00 square inches]
0 Displacements
0 Square Feet [0.00 Square Inches]
63 patches before subdivision
653 patches after subdivision
4 direct lights
0...1...2...3...4...5...6...7...8...9...100...1...2...3...4...5...6...7...8...9...10transfers 27223, max 129
transfer lists:   0.2 megs
0...1...2...3...4...5...6...7...8...9...10	Bounce #1 added RGB(1058, 1078, 972)
0...1...2...3...4...5...6...7...8...9...10	Bounce #2 added RGB(405, 421, 342)
0...1...2...3...4...5...6...7...8...9...10	Bounce #3 added RGB(156, 166, 121)
0...1...2...3...4...5...6...7...8...9...10	Bounce #4 added RGB(60, 65, 43)
0...1...2...3...4...5...6...7...8...9...10	Bounce #5 added RGB(23, 26, 15)
0...1...2...3...4...5...6...7...8...9...10	Bounce #6 added RGB(9, 10, 5)
0...1...2...3...4...5...6...7...8...9...10	Bounce #7 added RGB(3, 4, 2)
0...1...2...3...4...5...6...7...8...9...10	Bounce #8 added RGB(1, 2, 1)
0...1...2...3...4...5...6...7...8...9...10	Bounce #9 added RGB(1, 1, 0)
Build Patch/Sample Hash Table(s).....Done<0.0001 sec>
0...1...2...3...4...5...6...7...8...9...10FinalLightFace Done
0 of 0 (0% of) surface lights went in leaf ambient cubes.
0...1...2...3...4...5...6...7...8...9...10Writing leaf ambient...done
Ready to Finish

Object names       Objects/Maxobjs  Memory / Maxmem  Fullness 
------------       ---------------  ---------------  -------- 
models                   3/1024          144/49152    ( 0.3%) 
brushes                 22/8192          264/98304    ( 0.3%) 
brushsides             132/65536        1056/524288   ( 0.2%) 
planes                 220/65536        4400/1310720  ( 0.3%) 
vertexes               341/65536        4092/786432   ( 0.5%) 
nodes                  205/65536        6560/2097152  ( 0.3%) 
texinfos                11/12288         792/884736   ( 0.1%) 
texdata                  4/2048          128/65536    ( 0.2%) 
dispinfos                0/0               0/0        ( 0.0%) 
disp_verts               0/0               0/0        ( 0.0%) 
disp_tris                0/0               0/0        ( 0.0%) 
disp_lmsamples           0/0               0/0        ( 0.0%) 
faces                   63/65536        3528/3670016  ( 0.1%) 
hdr faces               63/65536        3528/3670016  ( 0.1%) 
origfaces               24/65536        1344/3670016  ( 0.0%) 
leaves                 209/65536        6688/2097152  ( 0.3%) 
leaffaces              118/65536         236/131072   ( 0.2%) 
leafbrushes             95/65536         190/131072   ( 0.1%) 
areas                    2/256            16/2048     ( 0.8%) 
surfedges              360/512000       1440/2048000  ( 0.1%) 
edges                  227/256000        908/1024000  ( 0.1%) 
LDR worldlights          4/8192          352/720896   ( 0.0%) 
HDR worldlights          4/8192          352/720896   ( 0.0%) 
leafwaterdata            0/32768           0/393216   ( 0.0%) 
waterstrips             27/32768         270/327680   ( 0.1%) 
waterverts               0/65536           0/786432   ( 0.0%) 
waterindices           399/65536         798/131072   ( 0.6%) 
cubemapsamples           1/1024           16/16384    ( 0.1%) 
overlays                 0/512             0/180224   ( 0.0%) 
LDR lightdata         [variable]       13564/0        ( 0.0%) 
HDR lightdata         [variable]       13564/0        ( 0.0%) 
visdata               [variable]        3719/16777216 ( 0.0%) 
entdata               [variable]        3513/393216   ( 0.9%) 
LDR ambient table      209/65536         836/262144   ( 0.3%) 
HDR ambient table      209/65536         836/262144   ( 0.3%) 
LDR leaf ambient       689/65536       19292/1835008  ( 1.1%) 
HDR leaf ambient       689/65536       19292/1835008  ( 1.1%) 
occluders                0/0               0/0        ( 0.0%) 
occluder polygons        0/0               0/0        ( 0.0%) 
occluder vert ind        0/0               0/0        ( 0.0%) 
detail props          [variable]           1/12       ( 8.3%) 
static props          [variable]           1/228      ( 0.4%) 
pakfile               [variable]         354/0        ( 0.0%) 
physics               [variable]        9238/4194304  ( 0.2%) 
physics terrain       [variable]           2/1048576  ( 0.0%) 

Level flags = 0

Total triangle count: 138
Writing c:\program files (x86)\steam\steamapps\sourcemods\who\maps\lift.bsp
0 seconds elapsed



materialPath: C:\Program Files (x86)\Steam\steamapps\sourcemods\who\materials
Loading c:\program files (x86)\steam\steamapps\sourcemods\who\maps\lift.vmf
Could not locate 'GameData' key in c:\program files (x86)\steam\steamapps\sourcemods\who\gameinfo.txt
fixing up env_cubemap materials on brush sides...
0...1...2...3...4...5...6...7...8...9...100...1...2...3...4...5...6...7...8...9...10Processing areas...done (0)
Building Faces...done (0)
FixTjuncs...
PruneNodes...
WriteBSP...
done (0)
writing c:\program files (x86)\steam\steamapps\sourcemods\who\maps\lift.prt...Building visibility clusters...
done (0)
Finding displacement neighbors...
Finding lightmap sample positions...
Displacement Alpha : 0...1...2...3...4...5...6...7...8...9...10
Building Physics collision data...
done (0) (9238 bytes)
Placing detail props : 0...1...2...3...4...5...6...7...8...9...10
Compacting texture/material tables...
Reduced 68 texinfos to 11
Reduced 5 texdatas to 4 (127 bytes to 104)
Writing c:\program files (x86)\steam\steamapps\sourcemods\who\maps\lift.bsp
0 seconds elapsed



8 threads
reading c:\program files (x86)\steam\steamapps\sourcemods\who\maps\lift.bsp
reading c:\program files (x86)\steam\steamapps\sourcemods\who\maps\lift.prt
 104 portalclusters
 304 numportals
0...1...2...3...4...5...6...7...8...9...100...1...2...3...4...5...6...7...8...9...10Optimized: 177 visible clusters (4.18%)
Total clusters visible: 4239
Average clusters visible: 40
Building PAS...
Average clusters audible: 94
visdatasize:3719  compressed from 3328
writing c:\program files (x86)\steam\steamapps\sourcemods\who\maps\lift.bsp
0 seconds elapsed



Could not find lights.rad in lights.rad.
Trying VRAD BIN directory instead...
Warning: Couldn't open texlight file C:\Program Files (x86)\Steam\steamapps\common\source sdk base 2013 singleplayer\bin\lights.rad.
Loading c:\program files (x86)\steam\steamapps\sourcemods\who\maps\lift.bsp
63 faces
14013 square feet [2017886.00 square inches]
0 Displacements
0 Square Feet [0.00 Square Inches]
63 patches before subdivision
653 patches after subdivision
4 direct lights
0...1...2...3...4...5...6...7...8...9...100...1...2...3...4...5...6...7...8...9...10transfers 27223, max 129
transfer lists:   0.2 megs
0...1...2...3...4...5...6...7...8...9...10	Bounce #1 added RGB(1058, 1078, 972)
0...1...2...3...4...5...6...7...8...9...10	Bounce #2 added RGB(405, 421, 342)
0...1...2...3...4...5...6...7...8...9...10	Bounce #3 added RGB(156, 166, 121)
0...1...2...3...4...5...6...7...8...9...10	Bounce #4 added RGB(60, 65, 43)
0...1...2...3...4...5...6...7...8...9...10	Bounce #5 added RGB(23, 26, 15)
0...1...2...3...4...5...6...7...8...9...10	Bounce #6 added RGB(9, 10, 5)
0...1...2...3...4...5...6...7...8...9...10	Bounce #7 added RGB(3, 4, 2)
0...1...2...3...4...5...6...7...8...9...10	Bounce #8 added RGB(1, 2, 1)
0...1...2...3...4...5...6...7...8...9...10	Bounce #9 added RGB(1, 1, 0)
Build Patch/Sample Hash Table(s).....Done<0.0001 sec>
0...1...2...3...4...5...6...7...8...9...10FinalLightFace Done
0 of 0 (0% of) surface lights went in leaf ambient cubes.
0...1...2...3...4...5...6...7...8...9...10Writing leaf ambient...done
Ready to Finish

Object names       Objects/Maxobjs  Memory / Maxmem  Fullness 
------------       ---------------  ---------------  -------- 
models                   3/1024          144/49152    ( 0.3%) 
brushes                 22/8192          264/98304    ( 0.3%) 
brushsides             132/65536        1056/524288   ( 0.2%) 
planes                 220/65536        4400/1310720  ( 0.3%) 
vertexes               341/65536        4092/786432   ( 0.5%) 
nodes                  205/65536        6560/2097152  ( 0.3%) 
texinfos                11/12288         792/884736   ( 0.1%) 
texdata                  4/2048          128/65536    ( 0.2%) 
dispinfos                0/0               0/0        ( 0.0%) 
disp_verts               0/0               0/0        ( 0.0%) 
disp_tris                0/0               0/0        ( 0.0%) 
disp_lmsamples           0/0               0/0        ( 0.0%) 
faces                   63/65536        3528/3670016  ( 0.1%) 
hdr faces                0/65536           0/3670016  ( 0.0%) 
origfaces               24/65536        1344/3670016  ( 0.0%) 
leaves                 209/65536        6688/2097152  ( 0.3%) 
leaffaces              118/65536         236/131072   ( 0.2%) 
leafbrushes             95/65536         190/131072   ( 0.1%) 
areas                    2/256            16/2048     ( 0.8%) 
surfedges              360/512000       1440/2048000  ( 0.1%) 
edges                  227/256000        908/1024000  ( 0.1%) 
LDR worldlights          4/8192          352/720896   ( 0.0%) 
HDR worldlights          0/8192            0/720896   ( 0.0%) 
leafwaterdata            0/32768           0/393216   ( 0.0%) 
waterstrips             27/32768         270/327680   ( 0.1%) 
waterverts               0/65536           0/786432   ( 0.0%) 
waterindices           399/65536         798/131072   ( 0.6%) 
cubemapsamples           1/1024           16/16384    ( 0.1%) 
overlays                 0/512             0/180224   ( 0.0%) 
LDR lightdata         [variable]       13564/0        ( 0.0%) 
HDR lightdata         [variable]           0/0        ( 0.0%) 
visdata               [variable]        3719/16777216 ( 0.0%) 
entdata               [variable]        3513/393216   ( 0.9%) 
LDR ambient table      209/65536         836/262144   ( 0.3%) 
HDR ambient table      209/65536         836/262144   ( 0.3%) 
LDR leaf ambient       689/65536       19292/1835008  ( 1.1%) 
HDR leaf ambient       209/65536        5852/1835008  ( 0.3%) 
occluders                0/0               0/0        ( 0.0%) 
occluder polygons        0/0               0/0        ( 0.0%) 
occluder vert ind        0/0               0/0        ( 0.0%) 
detail props          [variable]           1/12       ( 8.3%) 
static props          [variable]           1/228      ( 0.4%) 
pakfile               [variable]         354/0        ( 0.0%) 
physics               [variable]        9238/4194304  ( 0.2%) 
physics terrain       [variable]           2/1048576  ( 0.0%) 

Level flags = 0

Total triangle count: 138
Writing c:\program files (x86)\steam\steamapps\sourcemods\who\maps\lift.bsp
0 seconds elapsed



Could not find lights.rad in lights.rad.
Trying VRAD BIN directory instead...
Warning: Couldn't open texlight file C:\Program Files (x86)\Steam\steamapps\common\source sdk base 2013 singleplayer\bin\lights.rad.
Loading c:\program files (x86)\steam\steamapps\sourcemods\who\maps\lift.bsp
63 faces
14013 square feet [2017886.00 square inches]
0 Displacements
0 Square Feet [0.00 Square Inches]
63 patches before subdivision
653 patches after subdivision
4 direct lights
0...1...2...3...4...5...6...7...8...9...100...1...2...3...4...5...6...7...8...9...10transfers 27223, max 129
transfer lists:   0.2 megs
0...1...2...3...4...5...6...7...8...9...10	Bounce #1 added RGB(1058, 1078, 972)
0...1...2...3...4...5...6...7...8...9...10	Bounce #2 added RGB(405, 421, 342)
0...1...2...3...4...5...6...7...8...9...10	Bounce #3 added RGB(156, 166, 121)
0...1...2...3...4...5...6...7...8...9...10	Bounce #4 added RGB(60, 65, 43)
0...1...2...3...4...5...6...7...8...9...10	Bounce #5 added RGB(23, 26, 15)
0...1...2...3...4...5...6...7...8...9...10	Bounce #6 added RGB(9, 10, 5)
0...1...2...3...4...5...6...7...8...9...10	Bounce #7 added RGB(3, 4, 2)
0...1...2...3...4...5...6...7...8...9...10	Bounce #8 added RGB(1, 2, 1)
0...1...2...3...4...5...6...7...8...9...10	Bounce #9 added RGB(1, 1, 0)
Build Patch/Sample Hash Table(s).....Done<0.0001 sec>
0...1...2...3...4...5...6...7...8...9...10FinalLightFace Done
0 of 0 (0% of) surface lights went in leaf ambient cubes.
0...1...2...3...4...5...6...7...8...9...10Writing leaf ambient...done
Ready to Finish

Object names       Objects/Maxobjs  Memory / Maxmem  Fullness 
------------       ---------------  ---------------  -------- 
models                   3/1024          144/49152    ( 0.3%) 
brushes                 22/8192          264/98304    ( 0.3%) 
brushsides             132/65536        1056/524288   ( 0.2%) 
planes                 220/65536        4400/1310720  ( 0.3%) 
vertexes               341/65536        4092/786432   ( 0.5%) 
nodes                  205/65536        6560/2097152  ( 0.3%) 
texinfos                11/12288         792/884736   ( 0.1%) 
texdata                  4/2048          128/65536    ( 0.2%) 
dispinfos                0/0               0/0        ( 0.0%) 
disp_verts               0/0               0/0        ( 0.0%) 
disp_tris                0/0               0/0        ( 0.0%) 
disp_lmsamples           0/0               0/0        ( 0.0%) 
faces                   63/65536        3528/3670016  ( 0.1%) 
hdr faces               63/65536        3528/3670016  ( 0.1%) 
origfaces               24/65536        1344/3670016  ( 0.0%) 
leaves                 209/65536        6688/2097152  ( 0.3%) 
leaffaces              118/65536         236/131072   ( 0.2%) 
leafbrushes             95/65536         190/131072   ( 0.1%) 
areas                    2/256            16/2048     ( 0.8%) 
surfedges              360/512000       1440/2048000  ( 0.1%) 
edges                  227/256000        908/1024000  ( 0.1%) 
LDR worldlights          4/8192          352/720896   ( 0.0%) 
HDR worldlights          4/8192          352/720896   ( 0.0%) 
leafwaterdata            0/32768           0/393216   ( 0.0%) 
waterstrips             27/32768         270/327680   ( 0.1%) 
waterverts               0/65536           0/786432   ( 0.0%) 
waterindices           399/65536         798/131072   ( 0.6%) 
cubemapsamples           1/1024           16/16384    ( 0.1%) 
overlays                 0/512             0/180224   ( 0.0%) 
LDR lightdata         [variable]       13564/0        ( 0.0%) 
HDR lightdata         [variable]       13564/0        ( 0.0%) 
visdata               [variable]        3719/16777216 ( 0.0%) 
entdata               [variable]        3513/393216   ( 0.9%) 
LDR ambient table      209/65536         836/262144   ( 0.3%) 
HDR ambient table      209/65536         836/262144   ( 0.3%) 
LDR leaf ambient       689/65536       19292/1835008  ( 1.1%) 
HDR leaf ambient       689/65536       19292/1835008  ( 1.1%) 
occluders                0/0               0/0        ( 0.0%) 
occluder polygons        0/0               0/0        ( 0.0%) 
occluder vert ind        0/0               0/0        ( 0.0%) 
detail props          [variable]           1/12       ( 8.3%) 
static props          [variable]           1/228      ( 0.4%) 
pakfile               [variable]         354/0        ( 0.0%) 
physics               [variable]        9238/4194304  ( 0.2%) 
physics terrain       [variable]           2/1048576  ( 0.0%) 

Level flags = 0

Total triangle count: 138
Writing c:\program files (x86)\steam\steamapps\sourcemods\who\maps\lift.bsp
0 seconds elapsed



materialPath: C:\Program Files (x86)\Steam\steamapps\sourcemods\who\materials
Loading c:\program files (x86)\steam\steamapps\sourcemods\who\maps\lift.vmf
Could not locate 'GameData' key in c:\program files (x86)\steam\steamapps\sourcemods\who\gameinfo.txt
fixing up env_cubemap materials on brush sides...
0...1...2...3...4...5...6...7...8...9...100...1...2...3...4...5...6...7...8...9...10Processing areas...done (0)
Building Faces...done (0)
FixTjuncs...
PruneNodes...
WriteBSP...
done (0)
writing c:\program files (x86)\steam\steamapps\sourcemods\who\maps\lift.prt...Building visibility clusters...
done (0)
Finding displacement neighbors...
Finding lightmap sample positions...
Displacement Alpha : 0...1...2...3...4...5...6...7...8...9...10
Building Physics collision data...
done (0) (9238 bytes)
Placing detail props : 0...1...2...3...4...5...6...7...8...9...10
Compacting texture/material tables...
Reduced 68 texinfos to 11
Reduced 5 texdatas to 4 (127 bytes to 104)
Writing c:\program files (x86)\steam\steamapps\sourcemods\who\maps\lift.bsp
0 seconds elapsed



6 threads
reading c:\program files (x86)\steam\steamapps\sourcemods\who\maps\lift.bsp
reading c:\program files (x86)\steam\steamapps\sourcemods\who\maps\lift.prt
 104 portalclusters
 304 numportals
0...1...2...3...4...5...6...7...8...9...100...1...2...3...4...5...6...7...8...9...10Optimized: 177 visible clusters (4.18%)
Total clusters visible: 4239
Average clusters visible: 40
Building PAS...
Average clusters audible: 94
visdatasize:3719  compressed from 3328
writing c:\program files (x86)\steam\steamapps\sourcemods\who\maps\lift.bsp
0 seconds elapsed



Could not find lights.rad in lights.rad.
Trying VRAD BIN directory instead...
Warning: Couldn't open texlight file C:\Program Files (x86)\Steam\steamapps\common\Source SDK Base 2013 Singleplayer\bin\lights.rad.
Loading c:\program files (x86)\steam\steamapps\sourcemods\who\maps\lift.bsp
63 faces
14013 square feet [2017886.00 square inches]
0 Displacements
0 Square Feet [0.00 Square Inches]
63 patches before subdivision
653 patches after subdivision
5 direct lights
0...1...2...3...4...5...6...7...8...9...100...1...2...3...4...5...6...7...8...9...10transfers 27223, max 129
transfer lists:   0.2 megs
0...1...2...3...4...5...6...7...8...9...10	Bounce #1 added RGB(308, 313, 283)
0...1...2...3...4...5...6...7...8...9...10	Bounce #2 added RGB(110, 114, 93)
0...1...2...3...4...5...6...7...8...9...10	Bounce #3 added RGB(41, 43, 32)
0...1...2...3...4...5...6...7...8...9...10	Bounce #4 added RGB(16, 17, 11)
0...1...2...3...4...5...6...7...8...9...10	Bounce #5 added RGB(6, 6, 4)
0...1...2...3...4...5...6...7...8...9...10	Bounce #6 added RGB(2, 3, 1)
0...1...2...3...4...5...6...7...8...9...10	Bounce #7 added RGB(1, 1, 0)
Build Patch/Sample Hash Table(s).....Done<0.0001 sec>
0...1...2...3...4...5...6...7...8...9...10FinalLightFace Done
0 of 0 (0% of) surface lights went in leaf ambient cubes.
0...1...2...3...4...5...6...7...8...9...10Writing leaf ambient...done
Ready to Finish

Object names       Objects/Maxobjs  Memory / Maxmem  Fullness 
------------       ---------------  ---------------  -------- 
models                   3/1024          144/49152    ( 0.3%) 
brushes                 22/8192          264/98304    ( 0.3%) 
brushsides             132/65536        1056/524288   ( 0.2%) 
planes                 220/65536        4400/1310720  ( 0.3%) 
vertexes               341/65536        4092/786432   ( 0.5%) 
nodes                  205/65536        6560/2097152  ( 0.3%) 
texinfos                11/12288         792/884736   ( 0.1%) 
texdata                  4/2048          128/65536    ( 0.2%) 
dispinfos                0/0               0/0        ( 0.0%) 
disp_verts               0/0               0/0        ( 0.0%) 
disp_tris                0/0               0/0        ( 0.0%) 
disp_lmsamples           0/0               0/0        ( 0.0%) 
faces                   63/65536        3528/3670016  ( 0.1%) 
hdr faces                0/65536           0/3670016  ( 0.0%) 
origfaces               24/65536        1344/3670016  ( 0.0%) 
leaves                 209/65536        6688/2097152  ( 0.3%) 
leaffaces              118/65536         236/131072   ( 0.2%) 
leafbrushes             95/65536         190/131072   ( 0.1%) 
areas                    2/256            16/2048     ( 0.8%) 
surfedges              360/512000       1440/2048000  ( 0.1%) 
edges                  227/256000        908/1024000  ( 0.1%) 
LDR worldlights          5/8192          440/720896   ( 0.1%) 
HDR worldlights          0/8192            0/720896   ( 0.0%) 
leafwaterdata            0/32768           0/393216   ( 0.0%) 
waterstrips             27/32768         270/327680   ( 0.1%) 
waterverts               0/65536           0/786432   ( 0.0%) 
waterindices           399/65536         798/131072   ( 0.6%) 
cubemapsamples           1/1024           16/16384    ( 0.1%) 
overlays                 0/512             0/180224   ( 0.0%) 
LDR lightdata         [variable]       13564/0        ( 0.0%) 
HDR lightdata         [variable]           0/0        ( 0.0%) 
visdata               [variable]        3719/16777216 ( 0.0%) 
entdata               [variable]        5027/393216   ( 1.3%) 
LDR ambient table      209/65536         836/262144   ( 0.3%) 
HDR ambient table      209/65536         836/262144   ( 0.3%) 
LDR leaf ambient       569/65536       15932/1835008  ( 0.9%) 
HDR leaf ambient       209/65536        5852/1835008  ( 0.3%) 
occluders                0/0               0/0        ( 0.0%) 
occluder polygons        0/0               0/0        ( 0.0%) 
occluder vert ind        0/0               0/0        ( 0.0%) 
detail props          [variable]           1/12       ( 8.3%) 
static props          [variable]           1/228      ( 0.4%) 
pakfile               [variable]         354/0        ( 0.0%) 
physics               [variable]        9238/4194304  ( 0.2%) 
physics terrain       [variable]           2/1048576  ( 0.0%) 

Level flags = 0

Total triangle count: 138
Writing c:\program files (x86)\steam\steamapps\sourcemods\who\maps\lift.bsp
0 seconds elapsed



Could not find lights.rad in lights.rad.
Trying VRAD BIN directory instead...
Warning: Couldn't open texlight file C:\Program Files (x86)\Steam\steamapps\common\Source SDK Base 2013 Singleplayer\bin\lights.rad.
Loading c:\program files (x86)\steam\steamapps\sourcemods\who\maps\lift.bsp
63 faces
14013 square feet [2017886.00 square inches]
0 Displacements
0 Square Feet [0.00 Square Inches]
63 patches before subdivision
653 patches after subdivision
5 direct lights
0...1...2...3...4...5...6...7...8...9...100...1...2...3...4...5...6...7...8...9...10transfers 27223, max 129
transfer lists:   0.2 megs
0...1...2...3...4...5...6...7...8...9...10	Bounce #1 added RGB(308, 313, 283)
0...1...2...3...4...5...6...7...8...9...10	Bounce #2 added RGB(110, 114, 93)
0...1...2...3...4...5...6...7...8...9...10	Bounce #3 added RGB(41, 43, 32)
0...1...2...3...4...5...6...7...8...9...10	Bounce #4 added RGB(16, 17, 11)
0...1...2...3...4...5...6...7...8...9...10	Bounce #5 added RGB(6, 6, 4)
0...1...2...3...4...5...6...7...8...9...10	Bounce #6 added RGB(2, 3, 1)
0...1...2...3...4...5...6...7...8...9...10	Bounce #7 added RGB(1, 1, 0)
Build Patch/Sample Hash Table(s).....Done<0.0001 sec>
0...1...2...3...4...5...6...7...8...9...10FinalLightFace Done
0 of 0 (0% of) surface lights went in leaf ambient cubes.
0...1...2...3...4...5...6...7...8...9...10Writing leaf ambient...done
Ready to Finish

Object names       Objects/Maxobjs  Memory / Maxmem  Fullness 
------------       ---------------  ---------------  -------- 
models                   3/1024          144/49152    ( 0.3%) 
brushes                 22/8192          264/98304    ( 0.3%) 
brushsides             132/65536        1056/524288   ( 0.2%) 
planes                 220/65536        4400/1310720  ( 0.3%) 
vertexes               341/65536        4092/786432   ( 0.5%) 
nodes                  205/65536        6560/2097152  ( 0.3%) 
texinfos                11/12288         792/884736   ( 0.1%) 
texdata                  4/2048          128/65536    ( 0.2%) 
dispinfos                0/0               0/0        ( 0.0%) 
disp_verts               0/0               0/0        ( 0.0%) 
disp_tris                0/0               0/0        ( 0.0%) 
disp_lmsamples           0/0               0/0        ( 0.0%) 
faces                   63/65536        3528/3670016  ( 0.1%) 
hdr faces               63/65536        3528/3670016  ( 0.1%) 
origfaces               24/65536        1344/3670016  ( 0.0%) 
leaves                 209/65536        6688/2097152  ( 0.3%) 
leaffaces              118/65536         236/131072   ( 0.2%) 
leafbrushes             95/65536         190/131072   ( 0.1%) 
areas                    2/256            16/2048     ( 0.8%) 
surfedges              360/512000       1440/2048000  ( 0.1%) 
edges                  227/256000        908/1024000  ( 0.1%) 
LDR worldlights          5/8192          440/720896   ( 0.1%) 
HDR worldlights          5/8192          440/720896   ( 0.1%) 
leafwaterdata            0/32768           0/393216   ( 0.0%) 
waterstrips             27/32768         270/327680   ( 0.1%) 
waterverts               0/65536           0/786432   ( 0.0%) 
waterindices           399/65536         798/131072   ( 0.6%) 
cubemapsamples           1/1024           16/16384    ( 0.1%) 
overlays                 0/512             0/180224   ( 0.0%) 
LDR lightdata         [variable]       13564/0        ( 0.0%) 
HDR lightdata         [variable]       13564/0        ( 0.0%) 
visdata               [variable]        3719/16777216 ( 0.0%) 
entdata               [variable]        5027/393216   ( 1.3%) 
LDR ambient table      209/65536         836/262144   ( 0.3%) 
HDR ambient table      209/65536         836/262144   ( 0.3%) 
LDR leaf ambient       569/65536       15932/1835008  ( 0.9%) 
HDR leaf ambient       569/65536       15932/1835008  ( 0.9%) 
occluders                0/0               0/0        ( 0.0%) 
occluder polygons        0/0               0/0        ( 0.0%) 
occluder vert ind        0/0               0/0        ( 0.0%) 
detail props          [variable]           1/12       ( 8.3%) 
static props          [variable]           1/228      ( 0.4%) 
pakfile               [variable]         354/0        ( 0.0%) 
physics               [variable]        9238/4194304  ( 0.2%) 
physics terrain       [variable]           2/1048576  ( 0.0%) 

Level flags = 0

Total triangle count: 138
Writing c:\program files (x86)\steam\steamapps\sourcemods\who\maps\lift.bsp
0 seconds elapsed



materialPath: C:\Program Files (x86)\Steam\steamapps\sourcemods\who\materials
Loading c:\program files (x86)\steam\steamapps\sourcemods\who\maps\lift.vmf
Could not locate 'GameData' key in c:\program files (x86)\steam\steamapps\sourcemods\who\gameinfo.txt
fixing up env_cubemap materials on brush sides...
0...1...2...3...4...5...6...7...8...9...100...1...2...3...4...5...6...7...8...9...10Processing areas...done (0)
Building Faces...done (0)
FixTjuncs...
PruneNodes...
WriteBSP...
done (0)
writing c:\program files (x86)\steam\steamapps\sourcemods\who\maps\lift.prt...Building visibility clusters...
done (0)
Finding displacement neighbors...
Finding lightmap sample positions...
Displacement Alpha : 0...1...2...3...4...5...6...7...8...9...10
Building Physics collision data...
done (0) (9238 bytes)
Placing detail props : 0...1...2...3...4...5...6...7...8...9...10
Compacting texture/material tables...
Reduced 68 texinfos to 11
Reduced 5 texdatas to 4 (127 bytes to 104)
Writing c:\program files (x86)\steam\steamapps\sourcemods\who\maps\lift.bsp
0 seconds elapsed



6 threads
reading c:\program files (x86)\steam\steamapps\sourcemods\who\maps\lift.bsp
reading c:\program files (x86)\steam\steamapps\sourcemods\who\maps\lift.prt
 104 portalclusters
 304 numportals
0...1...2...3...4...5...6...7...8...9...100...1...2...3...4...5...6...7...8...9...10Optimized: 177 visible clusters (4.18%)
Total clusters visible: 4239
Average clusters visible: 40
Building PAS...
Average clusters audible: 94
visdatasize:3719  compressed from 3328
writing c:\program files (x86)\steam\steamapps\sourcemods\who\maps\lift.bsp
0 seconds elapsed



Could not find lights.rad in lights.rad.
Trying VRAD BIN directory instead...
Warning: Couldn't open texlight file C:\Program Files (x86)\Steam\steamapps\common\Source SDK Base 2013 Singleplayer\bin\lights.rad.
Loading c:\program files (x86)\steam\steamapps\sourcemods\who\maps\lift.bsp
63 faces
14013 square feet [2017886.00 square inches]
0 Displacements
0 Square Feet [0.00 Square Inches]
63 patches before subdivision
653 patches after subdivision
5 direct lights
0...1...2...3...4...5...6...7...8...9...100...1...2...3...4...5...6...7...8...9...10transfers 27223, max 129
transfer lists:   0.2 megs
0...1...2...3...4...5...6...7...8...9...10	Bounce #1 added RGB(308, 313, 283)
0...1...2...3...4...5...6...7...8...9...10	Bounce #2 added RGB(110, 114, 93)
0...1...2...3...4...5...6...7...8...9...10	Bounce #3 added RGB(41, 43, 32)
0...1...2...3...4...5...6...7...8...9...10	Bounce #4 added RGB(16, 17, 11)
0...1...2...3...4...5...6...7...8...9...10	Bounce #5 added RGB(6, 6, 4)
0...1...2...3...4...5...6...7...8...9...10	Bounce #6 added RGB(2, 3, 1)
0...1...2...3...4...5...6...7...8...9...10	Bounce #7 added RGB(1, 1, 0)
Build Patch/Sample Hash Table(s).....Done<0.0001 sec>
0...1...2...3...4...5...6...7...8...9...10FinalLightFace Done
0 of 0 (0% of) surface lights went in leaf ambient cubes.
0...1...2...3...4...5...6...7...8...9...10Writing leaf ambient...done
Ready to Finish

Object names       Objects/Maxobjs  Memory / Maxmem  Fullness 
------------       ---------------  ---------------  -------- 
models                   3/1024          144/49152    ( 0.3%) 
brushes                 22/8192          264/98304    ( 0.3%) 
brushsides             132/65536        1056/524288   ( 0.2%) 
planes                 220/65536        4400/1310720  ( 0.3%) 
vertexes               341/65536        4092/786432   ( 0.5%) 
nodes                  205/65536        6560/2097152  ( 0.3%) 
texinfos                11/12288         792/884736   ( 0.1%) 
texdata                  4/2048          128/65536    ( 0.2%) 
dispinfos                0/0               0/0        ( 0.0%) 
disp_verts               0/0               0/0        ( 0.0%) 
disp_tris                0/0               0/0        ( 0.0%) 
disp_lmsamples           0/0               0/0        ( 0.0%) 
faces                   63/65536        3528/3670016  ( 0.1%) 
hdr faces                0/65536           0/3670016  ( 0.0%) 
origfaces               24/65536        1344/3670016  ( 0.0%) 
leaves                 209/65536        6688/2097152  ( 0.3%) 
leaffaces              118/65536         236/131072   ( 0.2%) 
leafbrushes             95/65536         190/131072   ( 0.1%) 
areas                    2/256            16/2048     ( 0.8%) 
surfedges              360/512000       1440/2048000  ( 0.1%) 
edges                  227/256000        908/1024000  ( 0.1%) 
LDR worldlights          5/8192          440/720896   ( 0.1%) 
HDR worldlights          0/8192            0/720896   ( 0.0%) 
leafwaterdata            0/32768           0/393216   ( 0.0%) 
waterstrips             27/32768         270/327680   ( 0.1%) 
waterverts               0/65536           0/786432   ( 0.0%) 
waterindices           399/65536         798/131072   ( 0.6%) 
cubemapsamples           1/1024           16/16384    ( 0.1%) 
overlays                 0/512             0/180224   ( 0.0%) 
LDR lightdata         [variable]       13564/0        ( 0.0%) 
HDR lightdata         [variable]           0/0        ( 0.0%) 
visdata               [variable]        3719/16777216 ( 0.0%) 
entdata               [variable]        5083/393216   ( 1.3%) 
LDR ambient table      209/65536         836/262144   ( 0.3%) 
HDR ambient table      209/65536         836/262144   ( 0.3%) 
LDR leaf ambient       569/65536       15932/1835008  ( 0.9%) 
HDR leaf ambient       209/65536        5852/1835008  ( 0.3%) 
occluders                0/0               0/0        ( 0.0%) 
occluder polygons        0/0               0/0        ( 0.0%) 
occluder vert ind        0/0               0/0        ( 0.0%) 
detail props          [variable]           1/12       ( 8.3%) 
static props          [variable]           1/228      ( 0.4%) 
pakfile               [variable]         354/0        ( 0.0%) 
physics               [variable]        9238/4194304  ( 0.2%) 
physics terrain       [variable]           2/1048576  ( 0.0%) 

Level flags = 0

Total triangle count: 138
Writing c:\program files (x86)\steam\steamapps\sourcemods\who\maps\lift.bsp
0 seconds elapsed



Could not find lights.rad in lights.rad.
Trying VRAD BIN directory instead...
Warning: Couldn't open texlight file C:\Program Files (x86)\Steam\steamapps\common\Source SDK Base 2013 Singleplayer\bin\lights.rad.
Loading c:\program files (x86)\steam\steamapps\sourcemods\who\maps\lift.bsp
63 faces
14013 square feet [2017886.00 square inches]
0 Displacements
0 Square Feet [0.00 Square Inches]
63 patches before subdivision
653 patches after subdivision
5 direct lights
0...1...2...3...4...5...6...7...8...9...100...1...2...3...4...5...6...7...8...9...10transfers 27223, max 129
transfer lists:   0.2 megs
0...1...2...3...4...5...6...7...8...9...10	Bounce #1 added RGB(308, 313, 283)
0...1...2...3...4...5...6...7...8...9...10	Bounce #2 added RGB(110, 114, 93)
0...1...2...3...4...5...6...7...8...9...10	Bounce #3 added RGB(41, 43, 32)
0...1...2...3...4...5...6...7...8...9...10	Bounce #4 added RGB(16, 17, 11)
0...1...2...3...4...5...6...7...8...9...10	Bounce #5 added RGB(6, 6, 4)
0...1...2...3...4...5...6...7...8...9...10	Bounce #6 added RGB(2, 3, 1)
0...1...2...3...4...5...6...7...8...9...10	Bounce #7 added RGB(1, 1, 0)
Build Patch/Sample Hash Table(s).....Done<0.0001 sec>
0...1...2...3...4...5...6...7...8...9...10FinalLightFace Done
0 of 0 (0% of) surface lights went in leaf ambient cubes.
0...1...2...3...4...5...6...7...8...9...10Writing leaf ambient...done
Ready to Finish

Object names       Objects/Maxobjs  Memory / Maxmem  Fullness 
------------       ---------------  ---------------  -------- 
models                   3/1024          144/49152    ( 0.3%) 
brushes                 22/8192          264/98304    ( 0.3%) 
brushsides             132/65536        1056/524288   ( 0.2%) 
planes                 220/65536        4400/1310720  ( 0.3%) 
vertexes               341/65536        4092/786432   ( 0.5%) 
nodes                  205/65536        6560/2097152  ( 0.3%) 
texinfos                11/12288         792/884736   ( 0.1%) 
texdata                  4/2048          128/65536    ( 0.2%) 
dispinfos                0/0               0/0        ( 0.0%) 
disp_verts               0/0               0/0        ( 0.0%) 
disp_tris                0/0               0/0        ( 0.0%) 
disp_lmsamples           0/0               0/0        ( 0.0%) 
faces                   63/65536        3528/3670016  ( 0.1%) 
hdr faces               63/65536        3528/3670016  ( 0.1%) 
origfaces               24/65536        1344/3670016  ( 0.0%) 
leaves                 209/65536        6688/2097152  ( 0.3%) 
leaffaces              118/65536         236/131072   ( 0.2%) 
leafbrushes             95/65536         190/131072   ( 0.1%) 
areas                    2/256            16/2048     ( 0.8%) 
surfedges              360/512000       1440/2048000  ( 0.1%) 
edges                  227/256000        908/1024000  ( 0.1%) 
LDR worldlights          5/8192          440/720896   ( 0.1%) 
HDR worldlights          5/8192          440/720896   ( 0.1%) 
leafwaterdata            0/32768           0/393216   ( 0.0%) 
waterstrips             27/32768         270/327680   ( 0.1%) 
waterverts               0/65536           0/786432   ( 0.0%) 
waterindices           399/65536         798/131072   ( 0.6%) 
cubemapsamples           1/1024           16/16384    ( 0.1%) 
overlays                 0/512             0/180224   ( 0.0%) 
LDR lightdata         [variable]       13564/0        ( 0.0%) 
HDR lightdata         [variable]       13564/0        ( 0.0%) 
visdata               [variable]        3719/16777216 ( 0.0%) 
entdata               [variable]        5083/393216   ( 1.3%) 
LDR ambient table      209/65536         836/262144   ( 0.3%) 
HDR ambient table      209/65536         836/262144   ( 0.3%) 
LDR leaf ambient       569/65536       15932/1835008  ( 0.9%) 
HDR leaf ambient       569/65536       15932/1835008  ( 0.9%) 
occluders                0/0               0/0        ( 0.0%) 
occluder polygons        0/0               0/0        ( 0.0%) 
occluder vert ind        0/0               0/0        ( 0.0%) 
detail props          [variable]           1/12       ( 8.3%) 
static props          [variable]           1/228      ( 0.4%) 
pakfile               [variable]         354/0        ( 0.0%) 
physics               [variable]        9238/4194304  ( 0.2%) 
physics terrain       [variable]           2/1048576  ( 0.0%) 

Level flags = 0

Total triangle count: 138
Writing c:\program files (x86)\steam\steamapps\sourcemods\who\maps\lift.bsp
0 seconds elapsed
