version 1
nodes
0 "Implicit" -1
1 "Rigged Cube_cell" -1
2 "Rigged Cube_cell.001" -1
3 "Rigged Cube_cell.003" -1
4 "Rigged Cube_cell.004" -1
5 "Rigged Cube_cell.005" -1
6 "Rigged Cube_cell.006" -1
7 "Rigged Cube_cell.007_cell.001" -1
8 "Rigged Cube_cell.007_cell.002" -1
9 "Rigged Cube_cell.007_cell.004" -1
10 "Rigged Cube_cell.007_cell.005" -1
11 "Rigged Cube_cell.007_cell.006" -1
12 "Rigged Cube_cell.007_cell.007" -1
13 "Rigged Cube_cell.002_cell" -1
14 "Rigged Cube_cell.002_cell.005" -1
15 "Rigged Cube_cell.002_cell.003_cell.001" -1
16 "Rigged Cube_cell.002_cell.003_cell.004" -1
17 "Rigged Cube_cell.002_cell.003_cell.005" -1
18 "Rigged Cube_cell.002_cell.002_cell" -1
19 "Rigged Cube_cell.002_cell.002_cell.003" -1
20 "Rigged Cube_cell.002_cell.002_cell.004" -1
21 "Rigged Cube_cell.002_cell.001_cell" -1
22 "Rigged Cube_cell.002_cell.001_cell.001" -1
23 "Rigged Cube_cell.002_cell.001_cell.002" -1
24 "Rigged Cube_cell.002_cell.001_cell.003" -1
25 "Rigged Cube_cell.002_cell.001_cell.005" -1
26 "Rigged Cube_cell.002_cell.002_cell.002_cell.001" -1
27 "Rigged Cube_cell.002_cell.002_cell.002_cell.002" -1
28 "Rigged Cube_cell.002_cell.002_cell.002_cell.003" -1
29 "Rigged Cube_cell.002_cell.002_cell.002_cell.004" -1
30 "Rigged Cube_cell.002_cell.002_cell.002_cell.005" -1
31 "Rigged Cube_cell.002_cell.002_cell.002_cell.006" -1
32 "Rigged Cube_cell.002_cell.002_cell.002_cell.007" -1
33 "Rigged Cube_cell.002_cell.002_cell.001_cell" -1
34 "Rigged Cube_cell.002_cell.002_cell.001_cell.001" -1
35 "Rigged Cube_cell.002_cell.002_cell.001_cell.002" -1
36 "Rigged Cube_cell.002_cell.002_cell.001_cell.003" -1
37 "Rigged Cube_cell.002_cell.003_cell.002_cell" -1
38 "Rigged Cube_cell.002_cell.003_cell.002_cell.001" -1
39 "Rigged Cube_cell.002_cell.003_cell.002_cell.002" -1
40 "Rigged Cube_cell.002_cell.003_cell.002_cell.003" -1
41 "Rigged Cube_cell.002_cell.003_cell.002_cell.004" -1
42 "Rigged Cube_cell.002_cell.003_cell.002_cell.005" -1
end
skeleton
time 0
0  0.000000 0.000000 0.000000  0.000000 0.000000 0.000000
1  0.000000 0.000000 0.000000  1.570796 -0.000000 0.000000
2  0.000000 0.000000 0.000000  1.570796 -0.000000 0.000000
3  0.000000 0.000000 0.000000  1.570796 -0.000000 0.000000
4  0.000000 0.000000 0.000000  1.570796 -0.000000 0.000000
5  0.000000 0.000000 0.000000  1.570796 -0.000000 0.000000
6  0.000000 0.000000 0.000000  1.570796 -0.000000 0.000000
7  0.000000 0.000000 0.000000  1.570796 -0.000000 0.000000
8  0.000000 0.000000 0.000000  1.570796 -0.000000 0.000000
9  0.000000 0.000000 0.000000  1.570796 -0.000000 0.000000
10  0.000000 0.000000 0.000000  1.570796 -0.000000 0.000000
11  0.000000 0.000000 0.000000  1.570796 -0.000000 0.000000
12  0.000000 0.000000 0.000000  1.570796 -0.000000 0.000000
13  0.000000 0.000000 0.000000  1.570796 -0.000000 0.000000
14  0.000000 0.000000 0.000000  1.570796 -0.000000 0.000000
15  0.000000 0.000000 0.000000  1.570796 -0.000000 0.000000
16  0.000000 0.000000 0.000000  1.570796 -0.000000 0.000000
17  0.000000 0.000000 0.000000  1.570796 -0.000000 0.000000
18  0.000000 0.000000 0.000000  1.570796 -0.000000 0.000000
19  0.000000 0.000000 0.000000  1.570796 -0.000000 0.000000
20  0.000000 0.000000 0.000000  1.570796 -0.000000 0.000000
21  0.000000 0.000000 0.000000  1.570796 -0.000000 0.000000
22  0.000000 0.000000 0.000000  1.570796 -0.000000 0.000000
23  0.000000 0.000000 0.000000  1.570796 -0.000000 0.000000
24  0.000000 0.000000 0.000000  1.570796 -0.000000 0.000000
25  0.000000 0.000000 0.000000  1.570796 -0.000000 0.000000
26  0.000000 0.000000 0.000000  1.570796 -0.000000 0.000000
27  0.000000 0.000000 0.000000  1.570796 -0.000000 0.000000
28  0.000000 0.000000 0.000000  1.570796 -0.000000 0.000000
29  0.000000 0.000000 0.000000  1.570796 -0.000000 0.000000
30  0.000000 0.000000 0.000000  1.570796 -0.000000 0.000000
31  0.000000 0.000000 0.000000  1.570796 -0.000000 0.000000
32  0.000000 0.000000 0.000000  1.570796 -0.000000 0.000000
33  0.000000 0.000000 0.000000  1.570796 -0.000000 0.000000
34  0.000000 0.000000 0.000000  1.570796 -0.000000 0.000000
35  0.000000 0.000000 0.000000  1.570796 -0.000000 0.000000
36  0.000000 0.000000 0.000000  1.570796 -0.000000 0.000000
37  0.000000 0.000000 0.000000  1.570796 -0.000000 0.000000
38  0.000000 0.000000 0.000000  1.570796 -0.000000 0.000000
39  0.000000 0.000000 0.000000  1.570796 -0.000000 0.000000
40  0.000000 0.000000 0.000000  1.570796 -0.000000 0.000000
41  0.000000 0.000000 0.000000  1.570796 -0.000000 0.000000
42  0.000000 0.000000 0.000000  1.570796 -0.000000 0.000000
end
triangles
Material
0  0.300203 -0.409686 0.240870  -0.000425 0.000086 1.000000  0.000000 0.000000  1  1 1.000000
0  -0.387783 0.699602 0.240483  -0.000425 0.000086 1.000000  1.000000 0.717186  1  1 1.000000
0  -0.387783 -0.256287 0.240564  -0.000425 0.000086 1.000000  0.105468 0.000000  1  1 1.000000
Material
0  0.300203 -0.409686 0.240870  0.011126 -0.000015 0.999938  0.000000 0.000000  1  1 1.000000
0  0.359061 -0.410148 0.240215  0.011126 -0.000015 0.999938  1.000000 0.000000  1  1 1.000000
0  0.359680 1.105752 0.240231  0.011126 -0.000015 0.999938  1.000000 1.000000  1  1 1.000000
Material
0  0.359061 -0.410148 0.240215  0.999998 -0.000408 0.001682  0.000000 0.000000  1  1 1.000000
0  0.359832 -0.410113 -0.217911  0.999998 -0.000408 0.001682  1.000000 0.000000  1  1 1.000000
0  0.359680 1.105752 0.240231  0.999998 -0.000408 0.001682  1.000000 1.000000  1  1 1.000000
Material
0  0.359832 -0.410113 -0.217911  1.000000 -0.000006 0.000352  0.000000 0.000000  1  1 1.000000
0  0.359937 0.432794 -0.500849  1.000000 -0.000006 0.000352  1.000000 0.000000  1  1 1.000000
0  0.359680 1.105752 0.240231  1.000000 -0.000006 0.000352  1.000000 1.000000  1  1 1.000000
Material
0  0.359680 1.105752 0.240231  -0.373501 0.686989 -0.623333  1.000000 1.000000  1  1 1.000000
0  -0.387783 0.193965 -0.316791  -0.373501 0.686989 -0.623333  0.868282 0.000000  1  1 1.000000
0  -0.387783 0.699602 0.240483  -0.373501 0.686989 -0.623333  0.717186 0.717186  1  1 1.000000
Material
0  -0.387783 -0.276328 -0.159167  -0.131737 -0.324955 -0.936509  0.981185 0.981185  1  1 1.000000
0  0.359832 -0.410113 -0.217911  -0.131737 -0.324955 -0.936509  0.000000 0.000000  1  1 1.000000
0  0.200202 -0.410466 -0.195334  -0.131737 -0.324955 -0.936509  1.000000 0.000000  1  1 1.000000
Material
0  0.200202 -0.410466 -0.195334  -0.219323 -0.974449 0.048442  0.000000 0.000000  1  1 1.000000
0  -0.387783 -0.259085 0.187689  -0.219323 -0.974449 0.048442  0.878769 0.000000  1  1 1.000000
0  -0.387783 -0.276328 -0.159167  -0.219323 -0.974449 0.048442  0.976198 0.976198  1  1 1.000000
Material
0  0.200202 -0.410466 -0.195334  -0.217355 -0.974729 0.051572  0.000000 0.000000  1  1 1.000000
0  -0.387783 -0.256287 0.240564  -0.217355 -0.974729 0.051572  1.000000 0.894532  1  1 1.000000
0  -0.387783 -0.259085 0.187689  -0.217355 -0.974729 0.051572  0.878769 0.878769  1  1 1.000000
Material
0  0.200202 -0.410466 -0.195334  -0.007819 -0.999963 0.003580  0.000000 0.000000  1  1 1.000000
0  0.359061 -0.410148 0.240215  -0.007819 -0.999963 0.003580  1.000000 0.000000  1  1 1.000000
0  0.300203 -0.409686 0.240870  -0.007819 -0.999963 0.003580  1.000000 1.000000  1  1 1.000000
Material
0  0.200202 -0.410466 -0.195334  0.002195 -0.999998 -0.000072  0.000000 0.000000  1  1 1.000000
0  0.359832 -0.410113 -0.217911  0.002195 -0.999998 -0.000072  1.000000 0.000000  1  1 1.000000
0  0.359061 -0.410148 0.240215  0.002195 -0.999998 -0.000072  1.000000 1.000000  1  1 1.000000
Material
0  -0.387783 0.699602 0.240483  -1.000000 0.000000 0.000000  0.631225 0.132448  1  1 1.000000
0  -0.387783 -0.276328 -0.159167  -1.000000 0.000000 0.000000  0.581299 0.010371  1  1 1.000000
0  -0.387783 -0.259085 0.187689  -1.000000 0.000000 0.000000  0.624626 0.012612  1  1 1.000000
Material
0  0.359937 0.432794 -0.500849  -0.130762 -0.315059 -0.940021  0.000000 0.000000  1  1 1.000000
0  -0.387783 -0.276328 -0.159167  -0.130762 -0.315059 -0.940021  1.000000 0.981185  1  1 1.000000
0  -0.387783 0.193965 -0.316791  -0.130762 -0.315059 -0.940021  0.868282 0.868282  1  1 1.000000
Material
0  0.300203 -0.409686 0.240870  0.000110 0.000417 1.000000  0.000000 0.000000  1  1 1.000000
0  0.359680 1.105752 0.240231  0.000110 0.000417 1.000000  1.000000 0.000000  1  1 1.000000
0  -0.387783 0.699602 0.240483  0.000110 0.000417 1.000000  1.000000 0.717186  1  1 1.000000
Material
0  0.359680 1.105752 0.240231  -0.372944 0.686838 -0.623832  1.000000 1.000000  1  1 1.000000
0  0.359937 0.432794 -0.500849  -0.372944 0.686838 -0.623832  0.000000 0.000000  1  1 1.000000
0  -0.387783 0.193965 -0.316791  -0.372944 0.686838 -0.623832  0.868282 0.000000  1  1 1.000000
Material
0  0.200202 -0.410466 -0.195334  -0.217356 -0.974729 0.051572  0.000000 0.000000  1  1 1.000000
0  0.300203 -0.409686 0.240870  -0.217356 -0.974729 0.051572  1.000000 0.000000  1  1 1.000000
0  -0.387783 -0.256287 0.240564  -0.217356 -0.974729 0.051572  1.000000 0.894532  1  1 1.000000
Material
0  -0.387783 -0.259085 0.187689  -1.000000 -0.000000 0.000000  0.624626 0.012612  1  1 1.000000
0  -0.387783 -0.256287 0.240564  -1.000000 -0.000000 0.000000  0.631235 0.012962  1  1 1.000000
0  -0.387783 0.699602 0.240483  -1.000000 -0.000000 0.000000  0.631225 0.132448  1  1 1.000000
Material
0  -0.387783 0.699602 0.240483  -1.000000 0.000000 0.000000  0.631225 0.132448  1  1 1.000000
0  -0.387783 0.193965 -0.316791  -1.000000 0.000000 0.000000  0.561566 0.069243  1  1 1.000000
0  -0.387783 -0.276328 -0.159167  -1.000000 0.000000 0.000000  0.581299 0.010371  1  1 1.000000
Material
0  0.359937 0.432794 -0.500849  -0.130313 -0.315491 -0.939938  0.000000 0.000000  1  1 1.000000
0  0.359832 -0.410113 -0.217911  -0.130313 -0.315491 -0.939938  1.000000 0.000000  1  1 1.000000
0  -0.387783 -0.276328 -0.159167  -0.130313 -0.315491 -0.939938  1.000000 0.981185  1  1 1.000000
Material
0  -0.395591 0.706876 0.953204  -0.966595 0.194000 0.167507  0.000000 0.000000  1  2 1.000000
0  -0.524676 0.706823 0.208382  -0.966595 0.194000 0.167507  0.686971 0.000000  1  2 1.000000
0  -0.524676 0.063684 0.953240  -0.966595 0.194000 0.167507  0.208503 0.000000  1  2 1.000000
Material
0  0.830269 -0.122489 -0.816990  0.197851 -0.905443 -0.375536  0.756906 0.756906  1  2 1.000000
0  0.829927 -0.548472 0.209904  0.197851 -0.905443 -0.375536  0.000000 0.000000  1  2 1.000000
0  0.281117 -0.242486 -0.816990  0.197851 -0.905443 -0.375536  0.756811 0.000000  1  2 1.000000
Material
0  -0.141118 -0.334203 -0.816990  -0.811639 0.037985 -0.582923  0.609138 0.609138  1  2 1.000000
0  -0.500437 -0.582608 -0.332874  -0.811639 0.037985 -0.582923  0.035698 0.000000  1  2 1.000000
0  -0.116831 0.184731 -0.816990  -0.811639 0.037985 -0.582923  0.609196 0.000000  1  2 1.000000
Material
0  -0.524676 -0.138691 0.953246  -0.669740 -0.691451 0.270820  0.901820 0.000000  1  2 1.000000
0  -0.145619 -0.582608 0.757258  -0.669740 -0.691451 0.270820  0.369216 0.369216  1  2 1.000000
0  -0.212327 -0.441246 0.953209  -0.669740 -0.691451 0.270820  0.000000 0.000000  1  2 1.000000
Material
0  -0.212327 -0.441246 0.953209  0.373586 -0.687261 0.622981  1.000000 0.000000  1  2 1.000000
0  0.723228 -0.582608 0.236230  0.373586 -0.687261 0.622981  1.000000 0.876159  1  2 1.000000
0  0.829927 -0.548472 0.209904  0.373586 -0.687261 0.622981  1.000000 1.000000  1  2 1.000000
Material
0  -0.524676 0.706866 -0.213079  -0.000994 0.999999 0.000102  0.080789 0.080789  1  2 1.000000
0  -0.395591 0.706876 0.953204  -0.000994 0.999999 0.000102  1.000000 0.000000  1  2 1.000000
0  0.059720 0.707509 -0.816990  -0.000994 0.999999 0.000102  1.000000 0.842914  1  2 1.000000
Material
0  -0.141118 -0.334203 -0.816990  0.197130 -0.905665 -0.375382  1.000000 0.609138  1  2 1.000000
0  0.829927 -0.548472 0.209904  0.197130 -0.905665 -0.375382  0.000000 0.000000  1  2 1.000000
0  0.723228 -0.582608 0.236230  0.197130 -0.905665 -0.375382  0.123841 0.000000  1  2 1.000000
Material
0  -0.395591 0.706876 0.953204  0.000391 0.001256 0.999999  0.000000 0.000000  1  2 1.000000
0  0.829687 0.125460 0.953456  0.000391 0.001256 0.999999  1.000000 0.000000  1  2 1.000000
0  0.830283 0.706745 0.952726  0.000391 0.001256 0.999999  1.000000 1.000000  1  2 1.000000
Material
0  0.829687 0.125460 0.953456  0.999999 -0.001023 0.001250  0.000000 0.000000  1  2 1.000000
0  0.829927 -0.548472 0.209904  0.999999 -0.001023 0.001250  1.000000 0.000000  1  2 1.000000
0  0.830283 0.706745 0.952726  0.999999 -0.001023 0.001250  1.000000 1.000000  1  2 1.000000
Material
0  0.830283 0.706745 0.952726  1.000000 0.000174 -0.000089  0.000000 0.000000  1  2 1.000000
0  0.830269 -0.122489 -0.816990  1.000000 0.000174 -0.000089  1.000000 0.756906  1  2 1.000000
0  0.830125 0.707178 -0.816990  1.000000 0.000174 -0.000089  0.156994 0.000000  1  2 1.000000
Material
0  0.829687 0.125460 0.953456  -0.000160 0.000027 1.000000  1.000000 0.000000  1  2 1.000000
0  -0.524676 0.063684 0.953240  -0.000160 0.000027 1.000000  0.208503 0.208503  1  2 1.000000
0  -0.524676 -0.138691 0.953246  -0.000160 0.000027 1.000000  0.098180 0.000000  1  2 1.000000
Material
0  0.830125 0.707178 -0.816990  0.000107 1.000000 0.000244  0.843006 0.000000  1  2 1.000000
0  -0.395591 0.706876 0.953204  0.000107 1.000000 0.000244  0.000000 0.000000  1  2 1.000000
0  0.830283 0.706745 0.952726  0.000107 1.000000 0.000244  0.000000 0.000000  1  2 1.000000
Material
0  -0.524676 -0.582608 -0.299052  0.000000 -1.000000 0.000000  0.474738 0.913091  1  2 1.000000
0  -0.462515 -0.582608 -0.385674  0.000000 -1.000000 0.000000  0.463910 0.905321  1  2 1.000000
0  -0.145619 -0.582608 0.757258  0.000000 -1.000000 0.000000  0.606777 0.865709  1  2 1.000000
Material
0  -0.524676 -0.582608 -0.299052  -1.000000 0.000000 0.000000  0.474738 0.095027  1  2 1.000000
0  -0.524676 -0.138691 0.953246  -1.000000 0.000000 0.000000  0.631275 0.150517  1  2 1.000000
0  -0.524676 0.706823 0.208382  -1.000000 0.000000 0.000000  0.538167 0.256206  1  2 1.000000
Material
0  -0.091860 0.707358 -0.816990  0.000000 0.000000 -1.000000  0.266011 0.493727  1  2 1.000000
0  0.830125 0.707178 -0.816990  0.000000 0.000000 -1.000000  0.381259 0.493750  1  2 1.000000
0  0.281117 -0.242486 -0.816990  0.000000 0.000000 -1.000000  0.312633 0.612458  1  2 1.000000
Material
0  -0.116831 0.184731 -0.816990  -0.812211 0.038808 -0.582071  0.609196 0.609196  1  2 1.000000
0  -0.524676 -0.582608 -0.299052  -0.812211 0.038808 -0.582071  0.079766 0.019862  1  2 1.000000
0  -0.524676 0.706866 -0.213079  -0.812211 0.038808 -0.582071  1.000000 0.080789  1  2 1.000000
Material
0  -0.141118 -0.334203 -0.816990  -0.811639 0.037984 -0.582923  0.609138 0.609138  1  2 1.000000
0  -0.462515 -0.582608 -0.385674  -0.811639 0.037984 -0.582923  0.098238 0.098238  1  2 1.000000
0  -0.500437 -0.582608 -0.332874  -0.811639 0.037984 -0.582923  0.035698 0.000000  1  2 1.000000
Material
0  -0.524676 -0.138691 0.953246  -0.669861 -0.691438 0.270554  0.901820 0.000000  1  2 1.000000
0  -0.524676 -0.582608 -0.181246  -0.669861 -0.691438 0.270554  0.917363 0.737064  1  2 1.000000
0  -0.145619 -0.582608 0.757258  -0.669861 -0.691438 0.270554  0.369216 0.369216  1  2 1.000000
Material
0  0.829927 -0.548472 0.209904  0.373607 -0.687230 0.623003  1.000000 1.000000  1  2 1.000000
0  0.829687 0.125460 0.953456  0.373607 -0.687230 0.623003  0.000000 0.000000  1  2 1.000000
0  -0.212327 -0.441246 0.953209  0.373607 -0.687230 0.623003  1.000000 0.000000  1  2 1.000000
Material
0  -0.212327 -0.441246 0.953209  0.373587 -0.687262 0.622980  1.000000 0.000000  1  2 1.000000
0  -0.145619 -0.582608 0.757258  0.373587 -0.687262 0.622980  1.000000 0.369216  1  2 1.000000
0  0.723228 -0.582608 0.236230  0.373587 -0.687262 0.622980  1.000000 0.876159  1  2 1.000000
Material
0  0.059720 0.707509 -0.816990  -0.000994 1.000000 0.000102  1.000000 0.842914  1  2 1.000000
0  -0.091860 0.707358 -0.816990  -0.000994 1.000000 0.000102  0.675260 0.675260  1  2 1.000000
0  -0.524676 0.706866 -0.213079  -0.000994 1.000000 0.000102  0.080789 0.080789  1  2 1.000000
Material
0  -0.524676 0.706866 -0.213079  -0.000994 0.999999 0.000102  0.080789 0.080789  1  2 1.000000
0  -0.524676 0.706823 0.208382  -0.000994 0.999999 0.000102  0.313029 0.000000  1  2 1.000000
0  -0.395591 0.706876 0.953204  -0.000994 0.999999 0.000102  1.000000 0.000000  1  2 1.000000
Material
0  0.723228 -0.582608 0.236230  0.196738 -0.905863 -0.375108  0.123841 0.000000  1  2 1.000000
0  -0.462515 -0.582608 -0.385674  0.196738 -0.905863 -0.375108  1.000000 0.098238  1  2 1.000000
0  -0.141118 -0.334203 -0.816990  0.196738 -0.905863 -0.375108  1.000000 0.609138  1  2 1.000000
Material
0  -0.141118 -0.334203 -0.816990  0.196771 -0.905866 -0.375085  1.000000 0.609138  1  2 1.000000
0  0.281117 -0.242486 -0.816990  0.196771 -0.905866 -0.375085  0.756811 0.756811  1  2 1.000000
0  0.829927 -0.548472 0.209904  0.196771 -0.905866 -0.375085  0.000000 0.000000  1  2 1.000000
Material
0  0.830283 0.706745 0.952726  1.000000 -0.000386 0.000173  0.000000 0.000000  1  2 1.000000
0  0.829927 -0.548472 0.209904  1.000000 -0.000386 0.000173  1.000000 0.000000  1  2 1.000000
0  0.830269 -0.122489 -0.816990  1.000000 -0.000386 0.000173  1.000000 0.756906  1  2 1.000000
Material
0  -0.524676 -0.138691 0.953246  -0.000110 -0.000234 1.000000  0.098180 0.000000  1  2 1.000000
0  -0.212327 -0.441246 0.953209  -0.000110 -0.000234 1.000000  1.000000 0.000000  1  2 1.000000
0  0.829687 0.125460 0.953456  -0.000110 -0.000234 1.000000  1.000000 0.000000  1  2 1.000000
Material
0  0.829687 0.125460 0.953456  -0.000163 0.000089 1.000000  1.000000 0.000000  1  2 1.000000
0  -0.395591 0.706876 0.953204  -0.000163 0.000089 1.000000  1.000000 1.000000  1  2 1.000000
0  -0.524676 0.063684 0.953240  -0.000163 0.000089 1.000000  0.208503 0.208503  1  2 1.000000
Material
0  0.830125 0.707178 -0.816990  0.000430 1.000000 0.000468  0.843006 0.000000  1  2 1.000000
0  0.059720 0.707509 -0.816990  0.000430 1.000000 0.000468  0.842914 0.842914  1  2 1.000000
0  -0.395591 0.706876 0.953204  0.000430 1.000000 0.000468  0.000000 0.000000  1  2 1.000000
Material
0  -0.145619 -0.582608 0.757258  0.000000 -1.000000 0.000000  0.606777 0.865709  1  2 1.000000
0  -0.524676 -0.582608 -0.181246  0.000000 -1.000000 0.000000  0.489464 0.913091  1  2 1.000000
0  -0.524676 -0.582608 -0.299052  0.000000 -1.000000 0.000000  0.474738 0.913091  1  2 1.000000
Material
0  -0.524676 -0.582608 -0.299052  0.000000 -0.999999 -0.001350  0.474738 0.913091  1  2 1.000000
0  -0.500437 -0.582608 -0.332874  0.000000 -0.999999 -0.001350  0.470510 0.910061  1  2 1.000000
0  -0.462515 -0.582608 -0.385674  0.000000 -0.999999 -0.001350  0.463910 0.905321  1  2 1.000000
Material
0  -0.462515 -0.582608 -0.385674  0.000000 -1.000000 0.000000  0.463910 0.905321  1  2 1.000000
0  0.723228 -0.582608 0.236230  0.000000 -1.000000 0.000000  0.541648 0.757103  1  2 1.000000
0  -0.145619 -0.582608 0.757258  0.000000 -1.000000 0.000000  0.606777 0.865709  1  2 1.000000
Material
0  -0.524676 0.706823 0.208382  -1.000000 -0.000000 0.000000  0.538167 0.256206  1  2 1.000000
0  -0.524676 0.706866 -0.213079  -1.000000 -0.000000 0.000000  0.485485 0.256211  1  2 1.000000
0  -0.524676 -0.582608 -0.299052  -1.000000 -0.000000 0.000000  0.474738 0.095027  1  2 1.000000
Material
0  -0.524676 -0.582608 -0.299052  -1.000000 0.000000 0.000000  0.474738 0.095027  1  2 1.000000
0  -0.524676 -0.582608 -0.181246  -1.000000 0.000000 0.000000  0.489464 0.095027  1  2 1.000000
0  -0.524676 -0.138691 0.953246  -1.000000 0.000000 0.000000  0.631275 0.150517  1  2 1.000000
Material
0  -0.524676 -0.138691 0.953246  -1.000000 -0.000000 0.000000  0.631275 0.150517  1  2 1.000000
0  -0.524676 0.063684 0.953240  -1.000000 -0.000000 0.000000  0.631275 0.175814  1  2 1.000000
0  -0.524676 0.706823 0.208382  -1.000000 -0.000000 0.000000  0.538167 0.256206  1  2 1.000000
Material
0  -0.141118 -0.334203 -0.816990  0.000000 0.000000 -1.000000  0.259854 0.623922  1  2 1.000000
0  -0.116831 0.184731 -0.816990  0.000000 0.000000 -1.000000  0.262890 0.559055  1  2 1.000000
0  -0.091860 0.707358 -0.816990  0.000000 0.000000 -1.000000  0.266011 0.493727  1  2 1.000000
Material
0  -0.091860 0.707358 -0.816990  0.000000 0.000000 -1.000000  0.266011 0.493727  1  2 1.000000
0  0.059720 0.707509 -0.816990  0.000000 0.000000 -1.000000  0.284959 0.493708  1  2 1.000000
0  0.830125 0.707178 -0.816990  0.000000 0.000000 -1.000000  0.381259 0.493750  1  2 1.000000
Material
0  0.830125 0.707178 -0.816990  0.000000 0.000000 -1.000000  0.381259 0.493750  1  2 1.000000
0  0.830269 -0.122489 -0.816990  0.000000 0.000000 -1.000000  0.381277 0.597458  1  2 1.000000
0  0.281117 -0.242486 -0.816990  0.000000 0.000000 -1.000000  0.312633 0.612458  1  2 1.000000
Material
0  0.281117 -0.242486 -0.816990  0.000000 0.000000 -1.000000  0.312633 0.612458  1  2 1.000000
0  -0.141118 -0.334203 -0.816990  0.000000 0.000000 -1.000000  0.259854 0.623922  1  2 1.000000
0  -0.091860 0.707358 -0.816990  0.000000 0.000000 -1.000000  0.266011 0.493727  1  2 1.000000
Material
0  -0.524676 0.706866 -0.213079  -0.812211 0.038808 -0.582071  1.000000 0.080789  1  2 1.000000
0  -0.091860 0.707358 -0.816990  -0.812211 0.038808 -0.582071  1.000000 0.675260  1  2 1.000000
0  -0.116831 0.184731 -0.816990  -0.812211 0.038808 -0.582071  0.609196 0.609196  1  2 1.000000
Material
0  -0.116831 0.184731 -0.816990  -0.812208 0.038804 -0.582076  0.609196 0.609196  1  2 1.000000
0  -0.500437 -0.582608 -0.332874  -0.812208 0.038804 -0.582076  0.035698 0.035698  1  2 1.000000
0  -0.524676 -0.582608 -0.299052  -0.812208 0.038804 -0.582076  0.079766 0.019862  1  2 1.000000
Material
0  0.625441 0.570221 -0.842301  0.000019 0.000192 -1.000000  0.794581 0.794581  1  3 1.000000
0  -0.360415 -0.256758 -0.842479  0.000019 0.000192 -1.000000  0.688900 0.000000  1  3 1.000000
0  -0.360415 0.180262 -0.842395  0.000019 0.000192 -1.000000  1.000000 0.311034  1  3 1.000000
Material
0  0.206174 0.570221 -0.842309  -0.000589 0.001075 -0.999999  0.706970 0.706970  1  3 1.000000
0  -0.360415 0.396402 -0.842163  -0.000589 0.001075 -0.999999  0.631851 0.000000  1  3 1.000000
0  -0.212341 0.570221 -0.842063  -0.000589 0.001075 -0.999999  0.842055 0.000000  1  3 1.000000
Material
0  0.625118 0.296830 0.514434  1.000000 0.000627 0.000544  0.000000 0.000000  1  3 1.000000
0  0.625494 -0.536307 0.785848  1.000000 0.000627 0.000544  1.000000 0.006763  1  3 1.000000
0  0.625501 0.570221 -0.505448  1.000000 0.000627 0.000544  1.000000 0.794533  1  3 1.000000
Material
0  0.625201 -0.546139 -0.842516  1.000000 -0.000215 -0.000178  1.000000 0.000000  1  3 1.000000
0  0.625501 0.570221 -0.505448  1.000000 -0.000215 -0.000178  0.794533 0.794533  1  3 1.000000
0  0.625494 -0.536307 0.785848  1.000000 -0.000215 -0.000178  0.006763 0.006763  1  3 1.000000
Material
0  -0.184765 -0.420184 0.785848  -0.829963 -0.022241 0.557375  0.070063 0.070063  1  3 1.000000
0  -0.360415 -0.174363 0.534104  -0.829963 -0.022241 0.557375  0.377705 0.000000  1  3 1.000000
0  -0.360415 -0.454986 0.522906  -0.829963 -0.022241 0.557375  0.326759 0.326759  1  3 1.000000
Material
0  -0.360415 -0.256758 -0.842479  -0.000507 -0.001601 -0.999999  1.000000 0.311100  1  3 1.000000
0  0.625201 -0.546139 -0.842516  -0.000507 -0.001601 -0.999999  1.000000 1.000000  1  3 1.000000
0  -0.360415 -0.545914 -0.842016  -0.000507 -0.001601 -0.999999  0.310995 0.310995  1  3 1.000000
Material
0  0.464876 -0.546416 0.785848  0.003779 -0.999993 0.000202  1.000000 0.020550  1  3 1.000000
0  0.625201 -0.546139 -0.842516  0.003779 -0.999993 0.000202  1.000000 1.000000  1  3 1.000000
0  0.625492 -0.545809 0.785848  0.003779 -0.999993 0.000202  0.006762 0.006762  1  3 1.000000
Material
0  -0.360415 0.500110 -0.493677  -0.196928 0.905798 0.375166  0.586861 0.586861  1  3 1.000000
0  0.625118 0.296830 0.514434  -0.196928 0.905798 0.375166  1.000000 0.000000  1  3 1.000000
0  0.625306 0.570221 -0.145541  -0.196928 0.905798 0.375166  1.000000 0.486463  1  3 1.000000
Material
0  -0.212341 0.570221 -0.842063  -0.747279 0.636708 -0.190203  1.000000 0.157945  1  3 1.000000
0  -0.360415 0.471612 -0.590399  -0.747279 0.636708 -0.190203  0.640087 0.000000  1  3 1.000000
0  -0.248848 0.570221 -0.698634  -0.747279 0.636708 -0.190203  0.794924 0.000000  1  3 1.000000
Material
0  -0.248848 0.570221 -0.698634  -0.746528 0.638229 -0.188044  0.794924 0.794924  1  3 1.000000
0  -0.360415 0.500110 -0.493677  -0.746528 0.638229 -0.188044  1.000000 0.586861  1  3 1.000000
0  -0.269828 0.570221 -0.615344  -0.746528 0.638229 -0.188044  1.000000 0.731173  1  3 1.000000
Material
0  -0.235527 0.020813 0.726625  -0.197459 0.905130 0.376497  1.000000 0.000000  1  3 1.000000
0  -0.360415 0.237260 0.140769  -0.197459 0.905130 0.376497  0.272087 0.272087  1  3 1.000000
0  -0.360415 0.069976 0.542933  -0.197459 0.905130 0.376497  0.746817 0.000000  1  3 1.000000
Material
0  -0.235527 0.020813 0.726625  0.130666 0.315197 0.939988  0.000000 0.000000  1  3 1.000000
0  0.625479 -0.512739 0.785848  0.130666 0.315197 0.939988  1.000000 0.039243  1  3 1.000000
0  0.625118 0.296830 0.514434  0.130666 0.315197 0.939988  1.000000 1.000000  1  3 1.000000
Material
0  -0.360415 -0.545914 -0.842016  -0.000116 -1.000000 -0.000249  1.000000 0.310995  1  3 1.000000
0  0.464876 -0.546416 0.785848  -0.000116 -1.000000 -0.000249  0.020550 0.020550  1  3 1.000000
0  -0.180884 -0.546341 0.785848  -0.000116 -1.000000 -0.000249  1.000000 0.006004  1  3 1.000000
Material
0  -0.180884 -0.546341 0.785848  -0.829697 -0.025519 0.557630  0.006004 0.006004  1  3 1.000000
0  -0.360415 -0.454986 0.522906  -0.829697 -0.025519 0.557630  1.000000 0.326759  1  3 1.000000
0  -0.360415 -0.546318 0.518726  -0.829697 -0.025519 0.557630  0.284745 0.284745  1  3 1.000000
Material
0  -0.190901 -0.174276 0.785848  -0.829308 -0.020180 0.558428  0.547880 0.000000  1  3 1.000000
0  -0.360415 0.069976 0.542933  -0.829308 -0.020180 0.558428  1.000000 0.253183  1  3 1.000000
0  -0.360415 -0.174363 0.534104  -0.829308 -0.020180 0.558428  0.377705 0.377705  1  3 1.000000
Material
0  0.625479 -0.512739 0.785848  -0.000000 0.000000 1.000000  0.618738 0.752074  1  3 1.000000
0  -0.186424 -0.358260 0.785848  -0.000000 0.000000 1.000000  0.720225 0.732764  1  3 1.000000
0  -0.180884 -0.546341 0.785848  -0.000000 0.000000 1.000000  0.719533 0.756274  1  3 1.000000
Material
0  -0.360415 0.500110 -0.493677  -1.000000 -0.000000 0.000000  0.412323 0.124532  1  3 1.000000
0  -0.360415 -0.256758 -0.842479  -1.000000 -0.000000 0.000000  0.368723 0.029924  1  3 1.000000
0  -0.360415 -0.174363 0.534104  -1.000000 -0.000000 0.000000  0.540796 0.040223  1  3 1.000000
Material
0  0.206174 0.570221 -0.842309  0.000000 1.000000 0.000000  0.368744 0.453849  1  3 1.000000
0  -0.248848 0.570221 -0.698634  0.000000 1.000000 0.000000  0.386704 0.396972  1  3 1.000000
0  0.625306 0.570221 -0.145541  0.000000 1.000000 0.000000  0.455840 0.506241  1  3 1.000000
Material
0  -0.360415 0.180262 -0.842395  0.000019 0.000192 -1.000000  1.000000 0.311034  1  3 1.000000
0  0.206174 0.570221 -0.842309  0.000019 0.000192 -1.000000  1.000000 0.706970  1  3 1.000000
0  0.625441 0.570221 -0.842301  0.000019 0.000192 -1.000000  0.794581 0.794581  1  3 1.000000
Material
0  0.625441 0.570221 -0.842301  0.000019 0.000192 -1.000000  0.794581 0.794581  1  3 1.000000
0  0.625201 -0.546139 -0.842516  0.000019 0.000192 -1.000000  0.000000 0.000000  1  3 1.000000
0  -0.360415 -0.256758 -0.842479  0.000019 0.000192 -1.000000  0.688900 0.000000  1  3 1.000000
Material
0  0.206174 0.570221 -0.842309  -0.000588 0.001075 -0.999999  0.706970 0.706970  1  3 1.000000
0  -0.360415 0.180262 -0.842395  -0.000588 0.001075 -0.999999  0.311034 0.311034  1  3 1.000000
0  -0.360415 0.396402 -0.842163  -0.000588 0.001075 -0.999999  0.631851 0.000000  1  3 1.000000
Material
0  0.625501 0.570221 -0.505448  1.000000 0.000627 0.000544  1.000000 0.794533  1  3 1.000000
0  0.625306 0.570221 -0.145541  1.000000 0.000627 0.000544  0.486463 0.486463  1  3 1.000000
0  0.625118 0.296830 0.514434  1.000000 0.000627 0.000544  0.000000 0.000000  1  3 1.000000
Material
0  0.625118 0.296830 0.514434  1.000000 0.000624 0.000543  0.000000 0.000000  1  3 1.000000
0  0.625479 -0.512739 0.785848  1.000000 0.000624 0.000543  0.960757 0.000000  1  3 1.000000
0  0.625494 -0.536307 0.785848  1.000000 0.000624 0.000543  1.000000 0.006763  1  3 1.000000
Material
0  0.625494 -0.536307 0.785848  1.000000 -0.000216 -0.000178  0.006763 0.006763  1  3 1.000000
0  0.625492 -0.545809 0.785848  1.000000 -0.000216 -0.000178  0.006762 0.000000  1  3 1.000000
0  0.625201 -0.546139 -0.842516  1.000000 -0.000216 -0.000178  1.000000 0.000000  1  3 1.000000
Material
0  0.625201 -0.546139 -0.842516  1.000000 -0.000215 -0.000179  1.000000 0.000000  1  3 1.000000
0  0.625441 0.570221 -0.842301  1.000000 -0.000215 -0.000179  1.000000 0.794581  1  3 1.000000
0  0.625501 0.570221 -0.505448  1.000000 -0.000215 -0.000179  0.794533 0.794533  1  3 1.000000
Material
0  -0.184765 -0.420184 0.785848  -0.829963 -0.022241 0.557375  0.070063 0.070063  1  3 1.000000
0  -0.186424 -0.358260 0.785848  -0.829963 -0.022241 0.557375  0.083789 0.000000  1  3 1.000000
0  -0.360415 -0.174363 0.534104  -0.829963 -0.022241 0.557375  0.377705 0.000000  1  3 1.000000
Material
0  0.625306 0.570221 -0.145541  -0.196966 0.905740 0.375286  1.000000 0.486463  1  3 1.000000
0  -0.269828 0.570221 -0.615344  -0.196966 0.905740 0.375286  0.731173 0.731173  1  3 1.000000
0  -0.360415 0.500110 -0.493677  -0.196966 0.905740 0.375286  0.586861 0.586861  1  3 1.000000
Material
0  -0.360415 0.500110 -0.493677  -0.197022 0.905744 0.375247  0.586861 0.586861  1  3 1.000000
0  -0.360415 0.237260 0.140769  -0.197022 0.905744 0.375247  0.272087 0.000000  1  3 1.000000
0  0.625118 0.296830 0.514434  -0.197022 0.905744 0.375247  1.000000 0.000000  1  3 1.000000
Material
0  -0.212341 0.570221 -0.842063  -0.747279 0.636708 -0.190204  1.000000 0.157945  1  3 1.000000
0  -0.360415 0.396402 -0.842163  -0.747279 0.636708 -0.190204  1.000000 0.368149  1  3 1.000000
0  -0.360415 0.471612 -0.590399  -0.747279 0.636708 -0.190204  0.640087 0.000000  1  3 1.000000
Material
0  -0.248848 0.570221 -0.698634  -0.746529 0.638228 -0.188045  0.794924 0.794924  1  3 1.000000
0  -0.360415 0.471612 -0.590399  -0.746529 0.638228 -0.188045  0.640087 0.640087  1  3 1.000000
0  -0.360415 0.500110 -0.493677  -0.746529 0.638228 -0.188045  1.000000 0.586861  1  3 1.000000
Material
0  -0.235527 0.020813 0.726625  -0.197459 0.905130 0.376497  1.000000 0.000000  1  3 1.000000
0  0.625118 0.296830 0.514434  -0.197459 0.905130 0.376497  1.000000 1.000000  1  3 1.000000
0  -0.360415 0.237260 0.140769  -0.197459 0.905130 0.376497  0.272087 0.272087  1  3 1.000000
Material
0  -0.235527 0.020813 0.726625  0.130698 0.315244 0.939968  0.000000 0.000000  1  3 1.000000
0  -0.190901 -0.174276 0.785848  0.130698 0.315244 0.939968  0.452120 0.000000  1  3 1.000000
0  0.625479 -0.512739 0.785848  0.130698 0.315244 0.939968  1.000000 0.039243  1  3 1.000000
Material
0  -0.180884 -0.546341 0.785848  0.000315 -1.000000 -0.000297  1.000000 0.006004  1  3 1.000000
0  -0.360415 -0.546318 0.518726  0.000315 -1.000000 -0.000297  1.000000 0.284744  1  3 1.000000
0  -0.360415 -0.545914 -0.842016  0.000315 -1.000000 -0.000297  1.000000 0.310995  1  3 1.000000
Material
0  -0.360415 -0.545914 -0.842016  -0.000228 -1.000000 -0.000193  1.000000 0.310995  1  3 1.000000
0  0.625201 -0.546139 -0.842516  -0.000228 -1.000000 -0.000193  1.000000 1.000000  1  3 1.000000
0  0.464876 -0.546416 0.785848  -0.000228 -1.000000 -0.000193  0.020550 0.020550  1  3 1.000000
Material
0  -0.180884 -0.546341 0.785848  -0.829697 -0.025519 0.557631  0.006004 0.006004  1  3 1.000000
0  -0.184765 -0.420184 0.785848  -0.829697 -0.025519 0.557631  1.000000 0.070063  1  3 1.000000
0  -0.360415 -0.454986 0.522906  -0.829697 -0.025519 0.557631  1.000000 0.326759  1  3 1.000000
Material
0  -0.360415 -0.174363 0.534104  -0.829308 -0.020180 0.558428  0.377705 0.377705  1  3 1.000000
0  -0.186424 -0.358260 0.785848  -0.829308 -0.020180 0.558428  0.083789 0.083789  1  3 1.000000
0  -0.190901 -0.174276 0.785848  -0.829308 -0.020180 0.558428  0.547880 0.000000  1  3 1.000000
Material
0  -0.190901 -0.174276 0.785848  -0.829308 -0.020179 0.558427  0.547880 0.000000  1  3 1.000000
0  -0.235527 0.020813 0.726625  -0.829308 -0.020179 0.558427  1.000000 0.000000  1  3 1.000000
0  -0.360415 0.069976 0.542933  -0.829308 -0.020179 0.558427  1.000000 0.253183  1  3 1.000000
Material
0  -0.180884 -0.546341 0.785848  0.000000 0.000000 1.000000  0.719533 0.756274  1  3 1.000000
0  0.464876 -0.546416 0.785848  0.000000 0.000000 1.000000  0.638813 0.756284  1  3 1.000000
0  0.625492 -0.545809 0.785848  0.000000 0.000000 1.000000  0.618736 0.756208  1  3 1.000000
Material
0  0.625492 -0.545809 0.785848  0.000000 0.000000 1.000000  0.618736 0.756208  1  3 1.000000
0  0.625494 -0.536307 0.785848  0.000000 0.000000 1.000000  0.618736 0.755020  1  3 1.000000
0  0.625479 -0.512739 0.785848  0.000000 0.000000 1.000000  0.618738 0.752074  1  3 1.000000
Material
0  0.625479 -0.512739 0.785848  0.000000 0.000000 1.000000  0.618738 0.752074  1  3 1.000000
0  -0.190901 -0.174276 0.785848  0.000000 0.000000 1.000000  0.720785 0.709766  1  3 1.000000
0  -0.186424 -0.358260 0.785848  0.000000 0.000000 1.000000  0.720225 0.732764  1  3 1.000000
Material
0  -0.186424 -0.358260 0.785848  0.000482 0.000000 1.000000  0.720225 0.732764  1  3 1.000000
0  -0.184765 -0.420184 0.785848  0.000482 0.000000 1.000000  0.720018 0.740505  1  3 1.000000
0  -0.180884 -0.546341 0.785848  0.000482 0.000000 1.000000  0.719533 0.756274  1  3 1.000000
Material
0  -0.180884 -0.546341 0.785848  0.000000 0.000000 1.000000  0.719533 0.756274  1  3 1.000000
0  0.625492 -0.545809 0.785848  0.000000 0.000000 1.000000  0.618736 0.756208  1  3 1.000000
0  0.625479 -0.512739 0.785848  0.000000 0.000000 1.000000  0.618738 0.752074  1  3 1.000000
Material
0  -0.360415 0.069976 0.542933  -1.000000 -0.000070 0.000000  0.541899 0.070765  1  3 1.000000
0  -0.360415 0.237260 0.140769  -1.000000 -0.000070 0.000000  0.491629 0.091676  1  3 1.000000
0  -0.360415 0.500110 -0.493677  -1.000000 -0.000070 0.000000  0.412323 0.124532  1  3 1.000000
Material
0  -0.360415 0.500110 -0.493677  -1.000000 0.000000 0.000000  0.412323 0.124532  1  3 1.000000
0  -0.360415 0.471612 -0.590399  -1.000000 0.000000 0.000000  0.400233 0.120970  1  3 1.000000
0  -0.360415 0.396402 -0.842163  -1.000000 0.000000 0.000000  0.368762 0.111569  1  3 1.000000
Material
0  -0.360415 0.396402 -0.842163  -1.000000 -0.000000 0.000000  0.368762 0.111569  1  3 1.000000
0  -0.360415 0.180262 -0.842395  -1.000000 -0.000000 0.000000  0.368733 0.084551  1  3 1.000000
0  -0.360415 -0.256758 -0.842479  -1.000000 -0.000000 0.000000  0.368723 0.029924  1  3 1.000000
Material
0  -0.360415 -0.256758 -0.842479  -1.000000 0.000000 0.000000  0.368723 0.029924  1  3 1.000000
0  -0.360415 -0.545914 -0.842016  -1.000000 0.000000 0.000000  0.368781 -0.006221  1  3 1.000000
0  -0.360415 -0.546318 0.518726  -1.000000 0.000000 0.000000  0.538873 -0.006271  1  3 1.000000
Material
0  -0.360415 -0.546318 0.518726  -1.000000 0.000000 0.000000  0.538873 -0.006271  1  3 1.000000
0  -0.360415 -0.454986 0.522906  -1.000000 0.000000 0.000000  0.539396 0.005145  1  3 1.000000
0  -0.360415 -0.174363 0.534104  -1.000000 0.000000 0.000000  0.540796 0.040223  1  3 1.000000
Material
0  -0.360415 -0.174363 0.534104  -1.000000 0.000000 0.000000  0.540796 0.040223  1  3 1.000000
0  -0.360415 0.069976 0.542933  -1.000000 0.000000 0.000000  0.541899 0.070765  1  3 1.000000
0  -0.360415 0.500110 -0.493677  -1.000000 0.000000 0.000000  0.412323 0.124532  1  3 1.000000
Material
0  -0.360415 0.500110 -0.493677  -1.000000 0.000000 0.000000  0.412323 0.124532  1  3 1.000000
0  -0.360415 0.396402 -0.842163  -1.000000 0.000000 0.000000  0.368762 0.111569  1  3 1.000000
0  -0.360415 -0.256758 -0.842479  -1.000000 0.000000 0.000000  0.368723 0.029924  1  3 1.000000
Material
0  -0.360415 -0.256758 -0.842479  -1.000000 0.000000 0.000000  0.368723 0.029924  1  3 1.000000
0  -0.360415 -0.546318 0.518726  -1.000000 0.000000 0.000000  0.538873 -0.006271  1  3 1.000000
0  -0.360415 -0.174363 0.534104  -1.000000 0.000000 0.000000  0.540796 0.040223  1  3 1.000000
Material
0  0.625501 0.570221 -0.505448  0.000000 1.000000 -0.000000  0.410852 0.506265  1  3 1.000000
0  0.625441 0.570221 -0.842301  0.000000 1.000000 -0.000000  0.368745 0.506258  1  3 1.000000
0  0.206174 0.570221 -0.842309  0.000000 1.000000 -0.000000  0.368744 0.453849  1  3 1.000000
Material
0  0.206174 0.570221 -0.842309  0.000000 1.000000 0.000000  0.368744 0.453849  1  3 1.000000
0  -0.212341 0.570221 -0.842063  0.000000 1.000000 0.000000  0.368775 0.401535  1  3 1.000000
0  -0.248848 0.570221 -0.698634  0.000000 1.000000 0.000000  0.386704 0.396972  1  3 1.000000
Material
0  -0.248848 0.570221 -0.698634  0.000000 1.000000 0.000000  0.386704 0.396972  1  3 1.000000
0  -0.269828 0.570221 -0.615344  0.000000 1.000000 0.000000  0.397115 0.394349  1  3 1.000000
0  0.625306 0.570221 -0.145541  0.000000 1.000000 0.000000  0.455840 0.506241  1  3 1.000000
Material
0  0.625306 0.570221 -0.145541  0.000000 1.000000 0.000000  0.455840 0.506241  1  3 1.000000
0  0.625501 0.570221 -0.505448  0.000000 1.000000 0.000000  0.410852 0.506265  1  3 1.000000
0  0.206174 0.570221 -0.842309  0.000000 1.000000 0.000000  0.368744 0.453849  1  3 1.000000
Material
0  -0.425809 0.527764 0.495776  -1.000000 -0.000149 0.000388  0.000000 0.000000  1  4 1.000000
0  -0.426074 -0.361381 -0.526933  -1.000000 -0.000149 0.000388  1.000000 0.835217  1  4 1.000000
0  -0.425677 -0.361381 0.495330  -1.000000 -0.000149 0.000388  0.021752 0.000000  1  4 1.000000
Material
0  -0.313365 -0.361381 -0.507299  0.168294 -0.195889 -0.966077  1.000000 0.835266  1  4 1.000000
0  -0.425652 0.527734 -0.707143  0.168294 -0.195889 -0.966077  0.000000 0.000000  1  4 1.000000
0  0.258534 0.528051 -0.588020  0.168294 -0.195889 -0.966077  1.000000 0.000000  1  4 1.000000
Material
0  -0.313365 -0.361381 -0.507299  0.169161 -0.196423 -0.965817  0.835266 0.835266  1  4 1.000000
0  0.258534 0.528051 -0.588020  0.169161 -0.196423 -0.965817  0.000000 0.000000  1  4 1.000000
0  0.106141 -0.361381 -0.433823  0.169161 -0.196423 -0.965817  0.905322 0.000000  1  4 1.000000
Material
0  0.332589 0.212830 0.202515  0.966334 -0.194724 -0.168169  1.000000 0.320817  1  4 1.000000
0  0.106141 -0.361381 -0.433823  0.966334 -0.194724 -0.168169  0.905322 0.905322  1  4 1.000000
0  0.258534 0.528051 -0.588020  0.966334 -0.194724 -0.168169  0.000000 0.000000  1  4 1.000000
Material
0  0.282837 -0.284400 0.495276  0.966326 -0.195322 -0.167521  1.000000 0.000000  1  4 1.000000
0  0.123994 -0.361381 -0.331235  0.966326 -0.195322 -0.167521  0.905317 0.905317  1  4 1.000000
0  0.332589 0.212830 0.202515  0.966326 -0.195322 -0.167521  0.320817 0.320817  1  4 1.000000
Material
0  -0.425652 0.527734 -0.707143  -0.000459 1.000000 0.000094  1.000000 0.000000  1  4 1.000000
0  0.332589 0.527969 0.495515  -0.000459 1.000000 0.000094  0.131164 0.131164  1  4 1.000000
0  0.332589 0.528031 -0.162458  -0.000459 1.000000 0.000094  0.607233 0.000000  1  4 1.000000
Material
0  -0.280892 -0.361381 0.495311  0.133693 -0.978972 0.154077  0.795654 0.000000  1  4 1.000000
0  0.195606 -0.361381 0.081851  0.133693 -0.978972 0.154077  0.547167 0.000000  1  4 1.000000
0  0.282837 -0.284400 0.495276  0.133693 -0.978972 0.154077  0.000000 0.000000  1  4 1.000000
Material
0  -0.280892 -0.361381 0.495311  0.000000 -1.000000 0.000000  0.631192 0.988103  1  4 1.000000
0  -0.426074 -0.361381 -0.526933  0.000000 -1.000000 0.000000  0.503412 1.006251  1  4 1.000000
0  0.106141 -0.361381 -0.433823  0.000000 -1.000000 0.000000  0.515051 0.939724  1  4 1.000000
Material
0  0.332589 -0.038313 0.495336  1.000000 0.000000 0.000000  0.631196 0.564529  1  4 1.000000
0  0.332589 0.528031 -0.162458  1.000000 0.000000 0.000000  0.548971 0.493736  1  4 1.000000
0  0.332589 0.527969 0.495515  1.000000 0.000000 0.000000  0.631218 0.493743  1  4 1.000000
Material
0  0.282837 -0.284400 0.495276  0.000109 -0.000301 1.000000  1.000000 1.000000  1  4 1.000000
0  0.332589 0.527969 0.495515  0.000109 -0.000301 1.000000  0.131164 0.000000  1  4 1.000000
0  -0.425677 -0.361381 0.495330  0.000109 -0.000301 1.000000  0.978248 0.000000  1  4 1.000000
Material
0  -0.425809 0.527764 0.495776  -1.000000 0.000448 -0.000131  0.000000 0.000000  1  4 1.000000
0  -0.425652 0.527734 -0.707143  -1.000000 0.000448 -0.000131  1.000000 0.000000  1  4 1.000000
0  -0.426074 -0.361381 -0.526933  -1.000000 0.000448 -0.000131  1.000000 0.835217  1  4 1.000000
Material
0  -0.313365 -0.361381 -0.507299  0.168293 -0.195889 -0.966077  1.000000 0.835266  1  4 1.000000
0  -0.426074 -0.361381 -0.526933  0.168293 -0.195889 -0.966077  0.835217 0.835217  1  4 1.000000
0  -0.425652 0.527734 -0.707143  0.168293 -0.195889 -0.966077  0.000000 0.000000  1  4 1.000000
Material
0  0.258534 0.528051 -0.588020  0.966334 -0.194724 -0.168169  0.000000 0.000000  1  4 1.000000
0  0.332589 0.528031 -0.162458  0.966334 -0.194724 -0.168169  0.392767 0.000000  1  4 1.000000
0  0.332589 0.212830 0.202515  0.966334 -0.194724 -0.168169  1.000000 0.320817  1  4 1.000000
Material
0  0.332589 0.212830 0.202515  0.966334 -0.194724 -0.168168  1.000000 0.320817  1  4 1.000000
0  0.123994 -0.361381 -0.331235  0.966334 -0.194724 -0.168168  1.000000 0.905317  1  4 1.000000
0  0.106141 -0.361381 -0.433823  0.966334 -0.194724 -0.168168  0.905322 0.905322  1  4 1.000000
Material
0  0.332589 0.212830 0.202515  0.966326 -0.195322 -0.167521  0.320817 0.320817  1  4 1.000000
0  0.332589 -0.038313 0.495336  0.966326 -0.195322 -0.167521  0.697085 0.000000  1  4 1.000000
0  0.282837 -0.284400 0.495276  0.966326 -0.195322 -0.167521  1.000000 0.000000  1  4 1.000000
Material
0  0.282837 -0.284400 0.495276  0.966326 -0.195322 -0.167521  1.000000 0.000000  1  4 1.000000
0  0.195606 -0.361381 0.081851  0.966326 -0.195322 -0.167521  1.000000 0.452833  1  4 1.000000
0  0.123994 -0.361381 -0.331235  0.966326 -0.195322 -0.167521  0.905317 0.905317  1  4 1.000000
Material
0  0.332589 0.528031 -0.162458  -0.000486 1.000000 0.000132  0.607233 0.000000  1  4 1.000000
0  0.258534 0.528051 -0.588020  -0.000486 1.000000 0.000132  0.000000 0.000000  1  4 1.000000
0  -0.425652 0.527734 -0.707143  -0.000486 1.000000 0.000132  1.000000 0.000000  1  4 1.000000
Material
0  -0.425652 0.527734 -0.707143  -0.000270 1.000000 -0.000025  1.000000 0.000000  1  4 1.000000
0  -0.425809 0.527764 0.495776  -0.000270 1.000000 -0.000025  1.000000 1.000000  1  4 1.000000
0  0.332589 0.527969 0.495515  -0.000270 1.000000 -0.000025  0.131164 0.131164  1  4 1.000000
Material
0  0.123994 -0.361381 -0.331235  0.000000 -1.000000 0.000000  0.527874 0.937493  1  4 1.000000
0  0.195606 -0.361381 0.081851  0.000000 -1.000000 0.000000  0.579510 0.928541  1  4 1.000000
0  -0.280892 -0.361381 0.495311  0.000000 -1.000000 0.000000  0.631192 0.988103  1  4 1.000000
Material
0  -0.280892 -0.361381 0.495311  0.000000 -1.000000 -0.000000  0.631192 0.988103  1  4 1.000000
0  -0.425677 -0.361381 0.495330  0.000000 -1.000000 -0.000000  0.631195 1.006202  1  4 1.000000
0  -0.426074 -0.361381 -0.526933  0.000000 -1.000000 -0.000000  0.503412 1.006251  1  4 1.000000
Material
0  -0.426074 -0.361381 -0.526933  0.000000 -1.000000 0.000000  0.503412 1.006251  1  4 1.000000
0  -0.313365 -0.361381 -0.507299  0.000000 -1.000000 0.000000  0.505866 0.992163  1  4 1.000000
0  0.106141 -0.361381 -0.433823  0.000000 -1.000000 0.000000  0.515051 0.939724  1  4 1.000000
Material
0  0.106141 -0.361381 -0.433823  0.000000 -1.000000 0.000000  0.515051 0.939724  1  4 1.000000
0  0.123994 -0.361381 -0.331235  0.000000 -1.000000 0.000000  0.527874 0.937493  1  4 1.000000
0  -0.280892 -0.361381 0.495311  0.000000 -1.000000 0.000000  0.631192 0.988103  1  4 1.000000
Material
0  0.332589 -0.038313 0.495336  1.000000 -0.000023 0.000000  0.631196 0.564529  1  4 1.000000
0  0.332589 0.212830 0.202515  1.000000 -0.000023 0.000000  0.594593 0.533136  1  4 1.000000
0  0.332589 0.528031 -0.162458  1.000000 -0.000023 0.000000  0.548971 0.493736  1  4 1.000000
Material
0  -0.425677 -0.361381 0.495330  0.000131 -0.000501 1.000000  0.978248 0.000000  1  4 1.000000
0  -0.280892 -0.361381 0.495311  0.000131 -0.000501 1.000000  1.000000 0.204346  1  4 1.000000
0  0.282837 -0.284400 0.495276  0.000131 -0.000501 1.000000  1.000000 1.000000  1  4 1.000000
Material
0  0.282837 -0.284400 0.495276  0.000343 -0.000316 1.000000  1.000000 1.000000  1  4 1.000000
0  0.332589 -0.038313 0.495336  0.000343 -0.000316 1.000000  0.697085 0.697085  1  4 1.000000
0  0.332589 0.527969 0.495515  0.000343 -0.000316 1.000000  0.131164 0.000000  1  4 1.000000
Material
0  0.332589 0.527969 0.495515  0.000344 -0.000502 1.000000  0.131164 0.000000  1  4 1.000000
0  -0.425809 0.527764 0.495776  0.000344 -0.000502 1.000000  0.000000 0.000000  1  4 1.000000
0  -0.425677 -0.361381 0.495330  0.000344 -0.000502 1.000000  0.978248 0.000000  1  4 1.000000
Material
0  -0.606276 -0.326856 -0.593698  -0.000006 -0.000039 -1.000000  1.000000 0.113228  1  5 1.000000
0  0.425275 0.881136 -0.593752  -0.000006 -0.000039 -1.000000  0.269475 0.269475  1  5 1.000000
0  0.425275 0.024111 -0.593718  -0.000006 -0.000039 -1.000000  0.511003 0.000000  1  5 1.000000
Material
0  -0.607217 0.881085 0.301114  -0.999758 0.004004 0.021643  1.000000 1.000000  1  5 1.000000
0  -0.607058 -0.194805 0.507578  -0.999758 0.004004 0.021643  0.003588 0.000000  1  5 1.000000
0  -0.606823 -0.136374 0.507613  -0.999758 0.004004 0.021643  1.000000 0.044802  1  5 1.000000
Material
0  0.078374 0.881377 0.420783  0.811996 -0.038571 0.582386  1.000000 1.000000  1  5 1.000000
0  0.305091 -0.326856 0.024659  0.811996 -0.038571 0.582386  0.266355 0.000000  1  5 1.000000
0  0.425275 -0.233837 -0.136748  0.811996 -0.038571 0.582386  0.457922 0.000000  1  5 1.000000
Material
0  0.132223 -0.326856 0.265681  0.811319 -0.038721 0.583320  1.000000 0.096693  1  5 1.000000
0  -0.008048 0.378653 0.507613  0.811319 -0.038721 0.583320  0.488817 0.488817  1  5 1.000000
0  -0.035100 -0.188157 0.507613  0.811319 -0.038721 0.583320  0.243089 0.000000  1  5 1.000000
Material
0  -0.606258 0.881181 -0.593528  0.000043 1.000000 -0.000223  1.000000 0.000000  1  5 1.000000
0  0.078374 0.881377 0.420783  0.000043 1.000000 -0.000223  1.000000 1.000000  1  5 1.000000
0  0.425275 0.881255 -0.063087  0.000043 1.000000 -0.000223  0.523101 0.523101  1  5 1.000000
Material
0  -0.607217 0.881085 0.301114  -1.000000 -0.000252 -0.000712  1.000000 1.000000  1  5 1.000000
0  -0.606276 -0.326856 -0.593698  -1.000000 -0.000252 -0.000712  0.886772 0.000000  1  5 1.000000
0  -0.606698 -0.326856 -0.000377  -1.000000 -0.000252 -0.000712  0.538767 0.000000  1  5 1.000000
Material
0  -0.607058 -0.194805 0.507578  -0.416096 -0.880140 0.228512  1.000000 0.000000  1  5 1.000000
0  -0.606698 -0.326856 -0.000377  -0.416096 -0.880140 0.228512  1.000000 0.461233  1  5 1.000000
0  -0.398344 -0.326856 0.379013  -0.416096 -0.880140 0.228512  0.680158 0.000000  1  5 1.000000
Material
0  -0.607058 -0.194805 0.507578  0.007866 -0.691153 0.722665  1.000000 1.000000  1  5 1.000000
0  -0.030144 -0.326856 0.375005  0.007866 -0.691153 0.722665  0.555412 0.000000  1  5 1.000000
0  -0.067376 -0.188627 0.507613  0.007866 -0.691153 0.722665  0.828813 0.000000  1  5 1.000000
Material
0  0.269447 -0.326856 -0.593671  0.000705 -0.000449 -1.000000  1.000000 0.279729  1  5 1.000000
0  0.425275 0.024111 -0.593718  0.000705 -0.000449 -1.000000  1.000000 0.488997  1  5 1.000000
0  0.425275 -0.326856 -0.593561  0.000705 -0.000449 -1.000000  0.538623 0.052668  1  5 1.000000
Material
0  -0.030144 -0.326856 0.375005  0.010053 -0.690832 0.722945  0.555412 0.555412  1  5 1.000000
0  -0.035100 -0.188157 0.507613  0.010053 -0.690832 0.722945  1.000000 0.756911  1  5 1.000000
0  -0.067376 -0.188627 0.507613  0.010053 -0.690832 0.722945  0.828813 0.828813  1  5 1.000000
Material
0  0.425275 -0.271580 -0.263208  0.747623 -0.636385 0.189933  0.527572 0.000000  1  5 1.000000
0  0.305091 -0.326856 0.024659  0.747623 -0.636385 0.189933  1.000000 0.733645  1  5 1.000000
0  0.362813 -0.326856 -0.202549  0.747623 -0.636385 0.189933  0.440803 0.000000  1  5 1.000000
Material
0  0.425275 -0.271580 -0.263208  0.747096 -0.637453 0.188418  0.527572 0.527572  1  5 1.000000
0  0.362813 -0.326856 -0.202549  0.747096 -0.637453 0.188418  0.440803 0.440803  1  5 1.000000
0  0.425275 -0.326856 -0.450217  0.747096 -0.637453 0.188418  0.795023 0.521625  1  5 1.000000
Material
0  -0.035100 -0.188157 0.507613  -0.000054 -0.000597 1.000000  0.809795 0.627449  1  5 1.000000
0  -0.606823 -0.136374 0.507613  -0.000054 -0.000597 1.000000  0.881261 0.620976  1  5 1.000000
0  -0.607058 -0.194805 0.507578  -0.000054 -0.000597 1.000000  0.881263 0.628275  1  5 1.000000
Material
0  -0.398344 -0.326856 0.379013  0.000000 -1.000000 0.000000  0.490328 0.980201  1  5 1.000000
0  0.425275 -0.326856 -0.593561  0.000000 -1.000000 0.000000  0.368756 0.877248  1  5 1.000000
0  0.132223 -0.326856 0.265681  0.000000 -1.000000 0.000000  0.476161 0.913880  1  5 1.000000
Material
0  0.425275 -0.326856 -0.593561  1.000000 0.000000 0.000000  0.368756 0.644786  1  5 1.000000
0  0.425275 0.881136 -0.593752  1.000000 0.000000 0.000000  0.368732 0.493787  1  5 1.000000
0  0.425275 -0.233837 -0.136748  1.000000 0.000000 0.000000  0.425858 0.633159  1  5 1.000000
Material
0  -0.008048 0.378653 0.507613  -0.168578 0.195991 0.966007  1.000000 0.488817  1  5 1.000000
0  -0.607217 0.881085 0.301114  -0.168578 0.195991 0.966007  1.000000 1.000000  1  5 1.000000
0  -0.606823 -0.136374 0.507613  -0.168578 0.195991 0.966007  0.044802 0.044802  1  5 1.000000
Material
0  0.425275 0.024111 -0.593718  0.000032 -0.000150 -1.000000  0.511003 0.000000  1  5 1.000000
0  0.269447 -0.326856 -0.593671  0.000032 -0.000150 -1.000000  0.720271 0.000000  1  5 1.000000
0  -0.606276 -0.326856 -0.593698  0.000032 -0.000150 -1.000000  1.000000 0.113228  1  5 1.000000
Material
0  -0.606276 -0.326856 -0.593698  -0.000218 0.000141 -1.000000  1.000000 0.113228  1  5 1.000000
0  -0.606258 0.881181 -0.593528  -0.000218 0.000141 -1.000000  1.000000 1.000000  1  5 1.000000
0  0.425275 0.881136 -0.593752  -0.000218 0.000141 -1.000000  0.269475 0.269475  1  5 1.000000
Material
0  0.425275 -0.233837 -0.136748  0.812109 -0.038461 0.582236  0.457922 0.000000  1  5 1.000000
0  0.425275 0.881255 -0.063087  0.812109 -0.038461 0.582236  1.000000 0.523101  1  5 1.000000
0  0.078374 0.881377 0.420783  0.812109 -0.038461 0.582236  1.000000 1.000000  1  5 1.000000
Material
0  0.078374 0.881377 0.420783  0.811996 -0.038571 0.582386  1.000000 1.000000  1  5 1.000000
0  0.132223 -0.326856 0.265681  0.811996 -0.038571 0.582386  0.096693 0.096693  1  5 1.000000
0  0.305091 -0.326856 0.024659  0.811996 -0.038571 0.582386  0.266355 0.000000  1  5 1.000000
Material
0  -0.035100 -0.188157 0.507613  0.811319 -0.038722 0.583320  0.243089 0.000000  1  5 1.000000
0  0.054468 -0.326856 0.373829  0.811319 -0.038722 0.583320  0.634769 0.000000  1  5 1.000000
0  0.132223 -0.326856 0.265681  0.811319 -0.038722 0.583320  1.000000 0.096693  1  5 1.000000
Material
0  0.132223 -0.326856 0.265681  0.811319 -0.038721 0.583320  1.000000 0.096693  1  5 1.000000
0  0.078374 0.881377 0.420783  0.811319 -0.038721 0.583320  1.000000 1.000000  1  5 1.000000
0  -0.008048 0.378653 0.507613  0.811319 -0.038721 0.583320  0.488817 0.488817  1  5 1.000000
Material
0  0.425275 0.881255 -0.063087  0.000043 1.000000 -0.000223  0.523101 0.523101  1  5 1.000000
0  0.425275 0.881136 -0.593752  0.000043 1.000000 -0.000223  0.269475 0.000000  1  5 1.000000
0  -0.606258 0.881181 -0.593528  0.000043 1.000000 -0.000223  1.000000 0.000000  1  5 1.000000
Material
0  -0.606258 0.881181 -0.593528  -0.000446 1.000000 0.000107  1.000000 0.000000  1  5 1.000000
0  -0.607217 0.881085 0.301114  -0.000446 1.000000 0.000107  1.000000 1.000000  1  5 1.000000
0  0.078374 0.881377 0.420783  -0.000446 1.000000 0.000107  1.000000 1.000000  1  5 1.000000
Material
0  -0.606698 -0.326856 -0.000377  -1.000000 -0.000271 -0.000638  0.538767 0.000000  1  5 1.000000
0  -0.607058 -0.194805 0.507578  -1.000000 -0.000271 -0.000638  1.000000 0.000000  1  5 1.000000
0  -0.607217 0.881085 0.301114  -1.000000 -0.000271 -0.000638  1.000000 1.000000  1  5 1.000000
Material
0  -0.607217 0.881085 0.301114  -0.999999 0.000015 -0.001072  1.000000 1.000000  1  5 1.000000
0  -0.606258 0.881181 -0.593528  -0.999999 0.000015 -0.001072  0.000000 0.000000  1  5 1.000000
0  -0.606276 -0.326856 -0.593698  -0.999999 0.000015 -0.001072  0.886772 0.000000  1  5 1.000000
Material
0  -0.607058 -0.194805 0.507578  0.007866 -0.691153 0.722666  1.000000 1.000000  1  5 1.000000
0  -0.398344 -0.326856 0.379013  0.007866 -0.691153 0.722666  0.680158 0.680158  1  5 1.000000
0  -0.030144 -0.326856 0.375005  0.007866 -0.691153 0.722666  0.555412 0.000000  1  5 1.000000
Material
0  -0.030144 -0.326856 0.375005  0.010054 -0.690832 0.722945  0.555412 0.555412  1  5 1.000000
0  0.054468 -0.326856 0.373829  0.010054 -0.690832 0.722945  1.000000 0.365231  1  5 1.000000
0  -0.035100 -0.188157 0.507613  0.010054 -0.690832 0.722945  1.000000 0.756911  1  5 1.000000
Material
0  0.425275 -0.271580 -0.263208  0.747622 -0.636386 0.189933  0.527572 0.000000  1  5 1.000000
0  0.425275 -0.233837 -0.136748  0.747622 -0.636386 0.189933  1.000000 0.542078  1  5 1.000000
0  0.305091 -0.326856 0.024659  0.747622 -0.636386 0.189933  1.000000 0.733645  1  5 1.000000
Material
0  -0.607058 -0.194805 0.507578  -0.000307 0.020814 0.999783  0.881263 0.628275  1  5 1.000000
0  -0.067376 -0.188627 0.507613  -0.000307 0.020814 0.999783  0.813830 0.627507  1  5 1.000000
0  -0.035100 -0.188157 0.507613  -0.000307 0.020814 0.999783  0.809795 0.627449  1  5 1.000000
Material
0  -0.035100 -0.188157 0.507613  0.000000 0.000000 1.000000  0.809795 0.627449  1  5 1.000000
0  -0.008048 0.378653 0.507613  0.000000 0.000000 1.000000  0.806414 0.556598  1  5 1.000000
0  -0.606823 -0.136374 0.507613  0.000000 0.000000 1.000000  0.881261 0.620976  1  5 1.000000
Material
0  0.054468 -0.326856 0.373829  0.000000 -1.000000 0.000000  0.489680 0.923599  1  5 1.000000
0  -0.030144 -0.326856 0.375005  0.000000 -1.000000 0.000000  0.489827 0.934176  1  5 1.000000
0  -0.398344 -0.326856 0.379013  0.000000 -1.000000 0.000000  0.490328 0.980201  1  5 1.000000
Material
0  -0.398344 -0.326856 0.379013  0.000000 -1.000000 0.000000  0.490328 0.980201  1  5 1.000000
0  -0.606698 -0.326856 -0.000377  0.000000 -1.000000 0.000000  0.442904 1.006245  1  5 1.000000
0  -0.606276 -0.326856 -0.593698  0.000000 -1.000000 0.000000  0.368739 1.006192  1  5 1.000000
Material
0  -0.606276 -0.326856 -0.593698  0.000000 -1.000000 0.000081  0.368739 1.006192  1  5 1.000000
0  0.269447 -0.326856 -0.593671  0.000000 -1.000000 0.000081  0.368742 0.896727  1  5 1.000000
0  0.425275 -0.326856 -0.593561  0.000000 -1.000000 0.000081  0.368756 0.877248  1  5 1.000000
Material
0  0.425275 -0.326856 -0.593561  0.000000 -1.000000 0.000000  0.368756 0.877248  1  5 1.000000
0  0.425275 -0.326856 -0.450217  0.000000 -1.000000 0.000000  0.386674 0.877248  1  5 1.000000
0  0.362813 -0.326856 -0.202549  0.000000 -1.000000 0.000000  0.417633 0.885056  1  5 1.000000
Material
0  0.362813 -0.326856 -0.202549  0.000000 -1.000000 -0.000000  0.417633 0.885056  1  5 1.000000
0  0.305091 -0.326856 0.024659  0.000000 -1.000000 -0.000000  0.446034 0.892272  1  5 1.000000
0  0.132223 -0.326856 0.265681  0.000000 -1.000000 -0.000000  0.476161 0.913880  1  5 1.000000
Material
0  0.132223 -0.326856 0.265681  0.000000 -1.000000 0.000000  0.476161 0.913880  1  5 1.000000
0  0.054468 -0.326856 0.373829  0.000000 -1.000000 0.000000  0.489680 0.923599  1  5 1.000000
0  -0.398344 -0.326856 0.379013  0.000000 -1.000000 0.000000  0.490328 0.980201  1  5 1.000000
Material
0  -0.398344 -0.326856 0.379013  0.000000 -1.000000 0.000000  0.490328 0.980201  1  5 1.000000
0  -0.606276 -0.326856 -0.593698  0.000000 -1.000000 0.000000  0.368739 1.006192  1  5 1.000000
0  0.425275 -0.326856 -0.593561  0.000000 -1.000000 0.000000  0.368756 0.877248  1  5 1.000000
Material
0  0.425275 -0.326856 -0.593561  0.000000 -1.000000 0.000000  0.368756 0.877248  1  5 1.000000
0  0.362813 -0.326856 -0.202549  0.000000 -1.000000 0.000000  0.417633 0.885056  1  5 1.000000
0  0.132223 -0.326856 0.265681  0.000000 -1.000000 0.000000  0.476161 0.913880  1  5 1.000000
Material
0  0.425275 -0.271580 -0.263208  1.000000 0.000000 0.000000  0.410050 0.637877  1  5 1.000000
0  0.425275 -0.326856 -0.450217  1.000000 0.000000 0.000000  0.386674 0.644786  1  5 1.000000
0  0.425275 -0.326856 -0.593561  1.000000 0.000000 0.000000  0.368756 0.644786  1  5 1.000000
Material
0  0.425275 -0.326856 -0.593561  1.000000 0.000000 0.000000  0.368756 0.644786  1  5 1.000000
0  0.425275 0.024111 -0.593718  1.000000 0.000000 0.000000  0.368737 0.600915  1  5 1.000000
0  0.425275 0.881136 -0.593752  1.000000 0.000000 0.000000  0.368732 0.493787  1  5 1.000000
Material
0  0.425275 0.881136 -0.593752  1.000000 0.000000 0.000000  0.368732 0.493787  1  5 1.000000
0  0.425275 0.881255 -0.063087  1.000000 0.000000 0.000000  0.435065 0.493772  1  5 1.000000
0  0.425275 -0.233837 -0.136748  1.000000 0.000000 0.000000  0.425858 0.633159  1  5 1.000000
Material
0  0.425275 -0.233837 -0.136748  1.000000 0.000000 0.000000  0.425858 0.633159  1  5 1.000000
0  0.425275 -0.271580 -0.263208  1.000000 0.000000 0.000000  0.410050 0.637877  1  5 1.000000
0  0.425275 -0.326856 -0.593561  1.000000 0.000000 0.000000  0.368756 0.644786  1  5 1.000000
Material
0  -0.008048 0.378653 0.507613  -0.168699 0.195849 0.966014  1.000000 0.488817  1  5 1.000000
0  0.078374 0.881377 0.420783  -0.168699 0.195849 0.966014  1.000000 0.000000  1  5 1.000000
0  -0.607217 0.881085 0.301114  -0.168699 0.195849 0.966014  1.000000 1.000000  1  5 1.000000
Material
0  -0.469585 -0.684258 -0.328209  -1.000000 -0.000105 -0.000060  1.000000 0.000000  1  6 1.000000
0  -0.469760 0.378355 0.709676  -1.000000 -0.000105 -0.000060  1.000000 0.893688  1  6 1.000000
0  -0.469711 0.378355 -0.093109  -1.000000 -0.000105 -0.000060  0.187007 0.187007  1  6 1.000000
Material
0  0.583552 -0.683954 -0.116926  0.000136 -1.000000 0.000578  1.000000 0.622757  1  6 1.000000
0  -0.469772 -0.683619 0.709371  0.000136 -1.000000 0.000578  0.000000 0.000000  1  6 1.000000
0  -0.386220 -0.684236 -0.377359  0.000136 -1.000000 0.000578  0.127743 0.000000  1  6 1.000000
Material
0  0.583552 0.269422 0.709578  0.000581 0.002029 0.999998  0.990966 0.990966  1  6 1.000000
0  0.471115 0.378355 0.709423  0.000581 0.002029 0.999998  0.666480 0.666480  1  6 1.000000
0  0.090304 0.378355 0.709644  0.000581 0.002029 0.999998  1.000000 0.530141  1  6 1.000000
Material
0  -0.469772 -0.683619 0.709371  0.000488 -0.002591 0.999997  0.000000 0.000000  1  6 1.000000
0  0.583552 -0.683708 0.708857  0.000488 -0.002591 0.999997  0.876378 0.000000  1  6 1.000000
0  0.583552 -0.541888 0.709224  0.000488 -0.002591 0.999997  0.829563 0.829563  1  6 1.000000
Material
0  0.408542 -0.684011 -0.377359  0.829801 0.021930 -0.557629  0.649348 0.000000  1  6 1.000000
0  0.583552 -0.043943 -0.091757  0.829801 0.021930 -0.557629  0.626244 0.000000  1  6 1.000000
0  0.583552 -0.683954 -0.116926  0.829801 0.021930 -0.557629  0.377243 0.000000  1  6 1.000000
Material
0  -0.469585 -0.684258 -0.328209  -0.507624 0.032244 -0.860975  0.000000 0.000000  1  6 1.000000
0  -0.380954 -0.601330 -0.377359  -0.507624 0.032244 -0.860975  0.135946 0.000000  1  6 1.000000
0  -0.386220 -0.684236 -0.377359  -0.507624 0.032244 -0.860975  0.127744 0.127744  1  6 1.000000
Material
0  -0.469404 0.338721 -0.288359  -0.508563 0.033606 -0.860369  1.000000 0.000000  1  6 1.000000
0  -0.380954 -0.601330 -0.377359  -0.508563 0.033606 -0.860369  0.135946 0.135946  1  6 1.000000
0  -0.469585 -0.684258 -0.328209  -0.508563 0.033606 -0.860369  0.000000 0.000000  1  6 1.000000
Material
0  -0.469404 0.338721 -0.288359  -0.008334 0.690164 -0.723605  0.000000 0.000000  1  6 1.000000
0  -0.212479 0.248511 -0.377359  -0.008334 0.690164 -0.723605  0.345203 0.000000  1  6 1.000000
0  -0.324887 0.247154 -0.377359  -0.008334 0.690164 -0.723605  0.221728 0.221728  1  6 1.000000
Material
0  0.583552 -0.043943 -0.091757  0.669930 0.691421 -0.270427  0.626244 0.626244  1  6 1.000000
0  0.270203 0.147962 -0.377359  0.669930 0.691421 -0.270427  0.134488 0.000000  1  6 1.000000
0  0.471115 0.378355 0.709423  0.669930 0.691421 -0.270427  1.000000 0.666480  1  6 1.000000
Material
0  -0.469701 0.349296 -0.277776  -0.134448 0.978874 -0.154042  1.000000 0.000000  1  6 1.000000
0  -0.469711 0.378355 -0.093109  -0.134448 0.978874 -0.154042  1.000000 0.187007  1  6 1.000000
0  -0.388102 0.378355 -0.164337  -0.134448 0.978874 -0.154042  0.885053 0.000000  1  6 1.000000
Material
0  0.270203 0.147962 -0.377359  0.669024 0.692143 -0.270822  0.134488 0.134488  1  6 1.000000
0  0.081053 0.378355 -0.255808  0.669024 0.692143 -0.270822  0.850333 0.000000  1  6 1.000000
0  0.254969 0.378355 0.173825  0.669024 0.692143 -0.270822  0.573580 0.573580  1  6 1.000000
Material
0  -0.388102 0.378355 -0.164337  -0.133545 0.978895 -0.154698  1.000000 0.114947  1  6 1.000000
0  -0.286683 0.378355 -0.251889  -0.133545 0.978895 -0.154698  0.645754 0.000000  1  6 1.000000
0  -0.469701 0.349296 -0.277776  -0.133545 0.978895 -0.154698  1.000000 0.000000  1  6 1.000000
Material
0  -0.469701 0.349296 -0.277776  -0.999569 0.001320 -0.029340  0.000000 0.000000  1  6 1.000000
0  -0.469404 0.338721 -0.288359  -0.999569 0.001320 -0.029340  1.000000 0.000000  1  6 1.000000
0  -0.469585 -0.684258 -0.328209  -0.999569 0.001320 -0.029340  1.000000 1.000000  1  6 1.000000
Material
0  -0.248418 0.378355 -0.252554  -0.012284 0.707152 -0.706955  1.000000 0.572017  1  6 1.000000
0  -0.469701 0.349296 -0.277776  -0.012284 0.707152 -0.706955  0.000000 0.000000  1  6 1.000000
0  -0.286683 0.378355 -0.251889  -0.012284 0.707152 -0.706955  0.354246 0.000000  1  6 1.000000
Material
0  -0.212479 0.248511 -0.377359  -0.007130 0.691936 -0.721924  1.000000 0.654797  1  6 1.000000
0  -0.248418 0.378355 -0.252554  -0.007130 0.691936 -0.721924  0.572017 0.572017  1  6 1.000000
0  0.081053 0.378355 -0.255808  -0.007130 0.691936 -0.721924  0.149667 0.000000  1  6 1.000000
Material
0  -0.380954 -0.601330 -0.377359  0.000000 0.000000 -1.000000  0.129791 0.745937  1  6 1.000000
0  -0.212479 0.248511 -0.377359  0.000000 0.000000 -1.000000  0.150850 0.639707  1  6 1.000000
0  0.270203 0.147962 -0.377359  0.000000 0.000000 -1.000000  0.211186 0.652275  1  6 1.000000
Material
0  0.583552 -0.683954 -0.116926  1.000000 -0.000000 0.000000  0.527981 0.756265  1  6 1.000000
0  0.583552 0.269422 0.709578  1.000000 -0.000000 0.000000  0.631295 0.637384  1  6 1.000000
0  0.583552 -0.541888 0.709224  1.000000 -0.000000 0.000000  0.631250 0.738506  1  6 1.000000
Material
0  -0.388102 0.378355 -0.164337  0.000000 1.000000 0.000000  0.522055 0.253898  1  6 1.000000
0  0.471115 0.378355 0.709423  0.000000 1.000000 0.000000  0.631275 0.361300  1  6 1.000000
0  0.081053 0.378355 -0.255808  0.000000 1.000000 0.000000  0.510621 0.312542  1  6 1.000000
Material
0  0.583552 -0.541888 0.709224  0.000058 -0.000425 1.000000  0.829563 0.000000  1  6 1.000000
0  0.090304 0.378355 0.709644  0.000058 -0.000425 1.000000  0.530141 0.530141  1  6 1.000000
0  -0.469760 0.378355 0.709676  0.000058 -0.000425 1.000000  0.106312 0.000000  1  6 1.000000
Material
0  -0.469711 0.378355 -0.093109  -1.000000 -0.000109 -0.000041  0.187007 0.187007  1  6 1.000000
0  -0.469701 0.349296 -0.277776  -1.000000 -0.000109 -0.000041  0.000000 0.000000  1  6 1.000000
0  -0.469585 -0.684258 -0.328209  -1.000000 -0.000109 -0.000041  1.000000 0.000000  1  6 1.000000
Material
0  -0.469585 -0.684258 -0.328209  -1.000000 0.000011 -0.000179  1.000000 0.000000  1  6 1.000000
0  -0.469772 -0.683619 0.709371  -1.000000 0.000011 -0.000179  1.000000 0.000000  1  6 1.000000
0  -0.469760 0.378355 0.709676  -1.000000 0.000011 -0.000179  1.000000 0.893688  1  6 1.000000
Material
0  -0.386220 -0.684236 -0.377359  0.000283 -1.000000 0.000029  0.127743 0.000000  1  6 1.000000
0  0.408542 -0.684011 -0.377359  0.000283 -1.000000 0.000029  1.000000 0.350652  1  6 1.000000
0  0.583552 -0.683954 -0.116926  0.000283 -1.000000 0.000029  1.000000 0.622757  1  6 1.000000
Material
0  0.583552 -0.683954 -0.116926  -0.000084 -1.000000 0.000297  1.000000 0.622757  1  6 1.000000
0  0.583552 -0.683708 0.708857  -0.000084 -1.000000 0.000297  0.876378 0.876378  1  6 1.000000
0  -0.469772 -0.683619 0.709371  -0.000084 -1.000000 0.000297  0.000000 0.000000  1  6 1.000000
Material
0  -0.469772 -0.683619 0.709371  0.000629 -1.000000 0.000616  0.000000 0.000000  1  6 1.000000
0  -0.469585 -0.684258 -0.328209  0.000629 -1.000000 0.000616  0.000000 0.000000  1  6 1.000000
0  -0.386220 -0.684236 -0.377359  0.000629 -1.000000 0.000616  0.127743 0.000000  1  6 1.000000
Material
0  0.408542 -0.684011 -0.377359  0.829722 0.022003 -0.557743  0.649348 0.000000  1  6 1.000000
0  0.389546 0.032318 -0.377359  0.829722 0.022003 -0.557743  0.232653 0.000000  1  6 1.000000
0  0.583552 -0.043943 -0.091757  0.829722 0.022003 -0.557743  0.626244 0.000000  1  6 1.000000
Material
0  -0.469404 0.338721 -0.288359  -0.508562 0.033606 -0.860369  1.000000 0.000000  1  6 1.000000
0  -0.324887 0.247154 -0.377359  -0.508562 0.033606 -0.860369  1.000000 0.221728  1  6 1.000000
0  -0.380954 -0.601330 -0.377359  -0.508562 0.033606 -0.860369  0.135946 0.135946  1  6 1.000000
Material
0  0.471115 0.378355 0.709423  0.670115 0.691281 -0.270328  1.000000 0.666480  1  6 1.000000
0  0.583552 0.269422 0.709578  0.670115 0.691281 -0.270328  1.000000 0.990965  1  6 1.000000
0  0.583552 -0.043943 -0.091757  0.670115 0.691281 -0.270328  0.626244 0.626244  1  6 1.000000
Material
0  0.583552 -0.043943 -0.091757  0.669951 0.691381 -0.270478  0.626244 0.626244  1  6 1.000000
0  0.389546 0.032318 -0.377359  0.669951 0.691381 -0.270478  0.232653 0.232653  1  6 1.000000
0  0.270203 0.147962 -0.377359  0.669951 0.691381 -0.270478  0.134488 0.000000  1  6 1.000000
Material
0  0.270203 0.147962 -0.377359  0.670096 0.691262 -0.270424  0.134488 0.000000  1  6 1.000000
0  0.254969 0.378355 0.173825  0.670096 0.691262 -0.270424  0.573580 0.000000  1  6 1.000000
0  0.471115 0.378355 0.709423  0.670096 0.691262 -0.270424  1.000000 0.666480  1  6 1.000000
Material
0  0.270203 0.147962 -0.377359  0.669024 0.692143 -0.270822  0.134488 0.134488  1  6 1.000000
0  0.162185 0.252371 -0.377359  0.669024 0.692143 -0.270822  0.494379 0.000000  1  6 1.000000
0  0.081053 0.378355 -0.255808  0.669024 0.692143 -0.270822  0.850333 0.000000  1  6 1.000000
Material
0  -0.248418 0.378355 -0.252554  -0.012284 0.707154 -0.706953  1.000000 0.572017  1  6 1.000000
0  -0.469404 0.338721 -0.288359  -0.012284 0.707154 -0.706953  1.000000 1.000000  1  6 1.000000
0  -0.469701 0.349296 -0.277776  -0.012284 0.707154 -0.706953  0.000000 0.000000  1  6 1.000000
Material
0  0.081053 0.378355 -0.255808  -0.007130 0.691936 -0.721923  0.149667 0.000000  1  6 1.000000
0  0.162185 0.252371 -0.377359  -0.007130 0.691936 -0.721923  0.505621 0.000000  1  6 1.000000
0  -0.212479 0.248511 -0.377359  -0.007130 0.691936 -0.721923  1.000000 0.654797  1  6 1.000000
Material
0  -0.212479 0.248511 -0.377359  -0.007130 0.691936 -0.721924  1.000000 0.654797  1  6 1.000000
0  -0.469404 0.338721 -0.288359  -0.007130 0.691936 -0.721924  1.000000 1.000000  1  6 1.000000
0  -0.248418 0.378355 -0.252554  -0.007130 0.691936 -0.721924  0.572017 0.572017  1  6 1.000000
Material
0  0.270203 0.147962 -0.377359  0.000000 0.000000 -1.000000  0.211186 0.652275  1  6 1.000000
0  0.389546 0.032318 -0.377359  0.000000 0.000000 -1.000000  0.226104 0.666731  1  6 1.000000
0  0.408542 -0.684011 -0.377359  0.000000 0.000000 -1.000000  0.228478 0.756272  1  6 1.000000
Material
0  0.408542 -0.684011 -0.377359  -0.000000 0.000000 -1.000000  0.228478 0.756272  1  6 1.000000
0  -0.386220 -0.684236 -0.377359  -0.000000 0.000000 -1.000000  0.129133 0.756300  1  6 1.000000
0  -0.380954 -0.601330 -0.377359  -0.000000 0.000000 -1.000000  0.129791 0.745937  1  6 1.000000
Material
0  -0.380954 -0.601330 -0.377359  -0.000000 0.000000 -1.000000  0.129791 0.745937  1  6 1.000000
0  -0.324887 0.247154 -0.377359  -0.000000 0.000000 -1.000000  0.136800 0.639876  1  6 1.000000
0  -0.212479 0.248511 -0.377359  -0.000000 0.000000 -1.000000  0.150850 0.639707  1  6 1.000000
Material
0  -0.212479 0.248511 -0.377359  0.000000 0.000000 -1.000000  0.150850 0.639707  1  6 1.000000
0  0.162185 0.252371 -0.377359  0.000000 0.000000 -1.000000  0.197683 0.639224  1  6 1.000000
0  0.270203 0.147962 -0.377359  0.000000 0.000000 -1.000000  0.211186 0.652275  1  6 1.000000
Material
0  0.270203 0.147962 -0.377359  -0.000000 0.000000 -1.000000  0.211186 0.652275  1  6 1.000000
0  0.408542 -0.684011 -0.377359  -0.000000 0.000000 -1.000000  0.228478 0.756272  1  6 1.000000
0  -0.380954 -0.601330 -0.377359  -0.000000 0.000000 -1.000000  0.129791 0.745937  1  6 1.000000
Material
0  0.583552 -0.541888 0.709224  1.000000 0.000000 0.000000  0.631250 0.738506  1  6 1.000000
0  0.583552 -0.683708 0.708857  1.000000 0.000000 0.000000  0.631204 0.756234  1  6 1.000000
0  0.583552 -0.683954 -0.116926  1.000000 0.000000 0.000000  0.527981 0.756265  1  6 1.000000
Material
0  0.583552 -0.683954 -0.116926  1.000000 0.000000 0.000000  0.527981 0.756265  1  6 1.000000
0  0.583552 -0.043943 -0.091757  1.000000 0.000000 0.000000  0.531128 0.676263  1  6 1.000000
0  0.583552 0.269422 0.709578  1.000000 0.000000 0.000000  0.631295 0.637384  1  6 1.000000
Material
0  -0.248418 0.378355 -0.252554  0.000000 1.000000 0.000002  0.511028 0.271358  1  6 1.000000
0  -0.286683 0.378355 -0.251889  0.000000 1.000000 0.000002  0.511111 0.266575  1  6 1.000000
0  -0.388102 0.378355 -0.164337  0.000000 1.000000 0.000002  0.522055 0.253898  1  6 1.000000
Material
0  -0.388102 0.378355 -0.164337  0.000000 1.000000 0.000000  0.522055 0.253898  1  6 1.000000
0  -0.469711 0.378355 -0.093109  0.000000 1.000000 0.000000  0.530959 0.243696  1  6 1.000000
0  -0.469760 0.378355 0.709676  0.000000 1.000000 0.000000  0.631307 0.243690  1  6 1.000000
Material
0  -0.469760 0.378355 0.709676  0.000000 1.000000 -0.000267  0.631307 0.243690  1  6 1.000000
0  0.090304 0.378355 0.709644  0.000000 1.000000 -0.000267  0.631303 0.313698  1  6 1.000000
0  0.471115 0.378355 0.709423  0.000000 1.000000 -0.000267  0.631275 0.361300  1  6 1.000000
Material
0  0.471115 0.378355 0.709423  0.000000 1.000000 -0.000052  0.631275 0.361300  1  6 1.000000
0  0.254969 0.378355 0.173825  0.000000 1.000000 -0.000052  0.564325 0.334281  1  6 1.000000
0  0.081053 0.378355 -0.255808  0.000000 1.000000 -0.000052  0.510621 0.312542  1  6 1.000000
Material
0  0.081053 0.378355 -0.255808  0.000000 1.000000 0.000000  0.510621 0.312542  1  6 1.000000
0  -0.248418 0.378355 -0.252554  0.000000 1.000000 0.000000  0.511028 0.271358  1  6 1.000000
0  -0.388102 0.378355 -0.164337  0.000000 1.000000 0.000000  0.522055 0.253898  1  6 1.000000
Material
0  -0.388102 0.378355 -0.164337  0.000000 1.000000 0.000000  0.522055 0.253898  1  6 1.000000
0  -0.469760 0.378355 0.709676  0.000000 1.000000 0.000000  0.631307 0.243690  1  6 1.000000
0  0.471115 0.378355 0.709423  0.000000 1.000000 0.000000  0.631275 0.361300  1  6 1.000000
Material
0  -0.469760 0.378355 0.709676  0.000178 -0.000288 1.000000  0.106312 0.000000  1  6 1.000000
0  -0.469772 -0.683619 0.709371  0.000178 -0.000288 1.000000  0.000000 0.000000  1  6 1.000000
0  0.583552 -0.541888 0.709224  0.000178 -0.000288 1.000000  0.829563 0.000000  1  6 1.000000
Material
0  0.583552 -0.541888 0.709224  0.000036 -0.000436 1.000000  0.829563 0.000000  1  6 1.000000
0  0.583552 0.269422 0.709578  0.000036 -0.000436 1.000000  0.997037 0.997037  1  6 1.000000
0  0.090304 0.378355 0.709644  0.000036 -0.000436 1.000000  0.530141 0.530141  1  6 1.000000
Material
0  -0.101595 0.091890 0.164389  -0.284199 0.536806 0.794400  0.829790 0.000000  1  7 1.000000
0  0.092997 -0.010868 0.303442  -0.284199 0.536806 0.794400  1.000000 0.829142  1  7 1.000000
0  0.092997 0.260465 0.120092  -0.284199 0.536806 0.794400  0.285294 0.114398  1  7 1.000000
Material
0  0.060226 0.270980 0.101051  -0.332300 0.566862 0.753820  0.717633 0.717633  1  7 1.000000
0  -0.101593 0.100105 0.158212  -0.332300 0.566862 0.753820  0.168739 0.168739  1  7 1.000000
0  -0.101595 0.091890 0.164389  -0.332300 0.566862 0.753820  1.000000 0.170210  1  7 1.000000
Material
0  0.092997 -0.034643 -0.302800  -0.717198 0.526446 -0.456598  0.170306 0.000000  1  7 1.000000
0  -0.101593 0.100105 0.158212  -0.717198 0.526446 -0.456598  1.000000 0.168739  1  7 1.000000
0  0.060226 0.270980 0.101051  -0.717198 0.526446 -0.456598  1.000000 0.717633  1  7 1.000000
Material
0  -0.101594 -0.110275 -0.083310  -0.620356 -0.532061 -0.576254  0.169357 0.000000  1  7 1.000000
0  0.092997 -0.069106 -0.330806  -0.620356 -0.532061 -0.576254  1.000000 0.169890  1  7 1.000000
0  -0.101600 -0.137343 -0.058312  -0.620356 -0.532061 -0.576254  1.000000 0.829070  1  7 1.000000
Material
0  0.092997 -0.383470 -0.028448  -0.608181 -0.550268 -0.572119  1.000000 0.168334  1  7 1.000000
0  -0.101600 -0.137343 -0.058312  -0.608181 -0.550268 -0.572119  0.829070 0.829070  1  7 1.000000
0  0.092997 -0.069106 -0.330806  -0.608181 -0.550268 -0.572119  0.169890 0.169890  1  7 1.000000
Material
0  0.092997 -0.034643 -0.302800  -0.719013 0.523585 -0.457033  1.000000 0.829694  1  7 1.000000
0  -0.101594 -0.110275 -0.083310  -0.719013 0.523585 -0.457033  0.169357 0.169357  1  7 1.000000
0  -0.101598 0.030838 0.078356  -0.719013 0.523585 -0.457033  1.000000 0.168907  1  7 1.000000
Material
0  0.060226 0.270980 0.101051  0.415466 0.880331 -0.228923  0.807312 0.139144  1  7 1.000000
0  0.092997 0.260465 0.120092  0.415466 0.880331 -0.228923  0.874115 0.169709  1  7 1.000000
0  0.092997 0.229773 0.002065  0.415466 0.880331 -0.228923  0.839025 0.133736  1  7 1.000000
Material
0  0.092997 -0.063560 -0.335927  1.000000 0.000000 0.000000  0.381353 0.698228  1  7 1.000000
0  0.092997 0.229773 0.002065  1.000000 0.000000 0.000000  0.423602 0.661561  1  7 1.000000
0  0.092997 -0.010868 0.303442  1.000000 0.000000 0.000000  0.461275 0.691641  1  7 1.000000
Material
0  -0.101614 -0.202062 0.003950  -1.000000 0.000078 -0.000026  0.759093 0.145153  1  7 1.000000
0  -0.101595 0.091890 0.164389  -1.000000 0.000078 -0.000026  0.672531 0.370771  1  7 1.000000
0  -0.101598 0.030838 0.078356  -1.000000 0.000078 -0.000026  0.640905 0.288204  1  7 1.000000
Material
0  0.092997 -0.383470 -0.028448  -0.443868 -0.595723 0.669399  0.831666 0.000000  1  7 1.000000
0  -0.101611 0.027274 0.208047  -0.443868 -0.595723 0.669399  0.170165 0.170165  1  7 1.000000
0  -0.101614 -0.202062 0.003950  -0.443868 -0.595723 0.669399  0.171203 0.000000  1  7 1.000000
Material
0  0.092997 0.260465 0.120092  -0.286982 0.539309 0.791699  0.285294 0.114398  1  7 1.000000
0  0.060226 0.270980 0.101051  -0.286982 0.539309 0.791699  0.275061 0.000000  1  7 1.000000
0  -0.101595 0.091890 0.164389  -0.286982 0.539309 0.791699  0.829790 0.000000  1  7 1.000000
Material
0  -0.101595 0.091890 0.164389  -0.284199 0.536806 0.794400  0.829790 0.000000  1  7 1.000000
0  -0.101611 0.027274 0.208047  -0.284199 0.536806 0.794400  1.000000 0.170165  1  7 1.000000
0  0.092997 -0.010868 0.303442  -0.284199 0.536806 0.794400  1.000000 0.829142  1  7 1.000000
Material
0  0.060226 0.270980 0.101051  -0.717198 0.526446 -0.456598  1.000000 0.717633  1  7 1.000000
0  0.092997 0.229773 0.002065  -0.717198 0.526446 -0.456598  0.815122 0.644117  1  7 1.000000
0  0.092997 -0.034643 -0.302800  -0.717198 0.526446 -0.456598  0.170306 0.000000  1  7 1.000000
Material
0  0.092997 -0.034643 -0.302800  -0.717198 0.526446 -0.456598  0.170306 0.000000  1  7 1.000000
0  -0.101598 0.030838 0.078356  -0.717198 0.526446 -0.456598  0.831093 0.000000  1  7 1.000000
0  -0.101593 0.100105 0.158212  -0.717198 0.526446 -0.456598  1.000000 0.168739  1  7 1.000000
Material
0  -0.101594 -0.110275 -0.083310  -0.620356 -0.532061 -0.576255  0.169357 0.000000  1  7 1.000000
0  0.092997 -0.063560 -0.335927  -0.620356 -0.532061 -0.576255  0.829784 0.000000  1  7 1.000000
0  0.092997 -0.069106 -0.330806  -0.620356 -0.532061 -0.576255  1.000000 0.169890  1  7 1.000000
Material
0  0.092997 -0.383470 -0.028448  -0.608182 -0.550269 -0.572119  1.000000 0.168334  1  7 1.000000
0  -0.101614 -0.202062 0.003950  -0.608182 -0.550269 -0.572119  1.000000 0.828797  1  7 1.000000
0  -0.101600 -0.137343 -0.058312  -0.608182 -0.550269 -0.572119  0.829070 0.829070  1  7 1.000000
Material
0  0.092997 -0.034643 -0.302800  -0.719012 0.523585 -0.457033  1.000000 0.829694  1  7 1.000000
0  0.092997 -0.063560 -0.335927  -0.719012 0.523585 -0.457033  0.829784 0.829784  1  7 1.000000
0  -0.101594 -0.110275 -0.083310  -0.719012 0.523585 -0.457033  0.169357 0.169357  1  7 1.000000
Material
0  0.092997 -0.383470 -0.028448  1.000000 0.000010 0.000000  0.419788 0.738217  1  7 1.000000
0  0.092997 -0.069106 -0.330806  1.000000 0.000010 0.000000  0.381994 0.698921  1  7 1.000000
0  0.092997 -0.063560 -0.335927  1.000000 0.000010 0.000000  0.381353 0.698228  1  7 1.000000
Material
0  0.092997 -0.063560 -0.335927  1.000000 0.000132 0.000000  0.381353 0.698228  1  7 1.000000
0  0.092997 -0.034643 -0.302800  1.000000 0.000132 0.000000  0.385494 0.694613  1  7 1.000000
0  0.092997 0.229773 0.002065  1.000000 0.000132 0.000000  0.423602 0.661561  1  7 1.000000
Material
0  0.092997 0.229773 0.002065  1.000000 -0.000000 0.000000  0.423602 0.661561  1  7 1.000000
0  0.092997 0.260465 0.120092  1.000000 -0.000000 0.000000  0.438356 0.657725  1  7 1.000000
0  0.092997 -0.010868 0.303442  1.000000 -0.000000 0.000000  0.461275 0.691641  1  7 1.000000
Material
0  0.092997 -0.010868 0.303442  1.000000 -0.000000 0.000000  0.461275 0.691641  1  7 1.000000
0  0.092997 -0.383470 -0.028448  1.000000 -0.000000 0.000000  0.419788 0.738217  1  7 1.000000
0  0.092997 -0.063560 -0.335927  1.000000 -0.000000 0.000000  0.381353 0.698228  1  7 1.000000
Material
0  -0.101594 -0.110275 -0.083310  -1.000000 0.000014 -0.000197  0.641356 0.150309  1  7 1.000000
0  -0.101600 -0.137343 -0.058312  -1.000000 0.000014 -0.000197  0.678475 0.150516  1  7 1.000000
0  -0.101614 -0.202062 0.003950  -1.000000 0.000014 -0.000197  0.759093 0.145153  1  7 1.000000
Material
0  -0.101614 -0.202062 0.003950  -1.000000 0.000145 -0.000148  0.759093 0.145153  1  7 1.000000
0  -0.101611 0.027274 0.208047  -1.000000 0.000145 -0.000148  0.733534 0.351390  1  7 1.000000
0  -0.101595 0.091890 0.164389  -1.000000 0.000145 -0.000148  0.672531 0.370771  1  7 1.000000
Material
0  -0.101595 0.091890 0.164389  -1.000000 0.000175 -0.000095  0.672531 0.370771  1  7 1.000000
0  -0.101593 0.100105 0.158212  -1.000000 0.000175 -0.000095  0.663765 0.372508  1  7 1.000000
0  -0.101598 0.030838 0.078356  -1.000000 0.000175 -0.000095  0.640905 0.288204  1  7 1.000000
Material
0  -0.101598 0.030838 0.078356  -1.000000 0.000106 -0.000112  0.640905 0.288204  1  7 1.000000
0  -0.101594 -0.110275 -0.083310  -1.000000 0.000106 -0.000112  0.641356 0.150309  1  7 1.000000
0  -0.101614 -0.202062 0.003950  -1.000000 0.000106 -0.000112  0.759093 0.145153  1  7 1.000000
Material
0  0.092997 -0.383470 -0.028448  -0.444633 -0.595769 0.668850  0.831666 0.000000  1  7 1.000000
0  0.092997 -0.010868 0.303442  -0.444633 -0.595769 0.668850  0.829142 0.829142  1  7 1.000000
0  -0.101611 0.027274 0.208047  -0.444633 -0.595769 0.668850  0.170165 0.170165  1  7 1.000000
Material
0  0.103132 -0.052588 0.199064  0.605788 0.547025 0.577741  0.169058 0.169058  1  8 1.000000
0  -0.091473 0.157335 0.204354  0.605788 0.547025 0.577741  0.830521 0.000000  1  8 1.000000
0  -0.091479 0.128857 0.231325  0.605788 0.547025 0.577741  0.828966 0.828966  1  8 1.000000
Material
0  0.103132 -0.123725 0.194529  0.105513 -0.063277 0.992403  0.830492 0.000000  1  8 1.000000
0  -0.091479 0.128857 0.231325  0.105513 -0.063277 0.992403  1.000000 0.828966  1  8 1.000000
0  -0.091476 -0.194260 0.210722  0.105513 -0.063277 0.992403  0.230061 0.061062  1  8 1.000000
Material
0  -0.091473 0.157335 0.204354  0.608754 0.550177 0.571598  1.000000 0.169479  1  8 1.000000
0  0.103132 0.268512 -0.109911  0.608754 0.550177 0.571598  0.169919 0.000000  1  8 1.000000
0  -0.091459 0.221670 0.142416  0.608754 0.550177 0.571598  0.830584 0.000000  1  8 1.000000
Material
0  0.103132 -0.123725 0.194529  0.106614 -0.065545 0.992138  0.830492 0.830492  1  8 1.000000
0  -0.039654 -0.194329 0.205208  0.106614 -0.065545 0.992138  0.345027 0.345027  1  8 1.000000
0  0.103132 -0.194520 0.189852  0.106614 -0.065545 0.992138  0.829442 0.342953  1  8 1.000000
Material
0  -0.091459 0.221670 0.142416  -0.314999 0.946712 -0.067172  0.830584 0.830584  1  8 1.000000
0  0.103132 0.263587 -0.179325  -0.314999 0.946712 -0.067172  1.000000 0.168975  1  8 1.000000
0  -0.091456 0.220665 0.128244  -0.314999 0.946712 -0.067172  1.000000 0.830381  1  8 1.000000
Material
0  -0.091456 0.220665 0.128244  -0.316899 0.945984 -0.068476  0.830381 0.830381  1  8 1.000000
0  0.099691 0.260356 -0.208041  -0.316899 0.945984 -0.068476  0.180630 0.000000  1  8 1.000000
0  -0.091422 0.209311 -0.028765  -0.316899 0.945984 -0.068476  0.830069 0.000000  1  8 1.000000
Material
0  -0.091422 0.209311 -0.028765  -0.319263 0.944982 -0.071281  0.830069 0.830069  1  8 1.000000
0  0.099691 0.260356 -0.208041  -0.319263 0.944982 -0.071281  0.180630 0.180630  1  8 1.000000
0  0.082576 0.254575 -0.208026  -0.319263 0.944982 -0.071281  1.000000 0.180709  1  8 1.000000
Material
0  -0.091399 -0.047837 -0.136980  -0.718760 0.262223 -0.643912  1.000000 0.437993  1  8 1.000000
0  0.082576 0.254575 -0.208026  -0.718760 0.262223 -0.643912  0.180709 0.180709  1  8 1.000000
0  -0.068571 -0.159081 -0.207764  -0.718760 0.262223 -0.643912  1.000000 0.181547  1  8 1.000000
Material
0  -0.081362 -0.194297 -0.207738  -0.720252 0.261136 -0.642686  0.325119 0.103956  1  8 1.000000
0  -0.091387 -0.194295 -0.196503  -0.720252 0.261136 -0.642686  0.437674 0.105760  1  8 1.000000
0  -0.091399 -0.047837 -0.136980  -0.720252 0.261136 -0.642686  0.437993 0.437993  1  8 1.000000
Material
0  0.103132 -0.194536 -0.005924  -0.001322 -0.999999 0.000084  1.000000 0.298801  1  8 1.000000
0  -0.039654 -0.194329 0.205208  -0.001322 -0.999999 0.000084  0.661131 0.079584  1  8 1.000000
0  -0.091387 -0.194295 -0.196503  -0.001322 -0.999999 0.000084  0.989412 0.000000  1  8 1.000000
Material
0  -0.081362 -0.194297 -0.207738  -0.000119 -0.999999 -0.001077  0.015023 0.000000  1  8 1.000000
0  0.103132 -0.194536 -0.005924  -0.000119 -0.999999 -0.001077  0.298801 0.298801  1  8 1.000000
0  -0.086187 -0.194302 -0.202333  -0.000119 -0.999999 -0.001077  0.007984 0.007984  1  8 1.000000
Material
0  0.099691 0.260356 -0.208041  0.001926 -0.001431 -0.999997  0.497707 0.206240  1  8 1.000000
0  -0.081362 -0.194297 -0.207738  0.001926 -0.001431 -0.999997  1.000000 0.984977  1  8 1.000000
0  -0.068571 -0.159081 -0.207764  0.001926 -0.001431 -0.999997  0.954261 0.920067  1  8 1.000000
Material
0  0.103132 -0.194536 -0.005924  1.000000 0.000000 0.000000  0.394023 0.756229  1  8 1.000000
0  0.103132 0.268512 -0.109911  1.000000 0.000000 0.000000  0.381025 0.698348  1  8 1.000000
0  0.103132 -0.052588 0.199064  1.000000 0.000000 0.000000  0.419647 0.738486  1  8 1.000000
Material
0  -0.091459 0.221670 0.142416  -1.000000 0.000005 -0.000219  0.640690 0.148763  1  8 1.000000
0  -0.091422 0.209311 -0.028765  -1.000000 0.000005 -0.000219  0.553703 0.073781  1  8 1.000000
0  -0.091387 -0.194295 -0.196503  -1.000000 0.000005 -0.000219  1.000000 0.000000  1  8 1.000000
Material
0  0.103132 -0.052588 0.199064  0.605789 0.547024 0.577740  0.169058 0.169058  1  8 1.000000
0  0.103132 -0.046779 0.193564  0.605789 0.547024 0.577740  0.169380 0.000000  1  8 1.000000
0  -0.091473 0.157335 0.204354  0.605789 0.547024 0.577740  0.830521 0.000000  1  8 1.000000
Material
0  -0.091476 -0.194260 0.210722  0.105513 -0.063277 0.992403  0.230061 0.061062  1  8 1.000000
0  -0.039654 -0.194329 0.205208  0.105513 -0.063277 0.992403  0.345027 0.000000  1  8 1.000000
0  0.103132 -0.123725 0.194529  0.105513 -0.063277 0.992403  0.830492 0.000000  1  8 1.000000
Material
0  0.103132 -0.123725 0.194529  0.105513 -0.063278 0.992403  0.830492 0.000000  1  8 1.000000
0  0.103132 -0.052588 0.199064  0.105513 -0.063278 0.992403  1.000000 0.169058  1  8 1.000000
0  -0.091479 0.128857 0.231325  0.105513 -0.063278 0.992403  1.000000 0.828966  1  8 1.000000
Material
0  -0.091473 0.157335 0.204354  0.608754 0.550177 0.571598  1.000000 0.169479  1  8 1.000000
0  0.103132 -0.046779 0.193564  0.608754 0.550177 0.571598  1.000000 0.830620  1  8 1.000000
0  0.103132 0.268512 -0.109911  0.608754 0.550177 0.571598  0.169919 0.000000  1  8 1.000000
Material
0  -0.091459 0.221670 0.142416  -0.314998 0.946712 -0.067172  0.830584 0.830584  1  8 1.000000
0  0.103132 0.268512 -0.109911  -0.314998 0.946712 -0.067172  0.169918 0.169918  1  8 1.000000
0  0.103132 0.263587 -0.179325  -0.314998 0.946712 -0.067172  1.000000 0.168975  1  8 1.000000
Material
0  -0.091456 0.220665 0.128244  -0.316899 0.945984 -0.068477  0.830381 0.830381  1  8 1.000000
0  0.103132 0.263587 -0.179325  -0.316899 0.945984 -0.068477  0.168975 0.168975  1  8 1.000000
0  0.099691 0.260356 -0.208041  -0.316899 0.945984 -0.068477  0.180630 0.000000  1  8 1.000000
Material
0  -0.091399 -0.047837 -0.136980  -0.724304 0.267383 -0.635523  1.000000 0.437993  1  8 1.000000
0  -0.091422 0.209311 -0.028765  -0.724304 0.267383 -0.635523  0.817101 0.817101  1  8 1.000000
0  0.082576 0.254575 -0.208026  -0.724304 0.267383 -0.635523  0.180709 0.180709  1  8 1.000000
Material
0  -0.091399 -0.047837 -0.136980  -0.720253 0.261135 -0.642684  0.437993 0.437993  1  8 1.000000
0  -0.068571 -0.159081 -0.207764  -0.720253 0.261135 -0.642684  0.181548 0.181548  1  8 1.000000
0  -0.081362 -0.194297 -0.207738  -0.720253 0.261135 -0.642684  0.325119 0.103956  1  8 1.000000
Material
0  -0.081362 -0.194297 -0.207738  -0.721041 0.261237 -0.641760  0.325119 0.103956  1  8 1.000000
0  -0.086187 -0.194302 -0.202333  -0.721041 0.261237 -0.641760  0.379288 0.104810  1  8 1.000000
0  -0.091387 -0.194295 -0.196503  -0.721041 0.261237 -0.641760  0.437674 0.105760  1  8 1.000000
Material
0  -0.091387 -0.194295 -0.196503  -0.001322 -0.999999 0.000081  0.989412 0.000000  1  8 1.000000
0  -0.086187 -0.194302 -0.202333  -0.001322 -0.999999 0.000081  1.000000 0.007984  1  8 1.000000
0  0.103132 -0.194536 -0.005924  -0.001322 -0.999999 0.000081  1.000000 0.298801  1  8 1.000000
Material
0  0.103132 -0.194536 -0.005924  -0.001322 -0.999999 0.000084  1.000000 0.298801  1  8 1.000000
0  0.103132 -0.194520 0.189852  -0.001322 -0.999999 0.000084  0.815339 0.298867  1  8 1.000000
0  -0.039654 -0.194329 0.205208  -0.001322 -0.999999 0.000084  0.661131 0.079584  1  8 1.000000
Material
0  -0.039654 -0.194329 0.205208  -0.001322 -0.999999 0.000084  0.661131 0.079584  1  8 1.000000
0  -0.091476 -0.194260 0.210722  -0.001322 -0.999999 0.000084  0.605220 0.000000  1  8 1.000000
0  -0.091387 -0.194295 -0.196503  -0.001322 -0.999999 0.000084  0.989412 0.000000  1  8 1.000000
Material
0  -0.081362 -0.194297 -0.207738  -0.000119 -0.999999 -0.001076  0.015023 0.000000  1  8 1.000000
0  0.103132 -0.194319 -0.207967  -0.000119 -0.999999 -0.001076  0.291565 0.000000  1  8 1.000000
0  0.103132 -0.194536 -0.005924  -0.000119 -0.999999 -0.001076  0.298801 0.298801  1  8 1.000000
Material
0  -0.068571 -0.159081 -0.207764  -0.000744 -0.000361 -1.000000  0.954261 0.920067  1  8 1.000000
0  0.082576 0.254575 -0.208026  -0.000744 -0.000361 -1.000000  0.493232 0.232566  1  8 1.000000
0  0.099691 0.260356 -0.208041  -0.000744 -0.000361 -1.000000  0.497707 0.206240  1  8 1.000000
Material
0  0.099691 0.260356 -0.208041  -0.001240 -0.000171 -0.999999  0.497707 0.206240  1  8 1.000000
0  0.103132 -0.194319 -0.207967  -0.001240 -0.000171 -0.999999  1.000000 0.708435  1  8 1.000000
0  -0.081362 -0.194297 -0.207738  -0.001240 -0.000171 -0.999999  1.000000 0.984977  1  8 1.000000
Material
0  0.103132 -0.123725 0.194529  1.000000 0.000000 0.000000  0.419080 0.747378  1  8 1.000000
0  0.103132 -0.194520 0.189852  1.000000 0.000000 0.000000  0.418495 0.756227  1  8 1.000000
0  0.103132 -0.194536 -0.005924  1.000000 0.000000 0.000000  0.394023 0.756229  1  8 1.000000
Material
0  0.103132 -0.194536 -0.005924  0.999971 0.007569 0.000008  0.394023 0.756229  1  8 1.000000
0  0.103132 -0.194319 -0.207967  0.999971 0.007569 0.000008  0.368768 0.756202  1  8 1.000000
0  0.099691 0.260356 -0.208041  0.999971 0.007569 0.000008  0.368758 0.699224  1  8 1.000000
Material
0  0.099691 0.260356 -0.208041  0.327051 -0.942637 0.066883  0.368758 0.699224  1  8 1.000000
0  0.103132 0.263587 -0.179325  0.327051 -0.942637 0.066883  0.372348 0.698964  1  8 1.000000
0  0.103132 0.268512 -0.109911  0.327051 -0.942637 0.066883  0.381025 0.698348  1  8 1.000000
Material
0  0.103132 0.268512 -0.109911  1.000000 -0.000012 0.000000  0.381025 0.698348  1  8 1.000000
0  0.103132 -0.046779 0.193564  1.000000 -0.000012 0.000000  0.418959 0.737760  1  8 1.000000
0  0.103132 -0.052588 0.199064  1.000000 -0.000012 0.000000  0.419647 0.738486  1  8 1.000000
Material
0  0.103132 -0.052588 0.199064  1.000000 0.000000 0.000000  0.419647 0.738486  1  8 1.000000
0  0.103132 -0.123725 0.194529  1.000000 0.000000 0.000000  0.419080 0.747378  1  8 1.000000
0  0.103132 -0.194536 -0.005924  1.000000 0.000000 0.000000  0.394023 0.756229  1  8 1.000000
Material
0  0.103132 -0.194536 -0.005924  0.999378 -0.007726 -0.034405  0.394023 0.756229  1  8 1.000000
0  0.099691 0.260356 -0.208041  0.999378 -0.007726 -0.034405  0.368758 0.699224  1  8 1.000000
0  0.103132 0.268512 -0.109911  0.999378 -0.007726 -0.034405  0.381025 0.698348  1  8 1.000000
Material
0  -0.091387 -0.194295 -0.196503  -1.000000 0.000005 -0.000219  1.000000 0.000000  1  8 1.000000
0  -0.091476 -0.194260 0.210722  -1.000000 0.000005 -0.000219  1.000000 0.000000  1  8 1.000000
0  -0.091479 0.128857 0.231325  -1.000000 0.000005 -0.000219  0.760210 0.143885  1  8 1.000000
Material
0  -0.091479 0.128857 0.231325  -1.000000 0.000000 -0.000222  0.760210 0.143885  1  8 1.000000
0  -0.091473 0.157335 0.204354  -1.000000 0.000000 -0.000222  0.726601 0.147587  1  8 1.000000
0  -0.091459 0.221670 0.142416  -1.000000 0.000000 -0.000222  0.640690 0.148763  1  8 1.000000
Material
0  -0.091459 0.221670 0.142416  -1.000000 0.000584 -0.000239  0.640690 0.148763  1  8 1.000000
0  -0.091456 0.220665 0.128244  -1.000000 0.000584 -0.000239  0.633623 0.142692  1  8 1.000000
0  -0.091422 0.209311 -0.028765  -1.000000 0.000584 -0.000239  0.553703 0.073781  1  8 1.000000
Material
0  -0.091422 0.209311 -0.028765  -1.000000 0.000005 -0.000219  0.553703 0.073781  1  8 1.000000
0  -0.091399 -0.047837 -0.136980  -1.000000 0.000005 -0.000219  0.827157 0.019026  1  8 1.000000
0  -0.091387 -0.194295 -0.196503  -1.000000 0.000005 -0.000219  1.000000 0.000000  1  8 1.000000
Material
0  -0.091387 -0.194295 -0.196503  -1.000000 0.000005 -0.000219  1.000000 0.000000  1  8 1.000000
0  -0.091479 0.128857 0.231325  -1.000000 0.000005 -0.000219  0.760210 0.143885  1  8 1.000000
0  -0.091459 0.221670 0.142416  -1.000000 0.000005 -0.000219  0.640690 0.148763  1  8 1.000000
Material
0  -0.099682 -0.100033 -0.141388  0.011200 -0.919026 -0.394038  0.170292 0.000000  1  9 1.000000
0  0.094927 -0.176754 0.043082  0.011200 -0.919026 -0.394038  1.000000 0.168849  1  9 1.000000
0  -0.085587 -0.279702 0.278059  0.011200 -0.919026 -0.394038  1.000000 0.782594  1  9 1.000000
Material
0  0.094927 -0.232443 0.173319  0.012588 -0.919395 -0.393133  0.508926 0.169508  1  9 1.000000
0  -0.085587 -0.279702 0.278059  0.012588 -0.919395 -0.393133  0.782594 0.782594  1  9 1.000000
0  0.094927 -0.176754 0.043082  0.012588 -0.919395 -0.393133  0.168849 0.168849  1  9 1.000000
Material
0  -0.099679 -0.089795 -0.148575  0.284472 -0.536267 -0.794666  0.829641 0.000000  1  9 1.000000
0  0.060591 0.144535 -0.249336  0.284472 -0.536267 -0.794666  1.000000 0.713508  1  9 1.000000
0  0.094927 0.133469 -0.229577  0.284472 -0.536267 -0.794666  0.875982 0.706122  1  9 1.000000
Material
0  0.060591 0.144535 -0.249336  -0.209656 -0.127231 -0.969462  0.713508 0.713508  1  9 1.000000
0  -0.099663 -0.024752 -0.192463  -0.209656 -0.127231 -0.969462  0.170370 0.000000  1  9 1.000000
0  0.053473 0.148171 -0.248274  -0.209656 -0.127231 -0.969462  0.690348 0.000000  1  9 1.000000
Material
0  0.053473 0.148171 -0.248274  -0.261298 -0.079094 -0.962012  0.309652 0.000000  1  9 1.000000
0  -0.099663 -0.024752 -0.192463  -0.261298 -0.079094 -0.962012  0.829630 0.000000  1  9 1.000000
0  -0.099615 0.229545 -0.213383  -0.261298 -0.079094 -0.962012  0.829863 0.509205  1  9 1.000000
Material
0  0.094927 -0.138592 -0.045924  0.276423 -0.552210 -0.786546  0.168686 0.000000  1  9 1.000000
0  -0.099682 -0.100033 -0.141388  0.276423 -0.552210 -0.786546  0.829708 0.000000  1  9 1.000000
0  -0.099679 -0.089795 -0.148575  0.276423 -0.552210 -0.786546  0.829641 0.829641  1  9 1.000000
Material
0  -0.099642 0.366045 0.311683  0.509744 -0.032390 0.859716  1.000000 0.000000  1  9 1.000000
0  0.094927 0.060691 0.184815  0.509744 -0.032390 0.859716  1.000000 0.298858  1  9 1.000000
0  0.094927 0.243015 0.191684  0.509744 -0.032390 0.859716  0.701238 0.000000  1  9 1.000000
Material
0  0.094927 0.060691 0.184815  0.508180 -0.033751 0.860589  0.298858 0.298858  1  9 1.000000
0  -0.099756 -0.283399 0.286280  0.508180 -0.033751 0.860589  0.636184 0.000000  1  9 1.000000
0  -0.085587 -0.279702 0.278059  0.508180 -0.033751 0.860589  0.632543 0.021756  1  9 1.000000
Material
0  0.094927 0.243015 0.191684  0.415694 0.880225 -0.228917  1.000000 0.298762  1  9 1.000000
0  0.060591 0.144535 -0.249336  0.415694 0.880225 -0.228917  0.800247 0.136224  1  9 1.000000
0  -0.099615 0.229545 -0.213383  0.415694 0.880225 -0.228917  0.522705 0.000000  1  9 1.000000
Material
0  0.094927 0.243015 0.191684  1.000000 0.000000 0.000000  0.491283 0.643961  1  9 1.000000
0  0.094927 -0.232443 0.173319  1.000000 0.000000 0.000000  0.488988 0.703394  1  9 1.000000
0  0.094927 -0.138592 -0.045924  1.000000 0.000000 0.000000  0.461400 0.691402  1  9 1.000000
Material
0  -0.099679 -0.089795 -0.148575  -1.000000 0.000179 -0.000098  0.725716 0.356036  1  9 1.000000
0  -0.099756 -0.283399 0.286280  -1.000000 0.000179 -0.000098  1.000000 0.363816  1  9 1.000000
0  -0.099615 0.229545 -0.213383  -1.000000 0.000179 -0.000098  0.522705 0.522705  1  9 1.000000
Material
0  -0.085587 -0.279702 0.278059  0.011200 -0.919026 -0.394038  1.000000 0.782594  1  9 1.000000
0  -0.099756 -0.283399 0.286280  0.011200 -0.919026 -0.394038  0.980627 0.811376  1  9 1.000000
0  -0.099682 -0.100033 -0.141388  0.011200 -0.919026 -0.394038  0.170292 0.000000  1  9 1.000000
Material
0  -0.099682 -0.100033 -0.141388  0.011200 -0.919026 -0.394038  0.170292 0.000000  1  9 1.000000
0  0.094927 -0.138592 -0.045924  0.011200 -0.919026 -0.394038  0.831314 0.000000  1  9 1.000000
0  0.094927 -0.176754 0.043082  0.011200 -0.919026 -0.394038  1.000000 0.168849  1  9 1.000000
Material
0  0.094927 0.133469 -0.229577  0.284621 -0.536356 -0.794552  0.875982 0.706122  1  9 1.000000
0  0.094927 -0.138592 -0.045924  0.284621 -0.536356 -0.794552  0.168674 0.000000  1  9 1.000000
0  -0.099679 -0.089795 -0.148575  0.284621 -0.536356 -0.794552  0.829641 0.000000  1  9 1.000000
Material
0  -0.099679 -0.089795 -0.148575  0.284472 -0.536267 -0.794666  0.829641 0.000000  1  9 1.000000
0  -0.099663 -0.024752 -0.192463  0.284472 -0.536267 -0.794666  1.000000 0.170128  1  9 1.000000
0  0.060591 0.144535 -0.249336  0.284472 -0.536267 -0.794666  1.000000 0.713508  1  9 1.000000
Material
0  -0.085587 -0.279702 0.278059  0.508178 -0.033751 0.860590  0.632543 0.021756  1  9 1.000000
0  0.094927 -0.232443 0.173319  0.508178 -0.033751 0.860590  0.586007 0.298937  1  9 1.000000
0  0.094927 0.060691 0.184815  0.508178 -0.033751 0.860590  0.298858 0.298858  1  9 1.000000
Material
0  0.094927 0.060691 0.184815  0.508178 -0.033751 0.860590  0.298858 0.298858  1  9 1.000000
0  -0.099642 0.366045 0.311683  0.508178 -0.033751 0.860590  0.000000 0.000000  1  9 1.000000
0  -0.099756 -0.283399 0.286280  0.508178 -0.033751 0.860590  0.636184 0.000000  1  9 1.000000
Material
0  -0.099615 0.229545 -0.213383  0.415518 0.880329 -0.228836  0.522705 0.000000  1  9 1.000000
0  -0.099642 0.366045 0.311683  0.415518 0.880329 -0.228836  1.000000 0.000000  1  9 1.000000
0  0.094927 0.243015 0.191684  0.415518 0.880329 -0.228836  1.000000 0.298762  1  9 1.000000
Material
0  0.094927 0.243015 0.191684  0.415466 0.880331 -0.228923  1.000000 0.298762  1  9 1.000000
0  0.094927 0.133469 -0.229577  0.415466 0.880331 -0.228923  0.874757 0.170367  1  9 1.000000
0  0.060591 0.144535 -0.249336  0.415466 0.880331 -0.228923  0.800247 0.136224  1  9 1.000000
Material
0  0.060591 0.144535 -0.249336  0.414632 0.879769 -0.232564  0.800247 0.136224  1  9 1.000000
0  0.053473 0.148171 -0.248274  0.414632 0.879769 -0.232564  0.786572 0.130600  1  9 1.000000
0  -0.099615 0.229545 -0.213383  0.414632 0.879769 -0.232564  0.522705 0.000000  1  9 1.000000
Material
0  0.094927 -0.138592 -0.045924  1.000000 -0.000000 0.000000  0.461400 0.691402  1  9 1.000000
0  0.094927 0.133469 -0.229577  1.000000 -0.000000 0.000000  0.438626 0.657655  1  9 1.000000
0  0.094927 0.243015 0.191684  1.000000 -0.000000 0.000000  0.491283 0.643961  1  9 1.000000
Material
0  0.094927 0.243015 0.191684  1.000000 0.000000 0.000000  0.491283 0.643961  1  9 1.000000
0  0.094927 0.060691 0.184815  1.000000 0.000000 0.000000  0.490425 0.666752  1  9 1.000000
0  0.094927 -0.232443 0.173319  1.000000 0.000000 0.000000  0.488988 0.703394  1  9 1.000000
Material
0  0.094927 -0.232443 0.173319  1.000000 -0.000139 0.000000  0.488988 0.703394  1  9 1.000000
0  0.094927 -0.176754 0.043082  1.000000 -0.000139 0.000000  0.472708 0.696433  1  9 1.000000
0  0.094927 -0.138592 -0.045924  1.000000 -0.000139 0.000000  0.461400 0.691402  1  9 1.000000
Material
0  -0.099615 0.229545 -0.213383  -1.000000 0.000179 -0.000098  0.522705 0.522705  1  9 1.000000
0  -0.099663 -0.024752 -0.192463  -1.000000 0.000179 -0.000098  0.663367 0.374867  1  9 1.000000
0  -0.099679 -0.089795 -0.148575  -1.000000 0.000179 -0.000098  0.725716 0.356036  1  9 1.000000
Material
0  -0.099679 -0.089795 -0.148575  -1.000000 0.000178 -0.000098  0.725716 0.356036  1  9 1.000000
0  -0.099682 -0.100033 -0.141388  -1.000000 0.000178 -0.000098  0.735041 0.352719  1  9 1.000000
0  -0.099756 -0.283399 0.286280  -1.000000 0.000178 -0.000098  1.000000 0.363816  1  9 1.000000
Material
0  -0.099756 -0.283399 0.286280  -1.000000 0.000179 -0.000098  1.000000 0.363816  1  9 1.000000
0  -0.099642 0.366045 0.311683  -1.000000 0.000179 -0.000098  1.000000 1.000000  1  9 1.000000
0  -0.099615 0.229545 -0.213383  -1.000000 0.000179 -0.000098  0.522705 0.522705  1  9 1.000000
Material
0  -0.097032 0.049442 0.356288  0.262984 0.074084 0.961952  0.830030 0.830030  1  10 1.000000
0  0.062573 0.215677 0.299852  0.262984 0.074084 0.961952  0.287732 0.287732  1  10 1.000000
0  0.055737 0.219317 0.301441  0.262984 0.074084 0.961952  1.000000 0.311940  1  10 1.000000
Material
0  -0.096985 0.300493 0.336238  0.260140 0.076820 0.962510  0.830674 0.321698  1  10 1.000000
0  -0.097032 0.049442 0.356288  0.260140 0.076820 0.962510  0.830270 0.830270  1  10 1.000000
0  0.055737 0.219317 0.301441  0.260140 0.076820 0.962510  0.311940 0.311940  1  10 1.000000
Material
0  -0.096999 -0.176978 -0.045061  0.314243 -0.946886 0.068251  0.169334 0.000000  1  10 1.000000
0  0.097557 -0.119213 -0.139437  0.314243 -0.946886 0.068251  1.000000 0.170722  1  10 1.000000
0  -0.097034 -0.165613 0.112768  0.314243 -0.946886 0.068251  1.000000 0.830330  1  10 1.000000
Material
0  0.094566 -0.127200 -0.237216  0.313813 -0.947082 0.067506  0.829174 0.033850  1  10 1.000000
0  -0.096999 -0.176978 -0.045061  0.313813 -0.947082 0.067506  0.169334 0.169334  1  10 1.000000
0  -0.096996 -0.177968 -0.058974  0.313813 -0.947082 0.067506  0.169342 0.000000  1  10 1.000000
Material
0  0.075855 -0.132765 -0.237200  0.077092 -0.981685 -0.174214  0.181008 0.000000  1  10 1.000000
0  -0.096996 -0.177968 -0.058974  0.077092 -0.981685 -0.174214  0.816441 0.000000  1  10 1.000000
0  -0.096957 -0.146368 -0.237024  0.077092 -0.981685 -0.174214  0.816730 0.635304  1  10 1.000000
Material
0  0.075855 -0.132765 -0.237200  0.284993 -0.957946 0.033439  0.181008 0.181008  1  10 1.000000
0  0.094566 -0.127200 -0.237216  0.284993 -0.957946 0.033439  1.000000 0.180971  1  10 1.000000
0  -0.096996 -0.177968 -0.058974  0.284993 -0.957946 0.033439  0.816441 0.816441  1  10 1.000000
Material
0  -0.096956 0.151442 -0.237108  -0.000808 -0.000168 -1.000000  0.000000 0.000000  1  10 1.000000
0  0.094566 -0.127200 -0.237216  -0.000808 -0.000168 -1.000000  0.495382 0.208396  1  10 1.000000
0  0.075855 -0.132765 -0.237200  -0.000808 -0.000168 -1.000000  0.490443 0.231494  1  10 1.000000
Material
0  0.097557 0.059498 -0.237249  0.415707 0.880229 -0.228878  0.708572 0.000000  1  10 1.000000
0  -0.096985 0.300493 0.336238  0.415707 0.880229 -0.228878  0.521182 0.000000  1  10 1.000000
0  0.062573 0.215677 0.299852  0.415707 0.880229 -0.228878  0.798107 0.135159  1  10 1.000000
Material
0  0.097557 -0.121552 -0.171883  1.000000 0.000000 0.000000  0.376925 0.698455  1  10 1.000000
0  0.097557 0.059498 -0.237249  1.000000 0.000000 0.000000  0.368754 0.675824  1  10 1.000000
0  0.097557 -0.119213 -0.139437  1.000000 0.000000 0.000000  0.380981 0.698163  1  10 1.000000
Material
0  -0.097032 0.049442 0.356288  -1.000000 0.000059 -0.000118  0.659994 0.375190  1  10 1.000000
0  -0.096956 0.151442 -0.237108  -1.000000 0.000059 -0.000118  0.000000 0.000000  1  10 1.000000
0  -0.096996 -0.177968 -0.058974  -1.000000 0.000059 -0.000118  0.552604 0.075142  1  10 1.000000
Material
0  0.062573 0.215677 0.299852  0.717879 -0.524890 0.457318  1.000000 0.287732  1  10 1.000000
0  -0.097034 -0.165613 0.112768  0.717879 -0.524890 0.457318  0.169670 0.000000  1  10 1.000000
0  0.097557 -0.119213 -0.139437  0.717879 -0.524890 0.457318  0.829278 0.000000  1  10 1.000000
Material
0  -0.096999 -0.176978 -0.045061  0.314243 -0.946886 0.068252  0.169334 0.000000  1  10 1.000000
0  0.097557 -0.121552 -0.171883  0.314243 -0.946886 0.068252  0.829184 0.000000  1  10 1.000000
0  0.097557 -0.119213 -0.139437  0.314243 -0.946886 0.068252  1.000000 0.170722  1  10 1.000000
Material
0  0.094566 -0.127200 -0.237216  0.313814 -0.947081 0.067508  0.829174 0.033850  1  10 1.000000
0  0.097557 -0.121552 -0.171883  0.313814 -0.947081 0.067508  0.829184 0.829184  1  10 1.000000
0  -0.096999 -0.176978 -0.045061  0.313814 -0.947081 0.067508  0.169334 0.169334  1  10 1.000000
Material
0  0.075855 -0.132765 -0.237200  -0.000996 -0.000282 -1.000000  0.490443 0.231494  1  10 1.000000
0  -0.096957 -0.146368 -0.237024  -0.000996 -0.000282 -1.000000  0.405213 0.405213  1  10 1.000000
0  -0.096956 0.151442 -0.237108  -0.000996 -0.000282 -1.000000  0.000000 0.000000  1  10 1.000000
Material
0  -0.096956 0.151442 -0.237108  -0.000809 -0.000168 -1.000000  0.000000 0.000000  1  10 1.000000
0  0.097557 0.059498 -0.237249  -0.000809 -0.000168 -1.000000  0.291428 0.000000  1  10 1.000000
0  0.094566 -0.127200 -0.237216  -0.000809 -0.000168 -1.000000  0.495382 0.208396  1  10 1.000000
Material
0  0.062573 0.215677 0.299852  0.415466 0.880331 -0.228923  0.798107 0.135159  1  10 1.000000
0  0.097557 0.171787 0.194563  0.415466 0.880331 -0.228923  0.836952 0.131611  1  10 1.000000
0  0.097557 0.059498 -0.237249  0.415466 0.880331 -0.228923  0.708572 0.000000  1  10 1.000000
Material
0  0.097557 0.059498 -0.237249  0.415878 0.880169 -0.228795  0.708572 0.000000  1  10 1.000000
0  -0.096956 0.151442 -0.237108  0.415878 0.880169 -0.228795  0.000000 0.000000  1  10 1.000000
0  -0.096985 0.300493 0.336238  0.415878 0.880169 -0.228795  0.521182 0.000000  1  10 1.000000
Material
0  -0.096985 0.300493 0.336238  0.433250 0.886186 -0.164218  0.521182 0.000000  1  10 1.000000
0  0.055737 0.219317 0.301441  0.433250 0.886186 -0.164218  0.785174 0.129915  1  10 1.000000
0  0.062573 0.215677 0.299852  0.433250 0.886186 -0.164218  0.798107 0.135159  1  10 1.000000
Material
0  0.097557 -0.121552 -0.171883  0.998888 -0.016012 -0.044350  0.376925 0.698455  1  10 1.000000
0  0.094566 -0.127200 -0.237216  0.998888 -0.016012 -0.044350  0.368758 0.699037  1  10 1.000000
0  0.097557 0.059498 -0.237249  0.998888 -0.016012 -0.044350  0.368754 0.675824  1  10 1.000000
Material
0  0.097557 0.059498 -0.237249  1.000000 0.000000 0.000000  0.368754 0.675824  1  10 1.000000
0  0.097557 0.171787 0.194563  1.000000 0.000000 0.000000  0.422731 0.661788  1  10 1.000000
0  0.097557 -0.119213 -0.139437  1.000000 0.000000 0.000000  0.380981 0.698163  1  10 1.000000
Material
0  -0.096999 -0.176978 -0.045061  -1.000000 0.000278 -0.000238  0.559560 0.081120  1  10 1.000000
0  -0.097034 -0.165613 0.112768  -1.000000 0.000278 -0.000238  0.638695 0.149212  1  10 1.000000
0  -0.097032 0.049442 0.356288  -1.000000 0.000278 -0.000238  0.659994 0.375190  1  10 1.000000
Material
0  -0.097032 0.049442 0.356288  -1.000000 0.000179 -0.000098  0.659994 0.375190  1  10 1.000000
0  -0.096985 0.300493 0.336238  -1.000000 0.000179 -0.000098  0.521182 0.521182  1  10 1.000000
0  -0.096956 0.151442 -0.237108  -1.000000 0.000179 -0.000098  0.000000 0.000000  1  10 1.000000
Material
0  -0.096956 0.151442 -0.237108  -1.000000 0.000005 -0.000219  0.000000 0.000000  1  10 1.000000
0  -0.096957 -0.146368 -0.237024  -1.000000 0.000005 -0.000219  0.405213 0.000000  1  10 1.000000
0  -0.096996 -0.177968 -0.058974  -1.000000 0.000005 -0.000219  0.552604 0.075142  1  10 1.000000
Material
0  -0.096996 -0.177968 -0.058974  -1.000000 0.000276 -0.000238  0.552604 0.075142  1  10 1.000000
0  -0.096999 -0.176978 -0.045061  -1.000000 0.000276 -0.000238  0.559560 0.081120  1  10 1.000000
0  -0.097032 0.049442 0.356288  -1.000000 0.000276 -0.000238  0.659994 0.375190  1  10 1.000000
Material
0  0.097557 -0.119213 -0.139437  0.717859 -0.524908 0.457329  0.829278 0.000000  1  10 1.000000
0  0.097557 0.171787 0.194563  0.717859 -0.524908 0.457329  0.804179 0.169309  1  10 1.000000
0  0.062573 0.215677 0.299852  0.717859 -0.524908 0.457329  1.000000 0.287732  1  10 1.000000
Material
0  0.062573 0.215677 0.299852  0.712268 -0.526123 0.464618  1.000000 0.287732  1  10 1.000000
0  -0.097032 0.049442 0.356288  0.712268 -0.526123 0.464618  1.000000 0.830031  1  10 1.000000
0  -0.097034 -0.165613 0.112768  0.712268 -0.526123 0.464618  0.169670 0.000000  1  10 1.000000
Material
0  -0.031618 -0.145124 0.000347  0.718579 -0.262071 0.644177  0.185593 0.000000  1  11 1.000000
0  0.139151 0.258469 -0.025952  0.718579 -0.262071 0.644177  1.000000 0.183745  1  11 1.000000
0  -0.031649 0.213921 0.146451  0.718579 -0.262071 0.644177  1.000000 0.813484  1  11 1.000000
Material
0  -0.031611 0.245178 -0.025777  -0.076178 0.981071 0.178033  0.814422 0.184719  1  11 1.000000
0  -0.031649 0.213921 0.146451  -0.076178 0.981071 0.178033  0.813484 0.813484  1  11 1.000000
0  0.139151 0.258469 -0.025952  -0.076178 0.981071 0.178033  0.183745 0.183745  1  11 1.000000
Material
0  0.043683 -0.002924 -0.025801  0.719645 -0.262918 0.642640  1.000000 0.536415  1  11 1.000000
0  -0.031615 -0.189839 -0.017951  0.719645 -0.262918 0.642640  0.705840 0.607694  1  11 1.000000
0  -0.024728 -0.189841 -0.025663  0.719645 -0.262918 0.642640  0.620298 0.522164  1  11 1.000000
Material
0  -0.031613 -0.189840 -0.025654  -0.000119 -1.000000 0.000079  1.000000 0.000000  1  11 1.000000
0  -0.024728 -0.189841 -0.025663  -0.000119 -1.000000 0.000079  1.000000 0.005483  1  11 1.000000
0  -0.031615 -0.189839 -0.017951  -0.000119 -1.000000 0.000079  0.992732 0.000000  1  11 1.000000
Material
0  0.043683 -0.002924 -0.025801  -0.001240 -0.000282 -0.999999  0.764622 0.651775  1  11 1.000000
0  -0.031613 -0.189840 -0.025654  -0.001240 -0.000282 -0.999999  1.000000 1.000000  1  11 1.000000
0  -0.031611 0.245178 -0.025777  -0.001240 -0.000282 -0.999999  0.408095 0.408095  1  11 1.000000
Material
0  -0.031613 -0.189840 -0.025654  -1.000000 0.000005 -0.000219  1.000000 0.000000  1  11 1.000000
0  -0.031618 -0.145124 0.000347  -1.000000 0.000005 -0.000219  0.947011 0.005652  1  11 1.000000
0  -0.031649 0.213921 0.146451  -1.000000 0.000005 -0.000219  0.551303 0.072468  1  11 1.000000
Material
0  -0.031618 -0.145124 0.000347  0.718579 -0.262071 0.644176  0.185593 0.000000  1  11 1.000000
0  0.043683 -0.002924 -0.025801  0.718579 -0.262071 0.644176  0.463585 0.000000  1  11 1.000000
0  0.139151 0.258469 -0.025952  0.718579 -0.262071 0.644176  1.000000 0.183745  1  11 1.000000
Material
0  0.043683 -0.002924 -0.025801  0.719645 -0.262918 0.642640  1.000000 0.536415  1  11 1.000000
0  -0.031618 -0.145124 0.000347  0.719645 -0.262918 0.642640  1.000000 0.814407  1  11 1.000000
0  -0.031615 -0.189839 -0.017951  0.719645 -0.262918 0.642640  0.705840 0.607694  1  11 1.000000
Material
0  -0.031611 0.245178 -0.025777  -0.001006 -0.000211 -1.000000  0.408095 0.408095  1  11 1.000000
0  0.139151 0.258469 -0.025952  -0.001006 -0.000211 -1.000000  0.491965 0.236088  1  11 1.000000
0  0.043683 -0.002924 -0.025801  -0.001006 -0.000211 -1.000000  0.764622 0.651775  1  11 1.000000
Material
0  0.043683 -0.002924 -0.025801  -0.001240 -0.000282 -0.999999  0.764622 0.651775  1  11 1.000000
0  -0.024728 -0.189841 -0.025663  -0.001240 -0.000282 -0.999999  1.000000 0.989681  1  11 1.000000
0  -0.031613 -0.189840 -0.025654  -0.001240 -0.000282 -0.999999  1.000000 1.000000  1  11 1.000000
Material
0  -0.031649 0.213921 0.146451  -1.000000 0.000005 -0.000219  0.551303 0.072468  1  11 1.000000
0  -0.031611 0.245178 -0.025777  -1.000000 0.000005 -0.000219  0.408095 0.000000  1  11 1.000000
0  -0.031613 -0.189840 -0.025654  -1.000000 0.000005 -0.000219  1.000000 0.000000  1  11 1.000000
Material
0  -0.031613 -0.189840 -0.025654  -1.000000 0.000005 -0.000219  1.000000 0.000000  1  11 1.000000
0  -0.031615 -0.189839 -0.017951  -1.000000 0.000005 -0.000219  1.000000 0.000000  1  11 1.000000
0  -0.031618 -0.145124 0.000347  -1.000000 0.000005 -0.000219  0.947011 0.005652  1  11 1.000000
Material
0  -0.046575 -0.237452 -0.271966  -0.105108 0.059876 -0.992657  0.343744 0.000000  1  12 1.000000
0  0.096631 -0.166957 -0.282878  -0.105108 0.059876 -0.992657  0.830819 0.000000  1  12 1.000000
0  0.096631 -0.237642 -0.287141  -0.105108 0.059876 -0.992657  0.829864 0.486397  1  12 1.000000
Material
0  -0.097977 -0.237383 -0.266397  -0.107396 0.064606 -0.992115  0.939593 0.770526  1  12 1.000000
0  0.096631 -0.096079 -0.278262  -0.107396 0.064606 -0.992115  0.831247 0.000000  1  12 1.000000
0  0.096631 -0.166957 -0.282878  -0.107396 0.064606 -0.992115  1.000000 0.169181  1  12 1.000000
Material
0  -0.097978 0.314995 -0.040397  -0.012161 0.919316 0.393332  0.170981 0.170981  1  12 1.000000
0  0.054884 0.171871 0.298847  -0.012161 0.919316 0.393332  0.689005 0.000000  1  12 1.000000
0  0.096631 0.182787 0.274623  -0.012161 0.919316 0.393332  0.830250 0.257584  1  12 1.000000
Material
0  0.054884 0.171871 0.298847  -0.013339 0.919063 0.393884  1.000000 0.310995  1  12 1.000000
0  -0.097989 0.286905 0.025255  -0.013339 0.919063 0.393884  1.000000 0.828928  1  12 1.000000
0  -0.098052 0.131623 0.387577  -0.013339 0.919063 0.393884  0.312443 0.142818  1  12 1.000000
Material
0  -0.098117 -0.237329 0.373146  0.508178 -0.033751 0.860590  1.000000 0.000000  1  12 1.000000
0  0.096631 0.182787 0.274623  0.508178 -0.033751 0.860590  0.588200 0.298937  1  12 1.000000
0  0.054884 0.171871 0.298847  0.508178 -0.033751 0.860590  0.598950 0.234834  1  12 1.000000
Material
0  0.096631 -0.237596 0.258137  -0.001322 -0.999999 0.000084  0.299051 0.299051  1  12 1.000000
0  -0.097977 -0.237383 -0.266397  -0.001322 -0.999999 0.000084  0.603370 0.000000  1  12 1.000000
0  -0.046575 -0.237452 -0.271966  -0.001322 -0.999999 0.000084  0.658923 0.078940  1  12 1.000000
Material
0  0.096631 -0.237596 0.258137  1.000000 0.000000 0.000000  0.486916 0.756222  1  12 1.000000
0  0.096631 -0.166957 -0.282878  1.000000 0.000000 0.000000  0.419289 0.747392  1  12 1.000000
0  0.096631 0.276826 0.054831  1.000000 0.000000 0.000000  0.461503 0.691919  1  12 1.000000
Material
0  -0.097980 0.085431 -0.245376  -1.000000 0.000149 -0.000143  0.761371 0.144424  1  12 1.000000
0  -0.098117 -0.237329 0.373146  -1.000000 0.000149 -0.000143  1.000000 0.000000  1  12 1.000000
0  -0.097989 0.286905 0.025255  -1.000000 0.000149 -0.000143  0.788908 0.361587  1  12 1.000000
Material
0  -0.097980 0.085431 -0.245376  0.443841 0.596963 -0.668311  0.171006 0.171006  1  12 1.000000
0  0.096631 0.276826 0.054831  0.443841 0.596963 -0.668311  0.829816 0.000000  1  12 1.000000
0  0.096631 -0.096079 -0.278262  0.443841 0.596963 -0.668311  0.831247 0.831247  1  12 1.000000
Material
0  0.096631 -0.166957 -0.282878  -0.107395 0.064605 -0.992115  1.000000 0.169181  1  12 1.000000
0  -0.046575 -0.237452 -0.271966  -0.107395 0.064605 -0.992115  1.000000 0.656256  1  12 1.000000
0  -0.097977 -0.237383 -0.266397  -0.107395 0.064605 -0.992115  0.939593 0.770526  1  12 1.000000
Material
0  -0.097977 -0.237383 -0.266397  -0.107395 0.064606 -0.992115  0.939593 0.770526  1  12 1.000000
0  -0.097980 0.085431 -0.245376  -0.107395 0.064606 -0.992115  0.171006 0.000000  1  12 1.000000
0  0.096631 -0.096079 -0.278262  -0.107395 0.064606 -0.992115  0.831247 0.000000  1  12 1.000000
Material
0  0.096631 0.182787 0.274623  -0.012161 0.919316 0.393332  0.830250 0.257584  1  12 1.000000
0  0.096631 0.276826 0.054831  -0.012161 0.919316 0.393332  0.829816 0.829816  1  12 1.000000
0  -0.097978 0.314995 -0.040397  -0.012161 0.919316 0.393332  0.170981 0.170981  1  12 1.000000
Material
0  -0.097978 0.314995 -0.040397  -0.012160 0.919316 0.393332  0.170981 0.170981  1  12 1.000000
0  -0.097989 0.286905 0.025255  -0.012160 0.919316 0.393332  0.171072 0.000000  1  12 1.000000
0  0.054884 0.171871 0.298847  -0.012160 0.919316 0.393332  0.689005 0.000000  1  12 1.000000
Material
0  0.054884 0.171871 0.298847  0.508179 -0.033751 0.860590  0.598950 0.234834  1  12 1.000000
0  -0.098052 0.131623 0.387577  0.508179 -0.033751 0.860590  0.638580 0.000000  1  12 1.000000
0  -0.098117 -0.237329 0.373146  0.508179 -0.033751 0.860590  1.000000 0.000000  1  12 1.000000
Material
0  -0.098117 -0.237329 0.373146  0.508178 -0.033751 0.860590  1.000000 0.000000  1  12 1.000000
0  0.096631 -0.237596 0.258137  0.508178 -0.033751 0.860590  1.000000 0.299051  1  12 1.000000
0  0.096631 0.182787 0.274623  0.508178 -0.033751 0.860590  0.588200 0.298937  1  12 1.000000
Material
0  -0.046575 -0.237452 -0.271966  -0.001322 -0.999999 0.000084  0.658923 0.078940  1  12 1.000000
0  0.096631 -0.237642 -0.287141  -0.001322 -0.999999 0.000084  0.813371 0.298868  1  12 1.000000
0  0.096631 -0.237596 0.258137  -0.001322 -0.999999 0.000084  0.299051 0.299051  1  12 1.000000
Material
0  0.096631 -0.237596 0.258137  -0.001322 -0.999999 0.000084  0.299051 0.299051  1  12 1.000000
0  -0.098117 -0.237329 0.373146  -0.001322 -0.999999 0.000084  0.000000 0.000000  1  12 1.000000
0  -0.097977 -0.237383 -0.266397  -0.001322 -0.999999 0.000084  0.603370 0.000000  1  12 1.000000
Material
0  0.096631 0.276826 0.054831  1.000000 0.000000 0.000000  0.461503 0.691919  1  12 1.000000
0  0.096631 0.182787 0.274623  1.000000 0.000000 0.000000  0.488977 0.703674  1  12 1.000000
0  0.096631 -0.237596 0.258137  1.000000 0.000000 0.000000  0.486916 0.756222  1  12 1.000000
Material
0  0.096631 -0.237596 0.258137  1.000000 -0.000000 0.000000  0.486916 0.756222  1  12 1.000000
0  0.096631 -0.237642 -0.287141  1.000000 -0.000000 0.000000  0.418756 0.756227  1  12 1.000000
0  0.096631 -0.166957 -0.282878  1.000000 -0.000000 0.000000  0.419289 0.747392  1  12 1.000000
Material
0  0.096631 -0.166957 -0.282878  1.000000 0.000000 0.000000  0.419289 0.747392  1  12 1.000000
0  0.096631 -0.096079 -0.278262  1.000000 0.000000 0.000000  0.419866 0.738532  1  12 1.000000
0  0.096631 0.276826 0.054831  1.000000 0.000000 0.000000  0.461503 0.691919  1  12 1.000000
Material
0  -0.097989 0.286905 0.025255  -1.000000 0.000121 -0.000123  0.788908 0.361587  1  12 1.000000
0  -0.097978 0.314995 -0.040397  -1.000000 0.000121 -0.000123  0.735816 0.350886  1  12 1.000000
0  -0.097980 0.085431 -0.245376  -1.000000 0.000121 -0.000123  0.761371 0.144424  1  12 1.000000
Material
0  -0.097980 0.085431 -0.245376  -1.000000 0.000005 -0.000219  0.761371 0.144424  1  12 1.000000
0  -0.097977 -0.237383 -0.266397  -1.000000 0.000005 -0.000219  1.000000 0.000000  1  12 1.000000
0  -0.098117 -0.237329 0.373146  -1.000000 0.000005 -0.000219  1.000000 0.000000  1  12 1.000000
Material
0  -0.098117 -0.237329 0.373146  -1.000000 0.000179 -0.000098  1.000000 0.000000  1  12 1.000000
0  -0.098052 0.131623 0.387577  -1.000000 0.000179 -0.000098  1.000000 0.361419  1  12 1.000000
0  -0.097989 0.286905 0.025255  -1.000000 0.000179 -0.000098  0.788908 0.361587  1  12 1.000000
Material
0  -0.097980 0.085431 -0.245376  0.444082 0.596756 -0.668336  0.171006 0.171006  1  12 1.000000
0  -0.097978 0.314995 -0.040397  0.444082 0.596756 -0.668336  0.170981 0.000000  1  12 1.000000
0  0.096631 0.276826 0.054831  0.444082 0.596756 -0.668336  0.829816 0.000000  1  12 1.000000
Material
0  0.347360 -0.026194 -0.094930  0.365431 -0.012794 -0.930751  0.237370 0.185164  1  13 1.000000
0  0.039845 -0.026002 -0.215670  0.365431 -0.012794 -0.930751  0.894548 0.186771  1  13 1.000000
0  0.108270 0.022327 -0.189469  0.365431 -0.012794 -0.930751  0.719640 0.365403  1  13 1.000000
Material
0  -0.022753 -0.025952 -0.218460  -0.749769 -0.281437 -0.598866  0.811305 0.187349  1  13 1.000000
0  -0.026757 -0.025953 -0.213446  -0.749769 -0.281437 -0.598866  1.000000 0.187419  1  13 1.000000
0  -0.028253 -0.018430 -0.215108  -0.749769 -0.281437 -0.598866  1.000000 0.215251  1  13 1.000000
Material
0  -0.028253 -0.018430 -0.215108  -0.750973 -0.281351 -0.597395  0.215251 0.215251  1  13 1.000000
0  -0.033334 -0.025955 -0.205178  -0.750973 -0.281351 -0.597395  0.186988 0.000000  1  13 1.000000
0  -0.042005 0.000428 -0.206703  -0.750973 -0.281351 -0.597395  0.284376 0.000000  1  13 1.000000
Material
0  -0.098432 0.078468 0.001841  -0.940013 -0.313659 -0.134138  0.497947 0.497947  1  13 1.000000
0  -0.092665 -0.026069 0.205867  -0.940013 -0.313659 -0.134138  0.044910 0.000000  1  13 1.000000
0  -0.108198 0.083593 0.058297  -0.940013 -0.313659 -0.134138  0.520805 0.000000  1  13 1.000000
Material
0  -0.067254 -0.026129 0.030036  -0.938874 -0.316418 -0.135630  0.658361 0.104115  1  13 1.000000
0  -0.098432 0.078468 0.001841  -0.938874 -0.316418 -0.135630  1.000000 0.497947  1  13 1.000000
0  -0.042005 0.000428 -0.206703  -0.938874 -0.316418 -0.135630  0.284376 0.284376  1  13 1.000000
Material
0  -0.091813 -0.015912 0.232398  -0.821098 -0.399236 0.407932  1.000000 0.799871  1  13 1.000000
0  -0.091728 -0.026063 0.222634  -0.821098 -0.399236 0.407932  1.000000 0.898935  1  13 1.000000
0  -0.086889 -0.026060 0.232378  -0.821098 -0.399236 0.407932  0.928493 0.799643  1  13 1.000000
Material
0  -0.091728 -0.026063 0.222634  -0.995785 -0.067791 0.061786  0.898935 0.898935  1  13 1.000000
0  -0.091813 -0.015912 0.232398  -0.995785 -0.067791 0.061786  0.799871 0.799871  1  13 1.000000
0  -0.093554 0.009705 0.232446  -0.995785 -0.067791 0.061786  1.000000 0.799874  1  13 1.000000
Material
0  -0.092665 -0.026069 0.205867  -0.996253 -0.066148 0.055710  1.000000 0.955089  1  13 1.000000
0  -0.093554 0.009705 0.232446  -0.996253 -0.066148 0.055710  0.799874 0.799874  1  13 1.000000
0  -0.098913 0.090541 0.232599  -0.996253 -0.066148 0.055710  0.508111 0.449118  1  13 1.000000
Material
0  -0.022753 -0.025952 -0.218460  0.040520 0.431257 -0.901319  1.000000 0.544619  1  13 1.000000
0  -0.042005 0.000428 -0.206703  0.040520 0.431257 -0.901319  0.803313 0.390843  1  13 1.000000
0  0.108270 0.022327 -0.189469  0.040520 0.431257 -0.901319  0.639045 0.000000  1  13 1.000000
Material
0  -0.022753 -0.025952 -0.218460  -0.000764 -0.999999 -0.000848  0.544619 0.544619  1  13 1.000000
0  0.223198 -0.026203 -0.143679  -0.000764 -0.999999 -0.000848  0.136384 0.000000  1  13 1.000000
0  -0.033334 -0.025955 -0.205178  -0.000764 -0.999999 -0.000848  0.556943 0.527551  1  13 1.000000
Material
0  -0.091813 -0.015912 0.232398  0.000089 -0.001886 0.999998  0.433704 0.059648  1  13 1.000000
0  0.422586 -0.026089 0.232332  0.000089 -0.001886 0.999998  1.000000 0.000000  1  13 1.000000
0  -0.098913 0.090541 0.232599  0.000089 -0.001886 0.999998  1.000000 0.685332  1  13 1.000000
Material
0  -0.067254 -0.026129 0.030036  -0.000057 -1.000000 0.000333  1.000000 0.464710  1  13 1.000000
0  0.347360 -0.026194 -0.094930  -0.000057 -1.000000 0.000333  0.751632 0.751632  1  13 1.000000
0  -0.086889 -0.026060 0.232378  -0.000057 -1.000000 0.000333  0.615154 0.000000  1  13 1.000000
Material
0  0.422586 -0.026089 0.232332  0.217947 0.974652 -0.050532  0.000000 0.000000  1  13 1.000000
0  0.108270 0.022327 -0.189469  0.217947 0.974652 -0.050532  0.360955 0.000000  1  13 1.000000
0  -0.098432 0.078468 0.001841  0.217947 0.974652 -0.050532  0.699080 0.296321  1  13 1.000000
Material
0  0.347360 -0.026194 -0.094930  0.365424 -0.012954 -0.930751  0.237370 0.185164  1  13 1.000000
0  0.223198 -0.026203 -0.143679  0.365424 -0.012954 -0.930751  0.502762 0.185492  1  13 1.000000
0  0.039845 -0.026002 -0.215670  0.365424 -0.012954 -0.930751  0.894548 0.186771  1  13 1.000000
Material
0  -0.028253 -0.018430 -0.215108  -0.750974 -0.281350 -0.597395  0.215251 0.215251  1  13 1.000000
0  -0.026757 -0.025953 -0.213446  -0.750974 -0.281350 -0.597395  0.187419 0.187419  1  13 1.000000
0  -0.033334 -0.025955 -0.205178  -0.750974 -0.281350 -0.597395  0.186988 0.000000  1  13 1.000000
Material
0  -0.098432 0.078468 0.001841  -0.940014 -0.313657 -0.134137  0.497947 0.497947  1  13 1.000000
0  -0.091851 -0.026071 0.200164  -0.940014 -0.313657 -0.134137  0.044846 0.044846  1  13 1.000000
0  -0.092665 -0.026069 0.205867  -0.940014 -0.313657 -0.134137  0.044910 0.000000  1  13 1.000000
Material
0  -0.042005 0.000428 -0.206703  -0.938874 -0.316417 -0.135630  0.284376 0.284376  1  13 1.000000
0  -0.033334 -0.025955 -0.205178  -0.938874 -0.316417 -0.135630  0.186988 0.186988  1  13 1.000000
0  -0.067254 -0.026129 0.030036  -0.938874 -0.316417 -0.135630  0.658361 0.104115  1  13 1.000000
Material
0  -0.067254 -0.026129 0.030036  -0.938874 -0.316418 -0.135630  0.658361 0.104115  1  13 1.000000
0  -0.091851 -0.026071 0.200164  -0.938874 -0.316418 -0.135630  1.000000 0.044846  1  13 1.000000
0  -0.098432 0.078468 0.001841  -0.938874 -0.316418 -0.135630  1.000000 0.497947  1  13 1.000000
Material
0  -0.098432 0.078468 0.001841  -0.938874 -0.316418 -0.135630  1.000000 0.497947  1  13 1.000000
0  -0.066859 0.062021 -0.178350  -0.938874 -0.316418 -0.135630  0.575771 0.500569  1  13 1.000000
0  -0.042005 0.000428 -0.206703  -0.938874 -0.316418 -0.135630  0.284376 0.284376  1  13 1.000000
Material
0  -0.098913 0.090541 0.232599  -0.996253 -0.066148 0.055710  0.508111 0.449118  1  13 1.000000
0  -0.108198 0.083593 0.058297  -0.996253 -0.066148 0.055710  1.000000 0.479195  1  13 1.000000
0  -0.092665 -0.026069 0.205867  -0.996253 -0.066148 0.055710  1.000000 0.955089  1  13 1.000000
Material
0  -0.092665 -0.026069 0.205867  -0.996253 -0.066148 0.055710  1.000000 0.955089  1  13 1.000000
0  -0.091728 -0.026063 0.222634  -0.996253 -0.066148 0.055710  0.955072 0.955072  1  13 1.000000
0  -0.093554 0.009705 0.232446  -0.996253 -0.066148 0.055710  0.799874 0.799874  1  13 1.000000
Material
0  0.108270 0.022327 -0.189469  0.040521 0.431256 -0.901319  0.639045 0.000000  1  13 1.000000
0  0.039845 -0.026002 -0.215670  0.040521 0.431256 -0.901319  1.000000 0.445875  1  13 1.000000
0  -0.022753 -0.025952 -0.218460  0.040521 0.431256 -0.901319  1.000000 0.544619  1  13 1.000000
Material
0  -0.022753 -0.025952 -0.218460  0.039784 0.431412 -0.901277  1.000000 0.544619  1  13 1.000000
0  -0.028253 -0.018430 -0.215108  0.039784 0.431412 -0.901277  0.943920 0.500792  1  13 1.000000
0  -0.042005 0.000428 -0.206703  0.039784 0.431412 -0.901277  0.803313 0.390843  1  13 1.000000
Material
0  -0.042005 0.000428 -0.206703  0.040520 0.431256 -0.901319  0.803313 0.390843  1  13 1.000000
0  -0.066859 0.062021 -0.178350  0.040520 0.431256 -0.901319  0.343976 0.000000  1  13 1.000000
0  0.108270 0.022327 -0.189469  0.040520 0.431256 -0.901319  0.639045 0.000000  1  13 1.000000
Material
0  -0.033334 -0.025955 -0.205178  -0.000886 -0.999999 -0.001193  0.556943 0.527551  1  13 1.000000
0  -0.026757 -0.025953 -0.213446  -0.000886 -0.999999 -0.001193  0.549288 0.538190  1  13 1.000000
0  -0.022753 -0.025952 -0.218460  -0.000886 -0.999999 -0.001193  0.544619 0.544619  1  13 1.000000
Material
0  -0.022753 -0.025952 -0.218460  -0.000764 -0.999999 -0.000847  0.544619 0.544619  1  13 1.000000
0  0.039845 -0.026002 -0.215670  -0.000764 -0.999999 -0.000847  0.445875 0.445875  1  13 1.000000
0  0.223198 -0.026203 -0.143679  -0.000764 -0.999999 -0.000847  0.136384 0.000000  1  13 1.000000
Material
0  0.223198 -0.026203 -0.143679  -0.000764 -0.999999 -0.000847  0.136384 0.000000  1  13 1.000000
0  -0.067254 -0.026129 0.030036  -0.000764 -0.999999 -0.000847  0.535290 0.000000  1  13 1.000000
0  -0.033334 -0.025955 -0.205178  -0.000764 -0.999999 -0.000847  0.556943 0.527551  1  13 1.000000
Material
0  -0.098913 0.090541 0.232599  -0.000539 -0.001892 0.999998  1.000000 0.685332  1  13 1.000000
0  -0.093554 0.009705 0.232446  -0.000539 -0.001892 0.999998  0.569938 0.210213  1  13 1.000000
0  -0.091813 -0.015912 0.232398  -0.000539 -0.001892 0.999998  0.433704 0.059648  1  13 1.000000
Material
0  -0.091813 -0.015912 0.232398  0.000089 -0.001886 0.999998  0.433704 0.059648  1  13 1.000000
0  -0.086889 -0.026060 0.232378  0.000089 -0.001886 0.999998  0.384846 0.000000  1  13 1.000000
0  0.422586 -0.026089 0.232332  0.000089 -0.001886 0.999998  1.000000 0.000000  1  13 1.000000
Material
0  -0.086889 -0.026060 0.232378  -0.000057 -1.000000 0.000334  0.615154 0.000000  1  13 1.000000
0  -0.091728 -0.026063 0.222634  -0.000057 -1.000000 0.000334  0.640672 0.022380  1  13 1.000000
0  -0.092665 -0.026069 0.205867  -0.000057 -1.000000 0.000334  0.675659 0.060888  1  13 1.000000
Material
0  -0.092665 -0.026069 0.205867  -0.000400 -1.000000 0.000271  0.675659 0.060888  1  13 1.000000
0  -0.091851 -0.026071 0.200164  -0.000400 -1.000000 0.000271  0.686190 0.073986  1  13 1.000000
0  -0.067254 -0.026129 0.030036  -0.000400 -1.000000 0.000271  1.000000 0.464710  1  13 1.000000
Material
0  -0.067254 -0.026129 0.030036  -0.000057 -1.000000 0.000333  1.000000 0.464710  1  13 1.000000
0  0.223198 -0.026203 -0.143679  -0.000057 -1.000000 0.000333  1.000000 0.863616  1  13 1.000000
0  0.347360 -0.026194 -0.094930  -0.000057 -1.000000 0.000333  0.751632 0.751632  1  13 1.000000
Material
0  0.347360 -0.026194 -0.094930  -0.000057 -1.000000 0.000333  0.751632 0.751632  1  13 1.000000
0  0.422586 -0.026089 0.232332  -0.000057 -1.000000 0.000333  0.000000 0.000000  1  13 1.000000
0  -0.086889 -0.026060 0.232378  -0.000057 -1.000000 0.000333  0.615154 0.000000  1  13 1.000000
Material
0  -0.086889 -0.026060 0.232378  -0.000057 -1.000000 0.000333  0.615154 0.000000  1  13 1.000000
0  -0.092665 -0.026069 0.205867  -0.000057 -1.000000 0.000333  0.675659 0.060888  1  13 1.000000
0  -0.067254 -0.026129 0.030036  -0.000057 -1.000000 0.000333  1.000000 0.464710  1  13 1.000000
Material
0  -0.108198 0.083593 0.058297  0.217951 0.974654 -0.050464  0.708596 0.403433  1  13 1.000000
0  -0.098913 0.090541 0.232599  0.217951 0.974654 -0.050464  0.685332 0.685332  1  13 1.000000
0  0.422586 -0.026089 0.232332  0.217951 0.974654 -0.050464  0.000000 0.000000  1  13 1.000000
Material
0  0.422586 -0.026089 0.232332  0.217723 0.974711 -0.050359  0.000000 0.000000  1  13 1.000000
0  0.347360 -0.026194 -0.094930  0.217723 0.974711 -0.050359  0.000000 0.000000  1  13 1.000000
0  0.108270 0.022327 -0.189469  0.217723 0.974711 -0.050359  0.360955 0.000000  1  13 1.000000
Material
0  0.108270 0.022327 -0.189469  0.217690 0.974694 -0.050822  0.360955 0.000000  1  13 1.000000
0  -0.066859 0.062021 -0.178350  0.217690 0.974694 -0.050822  0.656024 0.000000  1  13 1.000000
0  -0.098432 0.078468 0.001841  0.217690 0.974694 -0.050822  0.699080 0.296321  1  13 1.000000
Material
0  -0.098432 0.078468 0.001841  0.218039 0.974619 -0.050755  0.699080 0.296321  1  13 1.000000
0  -0.108198 0.083593 0.058297  0.218039 0.974619 -0.050755  0.708596 0.403433  1  13 1.000000
0  0.422586 -0.026089 0.232332  0.218039 0.974619 -0.050755  0.000000 0.000000  1  13 1.000000
Material
0  -0.138822 -0.039403 -0.121074  0.011741 -0.055760 -0.998375  0.601134 0.319974  1  14 1.000000
0  -0.121419 0.002862 -0.123230  0.011741 -0.055760 -0.998375  0.877205 0.360154  1  14 1.000000
0  -0.058303 -0.001059 -0.122269  0.011741 -0.055760 -0.998375  1.000000 0.504805  1  14 1.000000
Material
0  0.073482 -0.008990 -0.120139  0.012962 -0.052799 -0.998521  1.000000 0.700751  1  14 1.000000
0  0.035477 -0.039538 -0.119017  0.012962 -0.052799 -0.998521  0.719513 0.719513  1  14 1.000000
0  -0.058303 -0.001059 -0.122269  0.012962 -0.052799 -0.998521  0.504805 0.504805  1  14 1.000000
Material
0  0.132648 -0.012371 -0.119097  0.014672 -0.051015 -0.998590  1.000000 0.713335  1  14 1.000000
0  0.105482 -0.039592 -0.118105  0.014672 -0.051015 -0.998590  0.814067 0.814067  1  14 1.000000
0  0.073482 -0.008990 -0.120139  0.014672 -0.051015 -0.998590  0.700751 0.700751  1  14 1.000000
Material
0  0.107865 -0.039794 0.118634  0.939548 0.314990 0.134282  0.894226 0.336116  1  14 1.000000
0  0.132648 -0.012371 -0.119097  0.939548 0.314990 0.134282  0.713335 0.713335  1  14 1.000000
0  0.077220 0.065056 0.087094  0.939548 0.314990 0.134282  0.497433 0.000000  1  14 1.000000
Material
0  0.083227 -0.039736 0.290594  0.935262 0.325163 0.139837  0.949635 0.000000  1  14 1.000000
0  0.077220 0.065056 0.087094  0.935262 0.325163 0.139837  1.000000 0.502567  1  14 1.000000
0  0.067147 0.070196 0.142514  0.935262 0.325163 0.139837  0.474626 0.000000  1  14 1.000000
Material
0  -0.103980 0.100070 -0.017546  -0.911233 0.366927 -0.187134  0.847950 0.000000  1  14 1.000000
0  -0.121419 0.002862 -0.123230  -0.911233 0.366927 -0.187134  1.000000 0.684740  1  14 1.000000
0  -0.135469 -0.031145 -0.121496  -0.911233 0.366927 -0.187134  0.951466 0.951466  1  14 1.000000
Material
0  0.132648 -0.012371 -0.119097  0.040520 0.431257 -0.901319  0.796863 0.388938  1  14 1.000000
0  -0.058303 -0.001059 -0.122269  0.040520 0.431257 -0.901319  0.713616 0.612213  1  14 1.000000
0  -0.093741 0.094627 -0.078079  0.040520 0.431257 -0.901319  0.000000 0.000000  1  14 1.000000
Material
0  -0.138822 -0.039403 -0.121074  -0.000764 -0.999999 -0.000848  1.000000 0.950524  1  14 1.000000
0  0.105482 -0.039592 -0.118105  -0.000764 -0.999999 -0.000848  0.617139 0.584590  1  14 1.000000
0  0.107865 -0.039794 0.118634  -0.000764 -0.999999 -0.000848  0.538249 0.000000  1  14 1.000000
Material
0  -0.135469 -0.031145 -0.121496  -0.913730 0.361595 -0.185328  1.000000 0.951466  1  14 1.000000
0  -0.183468 -0.039555 0.098746  -0.913730 0.361595 -0.185328  0.476501 0.476501  1  14 1.000000
0  -0.144941 0.028603 0.041779  -0.913730 0.361595 -0.185328  1.000000 0.599618  1  14 1.000000
Material
0  0.083227 -0.039736 0.290594  -0.000016 -1.000000 0.000324  0.682542 0.066820  1  14 1.000000
0  0.107865 -0.039794 0.118634  -0.000016 -1.000000 0.000324  1.000000 0.461751  1  14 1.000000
0  0.084160 -0.039738 0.284357  -0.000016 -1.000000 0.000324  0.694007 0.081142  1  14 1.000000
Material
0  0.108081 0.048884 -0.090893  0.217690 0.974694 -0.050822  0.659957 0.000000  1  14 1.000000
0  -0.103980 0.100070 -0.017546  0.217690 0.974694 -0.050822  1.000000 0.152050  1  14 1.000000
0  0.067147 0.070196 0.142514  0.217690 0.974694 -0.050822  0.711686 0.399378  1  14 1.000000
Material
0  0.067147 0.070196 0.142514  -0.410843 0.710119 0.571786  0.525374 0.000000  1  14 1.000000
0  -0.144941 0.028603 0.041779  -0.410843 0.710119 0.571786  0.949832 0.581912  1  14 1.000000
0  -0.036211 -0.039757 0.204803  -0.410843 0.710119 0.571786  0.803250 0.136644  1  14 1.000000
Material
0  -0.058303 -0.001059 -0.122269  0.011741 -0.055760 -0.998375  1.000000 0.504805  1  14 1.000000
0  0.035477 -0.039538 -0.119017  0.011741 -0.055760 -0.998375  1.000000 0.719513  1  14 1.000000
0  -0.138822 -0.039403 -0.121074  0.011741 -0.055760 -0.998375  0.601134 0.319974  1  14 1.000000
Material
0  -0.138822 -0.039403 -0.121074  0.011744 -0.055723 -0.998377  0.601134 0.319974  1  14 1.000000
0  -0.135469 -0.031145 -0.121496  0.011744 -0.055723 -0.998377  0.654964 0.327717  1  14 1.000000
0  -0.121419 0.002862 -0.123230  0.011744 -0.055723 -0.998377  0.877205 0.360154  1  14 1.000000
Material
0  0.073482 -0.008990 -0.120139  0.012961 -0.052798 -0.998521  1.000000 0.700751  1  14 1.000000
0  0.105482 -0.039592 -0.118105  0.012961 -0.052798 -0.998521  1.000000 0.814067  1  14 1.000000
0  0.035477 -0.039538 -0.119017  0.012961 -0.052798 -0.998521  0.719513 0.719513  1  14 1.000000
Material
0  0.132648 -0.012371 -0.119097  0.014672 -0.051015 -0.998590  1.000000 0.713335  1  14 1.000000
0  0.141565 -0.039620 -0.117574  0.014672 -0.051015 -0.998590  1.000000 0.814212  1  14 1.000000
0  0.105482 -0.039592 -0.118105  0.014672 -0.051015 -0.998590  0.814067 0.814067  1  14 1.000000
Material
0  0.077220 0.065056 0.087094  0.939548 0.314990 0.134282  0.497433 0.000000  1  14 1.000000
0  0.084160 -0.039738 0.284357  0.939548 0.314990 0.134282  0.949704 0.000000  1  14 1.000000
0  0.107865 -0.039794 0.118634  0.939548 0.314990 0.134282  0.894226 0.336116  1  14 1.000000
Material
0  0.107865 -0.039794 0.118634  0.939548 0.314990 0.134281  0.894226 0.336116  1  14 1.000000
0  0.141565 -0.039620 -0.117574  0.939548 0.314990 0.134281  0.814212 0.814212  1  14 1.000000
0  0.132648 -0.012371 -0.119097  0.939548 0.314990 0.134281  0.713335 0.713335  1  14 1.000000
Material
0  0.132648 -0.012371 -0.119097  0.939548 0.314989 0.134282  0.713335 0.713335  1  14 1.000000
0  0.108081 0.048884 -0.090893  0.939548 0.314989 0.134282  0.497195 0.422461  1  14 1.000000
0  0.077220 0.065056 0.087094  0.939548 0.314989 0.134282  0.497433 0.000000  1  14 1.000000
Material
0  0.083227 -0.039736 0.290594  0.935262 0.325163 0.139837  0.949635 0.000000  1  14 1.000000
0  0.084160 -0.039738 0.284357  0.935262 0.325163 0.139837  1.000000 0.050296  1  14 1.000000
0  0.077220 0.065056 0.087094  0.935262 0.325163 0.139837  1.000000 0.502567  1  14 1.000000
Material
0  -0.135469 -0.031145 -0.121496  -0.911232 0.366928 -0.187135  0.951466 0.951466  1  14 1.000000
0  -0.144941 0.028603 0.041779  -0.911232 0.366928 -0.187135  0.599618 0.599618  1  14 1.000000
0  -0.103980 0.100070 -0.017546  -0.911232 0.366928 -0.187135  0.847950 0.000000  1  14 1.000000
Material
0  -0.103980 0.100070 -0.017546  -0.911232 0.366928 -0.187134  0.847950 0.000000  1  14 1.000000
0  -0.093741 0.094627 -0.078079  -0.911232 0.366928 -0.187134  1.000000 0.000000  1  14 1.000000
0  -0.121419 0.002862 -0.123230  -0.911232 0.366928 -0.187134  1.000000 0.684740  1  14 1.000000
Material
0  -0.093741 0.094627 -0.078079  0.040520 0.431257 -0.901319  0.000000 0.000000  1  14 1.000000
0  0.108081 0.048884 -0.090893  0.040520 0.431257 -0.901319  0.340043 0.000000  1  14 1.000000
0  0.132648 -0.012371 -0.119097  0.040520 0.431257 -0.901319  0.796863 0.388938  1  14 1.000000
Material
0  0.132648 -0.012371 -0.119097  0.040520 0.431180 -0.901356  0.796863 0.388938  1  14 1.000000
0  0.073482 -0.008990 -0.120139  0.040520 0.431180 -0.901356  0.771991 0.458984  1  14 1.000000
0  -0.058303 -0.001059 -0.122269  0.040520 0.431180 -0.901356  0.713616 0.612213  1  14 1.000000
Material
0  -0.058303 -0.001059 -0.122269  0.040520 0.431256 -0.901319  0.713616 0.612213  1  14 1.000000
0  -0.121419 0.002862 -0.123230  0.040520 0.431256 -0.901319  0.684740 0.684740  1  14 1.000000
0  -0.093741 0.094627 -0.078079  0.040520 0.431256 -0.901319  0.000000 0.000000  1  14 1.000000
Material
0  -0.036211 -0.039757 0.204803  -0.000764 -0.999999 -0.000847  0.736122 0.000000  1  14 1.000000
0  -0.183468 -0.039555 0.098746  -0.000764 -0.999999 -0.000847  1.000000 0.476501  1  14 1.000000
0  -0.138822 -0.039403 -0.121074  -0.000764 -0.999999 -0.000847  1.000000 0.950524  1  14 1.000000
Material
0  -0.138822 -0.039403 -0.121074  -0.000764 -0.999999 -0.000752  1.000000 0.950524  1  14 1.000000
0  0.035477 -0.039538 -0.119017  -0.000764 -0.999999 -0.000752  0.726866 0.689596  1  14 1.000000
0  0.105482 -0.039592 -0.118105  -0.000764 -0.999999 -0.000752  0.617139 0.584590  1  14 1.000000
Material
0  0.105482 -0.039592 -0.118105  -0.000764 -0.999999 -0.000847  0.617139 0.584590  1  14 1.000000
0  0.141565 -0.039620 -0.117574  -0.000764 -0.999999 -0.000847  0.560562 0.530313  1  14 1.000000
0  0.107865 -0.039794 0.118634  -0.000764 -0.999999 -0.000847  0.538249 0.000000  1  14 1.000000
Material
0  0.107865 -0.039794 0.118634  -0.000764 -0.999999 -0.000847  0.538249 0.000000  1  14 1.000000
0  -0.036211 -0.039757 0.204803  -0.000764 -0.999999 -0.000847  0.736122 0.000000  1  14 1.000000
0  -0.138822 -0.039403 -0.121074  -0.000764 -0.999999 -0.000847  1.000000 0.950524  1  14 1.000000
Material
0  -0.135469 -0.031145 -0.121496  -0.913729 0.361599 -0.185328  1.000000 0.951466  1  14 1.000000
0  -0.138822 -0.039403 -0.121074  -0.913729 0.361599 -0.185328  0.950524 0.950524  1  14 1.000000
0  -0.183468 -0.039555 0.098746  -0.913729 0.361599 -0.185328  0.476501 0.476501  1  14 1.000000
Material
0  0.083227 -0.039736 0.290594  -0.000057 -1.000000 0.000333  0.682542 0.066820  1  14 1.000000
0  -0.036211 -0.039757 0.204803  -0.000057 -1.000000 0.000333  1.000000 0.263878  1  14 1.000000
0  0.107865 -0.039794 0.118634  -0.000057 -1.000000 0.000333  1.000000 0.461751  1  14 1.000000
Material
0  0.067147 0.070196 0.142514  0.217695 0.974693 -0.050823  0.711686 0.399378  1  14 1.000000
0  0.077220 0.065056 0.087094  0.217695 0.974693 -0.050823  0.701711 0.293579  1  14 1.000000
0  0.108081 0.048884 -0.090893  0.217695 0.974693 -0.050823  0.659957 0.000000  1  14 1.000000
Material
0  0.108081 0.048884 -0.090893  0.217690 0.974694 -0.050822  0.659957 0.000000  1  14 1.000000
0  -0.093741 0.094627 -0.078079  0.217690 0.974694 -0.050822  1.000000 0.000000  1  14 1.000000
0  -0.103980 0.100070 -0.017546  0.217690 0.974694 -0.050822  1.000000 0.152050  1  14 1.000000
Material
0  -0.036211 -0.039757 0.204803  -0.410839 0.710118 0.571790  0.803250 0.136644  1  14 1.000000
0  0.083227 -0.039736 0.290594  -0.410839 0.710118 0.571790  0.050365 0.000000  1  14 1.000000
0  0.067147 0.070196 0.142514  -0.410839 0.710118 0.571790  0.525374 0.000000  1  14 1.000000
Material
0  0.067147 0.070196 0.142514  -0.410844 0.710117 0.571788  0.525374 0.000000  1  14 1.000000
0  -0.103980 0.100070 -0.017546  -0.410844 0.710117 0.571788  0.844775 0.485989  1  14 1.000000
0  -0.144941 0.028603 0.041779  -0.410844 0.710117 0.571788  0.949832 0.581912  1  14 1.000000
Material
0  -0.144941 0.028603 0.041779  -0.410831 0.710129 0.571782  0.949832 0.581912  1  14 1.000000
0  -0.183468 -0.039555 0.098746  -0.410831 0.710129 0.571782  0.486308 0.225093  1  14 1.000000
0  -0.036211 -0.039757 0.204803  -0.410831 0.710129 0.571782  0.803250 0.136644  1  14 1.000000
Material
0  0.041793 -0.011374 -0.000527  0.489103 -0.397365 -0.776453  1.000000 0.358807  1  15 1.000000
0  0.069249 0.012366 0.004619  0.489103 -0.397365 -0.776453  1.000000 0.524045  1  15 1.000000
0  0.051558 -0.011386 0.005631  0.489103 -0.397365 -0.776453  0.882623 0.301059  1  15 1.000000
Material
0  0.069249 0.012366 0.004619  0.487739 -0.395382 -0.778321  0.524045 0.524045  1  15 1.000000
0  0.041793 -0.011374 -0.000527  0.487739 -0.395382 -0.778321  0.358807 0.358807  1  15 1.000000
0  0.029019 -0.011357 -0.008540  0.487739 -0.395382 -0.778321  0.399161 0.286576  1  15 1.000000
Material
0  -0.040677 0.010894 -0.001027  -0.918914 -0.256302 -0.299845  0.480208 0.000000  1  15 1.000000
0  -0.031158 -0.011309 -0.011222  -0.918914 -0.256302 -0.299845  0.708448 0.331750  1  15 1.000000
0  -0.036342 -0.011318 0.004675  -0.918914 -0.256302 -0.299845  0.549233 0.272234  1  15 1.000000
Material
0  -0.041887 0.013973 0.003334  -0.954534 0.042694 -0.295028  0.574107 0.000000  1  15 1.000000
0  -0.041554 0.019512 0.003057  -0.954534 0.042694 -0.295028  0.572008 0.065182  1  15 1.000000
0  -0.040677 0.010894 -0.001027  -0.954534 0.042694 -0.295028  0.554081 0.000000  1  15 1.000000
Material
0  -0.040677 0.010894 -0.001027  -0.169137 -0.436075 0.883873  0.720866 0.264182  1  15 1.000000
0  0.051558 -0.011386 0.005631  -0.169137 -0.436075 0.883873  0.918541 0.187260  1  15 1.000000
0  -0.041554 0.019512 0.003057  -0.169137 -0.436075 0.883873  0.728902 0.300830  1  15 1.000000
Material
0  -0.031158 -0.011309 -0.011222  0.040520 0.431256 -0.901319  1.000000 0.750708  1  15 1.000000
0  -0.041554 0.019512 0.003057  0.040520 0.431256 -0.901319  0.770136 0.551901  1  15 1.000000
0  0.069249 0.012366 0.004619  0.040520 0.431256 -0.901319  0.822783 0.426406  1  15 1.000000
Material
0  0.029019 -0.011357 -0.008540  -0.000764 -0.999999 -0.000848  0.655784 0.655784  1  15 1.000000
0  0.051558 -0.011386 0.005631  -0.000764 -0.999999 -0.000848  0.616050 0.587913  1  15 1.000000
0  -0.036342 -0.011318 0.004675  -0.000764 -0.999999 -0.000848  0.753766 0.719298  1  15 1.000000
Material
0  -0.040677 0.010894 -0.001027  -0.010344 0.246725 0.969030  0.720866 0.264182  1  15 1.000000
0  -0.036342 -0.011318 0.004675  -0.010344 0.246725 0.969030  0.717655 0.186951  1  15 1.000000
0  0.051558 -0.011386 0.005631  -0.010344 0.246725 0.969030  0.918541 0.187260  1  15 1.000000
Material
0  0.051558 -0.011386 0.005631  -0.010818 0.050582 0.998661  0.918541 0.187260  1  15 1.000000
0  0.069249 0.012366 0.004619  -0.010818 0.050582 0.998661  0.976827 0.275132  1  15 1.000000
0  -0.041554 0.019512 0.003057  -0.010818 0.050582 0.998661  0.728902 0.300830  1  15 1.000000
Material
0  0.069249 0.012366 0.004619  0.040520 0.431257 -0.901319  0.822783 0.426406  1  15 1.000000
0  0.029019 -0.011357 -0.008540  0.040520 0.431257 -0.901319  1.000000 0.655784  1  15 1.000000
0  -0.031158 -0.011309 -0.011222  0.040520 0.431257 -0.901319  1.000000 0.750708  1  15 1.000000
Material
0  -0.031158 -0.011309 -0.011222  0.040522 0.431256 -0.901319  1.000000 0.750708  1  15 1.000000
0  -0.040677 0.010894 -0.001027  0.040522 0.431256 -0.901319  0.804689 0.583819  1  15 1.000000
0  -0.041554 0.019512 0.003057  0.040522 0.431256 -0.901319  0.770136 0.551901  1  15 1.000000
Material
0  -0.036342 -0.011318 0.004675  -0.000764 -0.999999 -0.000848  0.753766 0.719298  1  15 1.000000
0  -0.031158 -0.011309 -0.011222  -0.000764 -0.999999 -0.000848  0.750708 0.750708  1  15 1.000000
0  0.029019 -0.011357 -0.008540  -0.000764 -0.999999 -0.000848  0.655784 0.655784  1  15 1.000000
Material
0  0.029019 -0.011357 -0.008540  -0.000780 -0.999999 -0.000785  0.655784 0.655784  1  15 1.000000
0  0.041793 -0.011374 -0.000527  -0.000780 -0.999999 -0.000785  0.633269 0.617361  1  15 1.000000
0  0.051558 -0.011386 0.005631  -0.000780 -0.999999 -0.000785  0.616050 0.587913  1  15 1.000000
Material
0  0.091825 0.009234 0.006596  0.189798 -0.954210 -0.231214  0.420670 0.420670  1  16 1.000000
0  0.020921 -0.004856 0.006542  0.189798 -0.954210 -0.231214  0.423969 0.000000  1  16 1.000000
0  0.003232 -0.004553 -0.009233  0.189798 -0.954210 -0.231214  0.551321 0.000000  1  16 1.000000
Material
0  0.091825 0.009234 0.006596  0.954762 -0.083192 0.285497  0.423222 0.000000  1  16 1.000000
0  0.093176 0.012817 0.003122  0.954762 -0.083192 0.285497  0.450231 0.000000  1  16 1.000000
0  0.092830 0.019090 0.006108  0.954762 -0.083192 0.285497  0.426512 0.174468  1  16 1.000000
Material
0  -0.040345 -0.011737 -0.014629  0.185702 -0.956107 -0.226657  0.658978 0.063754  1  16 1.000000
0  0.020921 -0.004856 0.006542  0.185702 -0.956107 -0.226657  1.000000 0.576031  1  16 1.000000
0  -0.014742 -0.011775 0.006506  0.185702 -0.956107 -0.226657  0.676275 0.251701  1  16 1.000000
Material
0  -0.054111 -0.004087 0.005690  -0.844939 -0.534809 -0.007568  0.462606 0.216712  1  16 1.000000
0  -0.049088 -0.011730 -0.015019  -0.844939 -0.534809 -0.007568  0.602598 0.570848  1  16 1.000000
0  -0.049266 -0.011748 0.006130  -0.844939 -0.534809 -0.007568  0.445024 0.314228  1  16 1.000000
Material
0  -0.014742 -0.011775 0.006506  -0.010818 0.050582 0.998661  0.455536 0.186549  1  16 1.000000
0  0.091825 0.009234 0.006596  -0.010818 0.050582 0.998661  0.718033 0.273951  1  16 1.000000
0  -0.041001 0.027721 0.004221  -0.010818 0.050582 0.998661  0.425180 0.332311  1  16 1.000000
Material
0  0.093176 0.012817 0.003122  0.040520 0.431256 -0.901319  0.816023 0.597328  1  16 1.000000
0  0.003232 -0.004553 -0.009233  0.040520 0.431256 -0.901319  0.946141 0.861031  1  16 1.000000
0  -0.049088 -0.011730 -0.015019  0.040520 0.431256 -0.901319  0.981960 0.981960  1  16 1.000000
Material
0  -0.049088 -0.011730 -0.015019  -0.000764 -0.999999 -0.000848  0.993986 0.993986  1  16 1.000000
0  -0.014742 -0.011775 0.006506  -0.000764 -0.999999 -0.000848  0.933460 0.890732  1  16 1.000000
0  -0.049266 -0.011748 0.006130  -0.000764 -0.999999 -0.000848  0.987550 0.942335  1  16 1.000000
Material
0  -0.040345 -0.011737 -0.014629  0.185702 -0.956107 -0.226657  0.658978 0.063754  1  16 1.000000
0  0.003232 -0.004553 -0.009233  0.185702 -0.956107 -0.226657  1.000000 0.448679  1  16 1.000000
0  0.020921 -0.004856 0.006542  0.185702 -0.956107 -0.226657  1.000000 0.576031  1  16 1.000000
Material
0  -0.054111 -0.004087 0.005690  -0.016032 -0.939277 0.342785  0.462606 0.216712  1  16 1.000000
0  -0.053431 -0.008376 -0.006032  -0.016032 -0.939277 0.342785  0.546478 0.390141  1  16 1.000000
0  -0.049088 -0.011730 -0.015019  -0.016032 -0.939277 0.342785  0.602598 0.570848  1  16 1.000000
Material
0  -0.054111 -0.004087 0.005690  -0.010818 0.050583 0.998661  0.366429 0.203932  1  16 1.000000
0  -0.049266 -0.011748 0.006130  -0.010818 0.050583 0.998661  0.376636 0.186427  1  16 1.000000
0  -0.014742 -0.011775 0.006506  -0.010818 0.050583 0.998661  0.455536 0.186549  1  16 1.000000
Material
0  -0.014742 -0.011775 0.006506  -0.010819 0.050588 0.998661  0.455536 0.186549  1  16 1.000000
0  0.020921 -0.004856 0.006542  -0.010819 0.050588 0.998661  0.542258 0.212337  1  16 1.000000
0  0.091825 0.009234 0.006596  -0.010819 0.050588 0.998661  0.718033 0.273951  1  16 1.000000
Material
0  0.091825 0.009234 0.006596  -0.010818 0.050582 0.998661  0.718033 0.273951  1  16 1.000000
0  0.092830 0.019090 0.006108  -0.010818 0.050582 0.998661  0.724630 0.301273  1  16 1.000000
0  -0.041001 0.027721 0.004221  -0.010818 0.050582 0.998661  0.425180 0.332311  1  16 1.000000
Material
0  -0.041001 0.027721 0.004221  -0.010818 0.050582 0.998661  0.425180 0.332311  1  16 1.000000
0  -0.054111 -0.004087 0.005690  -0.010818 0.050582 0.998661  0.366429 0.203932  1  16 1.000000
0  -0.014742 -0.011775 0.006506  -0.010818 0.050582 0.998661  0.455536 0.186549  1  16 1.000000
Material
0  -0.054111 -0.004087 0.005690  -0.875033 0.344967 -0.339582  0.955007 0.955007  1  16 1.000000
0  -0.041001 0.027721 0.004221  -0.875033 0.344967 -0.339582  1.000000 0.705639  1  16 1.000000
0  -0.049088 -0.011730 -0.015019  -0.875033 0.344967 -0.339582  1.000000 0.981960  1  16 1.000000
Material
0  -0.041001 0.027721 0.004221  0.040520 0.431257 -0.901319  0.705639 0.705639  1  16 1.000000
0  0.092830 0.019090 0.006108  0.040520 0.431257 -0.901319  0.769228 0.554063  1  16 1.000000
0  0.093176 0.012817 0.003122  0.040520 0.431257 -0.901319  0.816023 0.597328  1  16 1.000000
Material
0  0.093176 0.012817 0.003122  0.229055 -0.720708 -0.654304  0.816023 0.597328  1  16 1.000000
0  0.091825 0.009234 0.006596  0.229055 -0.720708 -0.654304  0.832938 0.613644  1  16 1.000000
0  0.003232 -0.004553 -0.009233  0.229055 -0.720708 -0.654304  0.946141 0.861031  1  16 1.000000
Material
0  0.003232 -0.004553 -0.009233  0.040520 0.431256 -0.901319  0.946141 0.861031  1  16 1.000000
0  -0.040345 -0.011737 -0.014629  0.040520 0.431256 -0.901319  1.000000 0.980196  1  16 1.000000
0  -0.049088 -0.011730 -0.015019  0.040520 0.431256 -0.901319  0.981960 0.981960  1  16 1.000000
Material
0  -0.049088 -0.011730 -0.015019  0.040520 0.431256 -0.901319  0.981960 0.981960  1  16 1.000000
0  -0.041001 0.027721 0.004221  0.040520 0.431256 -0.901319  0.705639 0.705639  1  16 1.000000
0  0.093176 0.012817 0.003122  0.040520 0.431256 -0.901319  0.816023 0.597328  1  16 1.000000
Material
0  -0.049088 -0.011730 -0.015019  -0.000764 -0.999999 -0.000847  0.993986 0.993986  1  16 1.000000
0  -0.040345 -0.011737 -0.014629  -0.000764 -0.999999 -0.000847  0.980196 0.980196  1  16 1.000000
0  -0.014742 -0.011775 0.006506  -0.000764 -0.999999 -0.000847  0.933460 0.890732  1  16 1.000000
Material
0  -0.051528 -0.006325 0.007052  -0.190641 0.954012 0.231338  0.764344 0.421412  1  17 1.000000
0  -0.044039 -0.000788 -0.009612  -0.190641 0.954012 0.231338  1.000000 0.555403  1  17 1.000000
0  -0.076532 -0.006288 -0.013705  -0.190641 0.954012 0.231338  0.748954 0.589118  1  17 1.000000
Material
0  0.046357 0.014420 0.001728  -0.189444 0.954573 0.230004  0.464160 0.000000  1  17 1.000000
0  -0.025318 -0.001092 0.007070  -0.189444 0.954573 0.230004  0.420645 0.420645  1  17 1.000000
0  0.045112 0.012872 0.007126  -0.189444 0.954573 0.230004  0.420523 0.000000  1  17 1.000000
Material
0  0.046357 0.014420 0.001728  0.918338 0.270250 0.289171  0.464160 0.464160  1  17 1.000000
0  0.050459 -0.006404 0.008160  0.918338 0.270250 0.289171  0.525903 0.271250  1  17 1.000000
0  0.055488 -0.006394 -0.007820  0.918338 0.270250 0.289171  0.682489 0.366494  1  17 1.000000
Material
0  0.045112 0.012872 0.007126  -0.010818 0.050582 0.998661  0.714759 0.258131  1  17 1.000000
0  -0.051528 -0.006325 0.007052  -0.010818 0.050582 0.998661  0.479420 0.186585  1  17 1.000000
0  0.050459 -0.006404 0.008160  -0.010818 0.050582 0.998661  0.712501 0.186943  1  17 1.000000
Material
0  -0.044039 -0.000788 -0.009612  0.040520 0.431257 -0.901319  0.958770 0.872909  1  17 1.000000
0  0.055488 -0.006394 -0.007820  0.040520 0.431257 -0.901319  1.000000 0.754511  1  17 1.000000
0  -0.076532 -0.006288 -0.013705  0.040520 0.431257 -0.901319  1.000000 0.962765  1  17 1.000000
Material
0  0.050459 -0.006404 0.008160  -0.000764 -0.999999 -0.000848  0.757300 0.722669  1  17 1.000000
0  -0.076532 -0.006288 -0.013705  -0.000764 -0.999999 -0.000848  0.962765 0.962765  1  17 1.000000
0  0.055488 -0.006394 -0.007820  -0.000764 -0.999999 -0.000848  0.754511 0.754511  1  17 1.000000
Material
0  -0.051528 -0.006325 0.007052  -0.190641 0.954012 0.231338  0.764344 0.421412  1  17 1.000000
0  -0.025318 -0.001092 0.007070  -0.190641 0.954012 0.231338  1.000000 0.420645  1  17 1.000000
0  -0.044039 -0.000788 -0.009612  -0.190641 0.954012 0.231338  1.000000 0.555403  1  17 1.000000
Material
0  0.046357 0.014420 0.001728  -0.189444 0.954572 0.230005  0.464160 0.000000  1  17 1.000000
0  -0.044039 -0.000788 -0.009612  -0.189444 0.954572 0.230005  0.555403 0.555403  1  17 1.000000
0  -0.025318 -0.001092 0.007070  -0.189444 0.954572 0.230005  0.420645 0.420645  1  17 1.000000
Material
0  0.046357 0.014420 0.001728  0.918338 0.270250 0.289171  0.464160 0.464160  1  17 1.000000
0  0.045112 0.012872 0.007126  0.918338 0.270250 0.289171  0.420523 0.420523  1  17 1.000000
0  0.050459 -0.006404 0.008160  0.918338 0.270250 0.289171  0.525903 0.271250  1  17 1.000000
Material
0  0.045112 0.012872 0.007126  -0.010811 0.050574 0.998662  0.714759 0.258131  1  17 1.000000
0  -0.025318 -0.001092 0.007070  -0.010811 0.050574 0.998662  0.543268 0.206087  1  17 1.000000
0  -0.051528 -0.006325 0.007052  -0.010811 0.050574 0.998662  0.479420 0.186585  1  17 1.000000
Material
0  -0.044039 -0.000788 -0.009612  0.040520 0.431257 -0.901319  0.958770 0.872909  1  17 1.000000
0  0.046357 0.014420 0.001728  0.040520 0.431257 -0.901319  0.844781 0.623594  1  17 1.000000
0  0.055488 -0.006394 -0.007820  0.040520 0.431257 -0.901319  1.000000 0.754511  1  17 1.000000
Material
0  0.050459 -0.006404 0.008160  -0.000764 -0.999999 -0.000848  0.757300 0.722669  1  17 1.000000
0  -0.051528 -0.006325 0.007052  -0.000764 -0.999999 -0.000848  0.917087 0.875111  1  17 1.000000
0  -0.076532 -0.006288 -0.013705  -0.000764 -0.999999 -0.000848  0.962765 0.962765  1  17 1.000000
Material
0  -0.032171 -0.006832 -0.041525  -0.516391 0.823862 -0.233651  0.604449 0.347567  1  18 1.000000
0  -0.011358 0.012781 -0.018369  -0.516391 0.823862 -0.233651  0.450774 0.000000  1  18 1.000000
0  -0.007704 0.011273 -0.031762  -0.516391 0.823862 -0.233651  0.544049 0.123798  1  18 1.000000
Material
0  -0.022911 0.016696 0.021520  -0.515564 0.825314 -0.230327  1.000000 0.465559  1  18 1.000000
0  -0.051026 -0.006853 0.000075  -0.515564 0.825314 -0.230327  0.312642 0.312642  1  18 1.000000
0  -0.055114 -0.006857 0.009207  -0.515564 0.825314 -0.230327  0.421910 0.309241  1  18 1.000000
Material
0  0.026500 0.007391 0.040991  0.653243 -0.024189 0.756761  0.709428 0.556787  1  18 1.000000
0  0.025992 -0.006887 0.040973  0.653243 -0.024189 0.756761  0.619245 0.570327  1  18 1.000000
0  0.079764 -0.006906 -0.005444  0.653243 -0.024189 0.756761  0.486888 0.298283  1  18 1.000000
Material
0  -0.024515 -0.006891 0.021192  -0.364658 0.011825 0.931066  0.815852 0.500152  1  18 1.000000
0  0.026500 0.007391 0.040991  -0.364658 0.011825 0.931066  0.763024 0.617671  1  18 1.000000
0  -0.022911 0.016696 0.021520  -0.364658 0.011825 0.931066  0.728532 0.517556  1  18 1.000000
Material
0  -0.007704 0.011273 -0.031762  0.040520 0.431257 -0.901319  0.864794 0.000000  1  18 1.000000
0  0.072543 -0.006916 -0.036857  0.040520 0.431257 -0.901319  1.000000 0.000000  1  18 1.000000
0  -0.032171 -0.006832 -0.041525  0.040520 0.431257 -0.901319  1.000000 0.165179  1  18 1.000000
Material
0  -0.055114 -0.006857 0.009207  -0.000764 -0.999999 -0.000847  0.184938 0.074336  1  18 1.000000
0  -0.032171 -0.006832 -0.041525  -0.000764 -0.999999 -0.000847  0.165179 0.165179  1  18 1.000000
0  0.072543 -0.006916 -0.036857  -0.000764 -0.999999 -0.000847  0.000000 0.000000  1  18 1.000000
Material
0  0.025992 -0.006887 0.040973  -0.000057 -1.000000 0.000333  0.899066 0.821259  1  18 1.000000
0  0.072543 -0.006916 -0.036857  -0.000057 -1.000000 0.000333  1.000000 1.000000  1  18 1.000000
0  0.079764 -0.006906 -0.005444  -0.000057 -1.000000 0.000333  0.927853 0.927853  1  18 1.000000
Material
0  -0.011358 0.012781 -0.018369  0.217723 0.974711 -0.050359  0.146386 0.000000  1  18 1.000000
0  0.026500 0.007391 0.040991  0.217723 0.974711 -0.050359  0.106177 0.000000  1  18 1.000000
0  0.079764 -0.006906 -0.005444  0.217723 0.974711 -0.050359  0.000000 0.000000  1  18 1.000000
Material
0  -0.032171 -0.006832 -0.041525  -0.516391 0.823861 -0.233651  0.604449 0.347567  1  18 1.000000
0  -0.051026 -0.006853 0.000075  -0.516391 0.823861 -0.233651  0.312642 0.000000  1  18 1.000000
0  -0.011358 0.012781 -0.018369  -0.516391 0.823861 -0.233651  0.450774 0.000000  1  18 1.000000
Material
0  -0.022911 0.016696 0.021520  -0.515564 0.825314 -0.230327  1.000000 0.465559  1  18 1.000000
0  -0.011358 0.012781 -0.018369  -0.515564 0.825314 -0.230327  0.450774 0.450774  1  18 1.000000
0  -0.051026 -0.006853 0.000075  -0.515564 0.825314 -0.230327  0.312642 0.312642  1  18 1.000000
Material
0  -0.022911 0.016696 0.021520  -0.364658 0.011825 0.931066  0.728532 0.517556  1  18 1.000000
0  -0.055114 -0.006857 0.009207  -0.364658 0.011825 0.931066  0.815701 0.434761  1  18 1.000000
0  -0.024515 -0.006891 0.021192  -0.364658 0.011825 0.931066  0.815852 0.500152  1  18 1.000000
Material
0  -0.024515 -0.006891 0.021192  -0.364658 0.011825 0.931066  0.815852 0.500152  1  18 1.000000
0  0.025992 -0.006887 0.040973  -0.364658 0.011825 0.931066  0.815884 0.608126  1  18 1.000000
0  0.026500 0.007391 0.040991  -0.364658 0.011825 0.931066  0.763024 0.617671  1  18 1.000000
Material
0  0.072543 -0.006916 -0.036857  -0.000764 -0.999999 -0.000848  0.000000 0.000000  1  18 1.000000
0  -0.024515 -0.006891 0.021192  -0.000764 -0.999999 -0.000848  0.133299 0.000000  1  18 1.000000
0  -0.055114 -0.006857 0.009207  -0.000764 -0.999999 -0.000848  0.184938 0.074336  1  18 1.000000
Material
0  -0.055114 -0.006857 0.009207  -0.000615 -0.999999 -0.000778  0.184938 0.074336  1  18 1.000000
0  -0.051026 -0.006853 0.000075  -0.000615 -0.999999 -0.000778  0.181448 0.090752  1  18 1.000000
0  -0.032171 -0.006832 -0.041525  -0.000615 -0.999999 -0.000778  0.165179 0.165179  1  18 1.000000
Material
0  0.025992 -0.006887 0.040973  -0.000057 -1.000000 0.000333  0.899066 0.821259  1  18 1.000000
0  -0.024515 -0.006891 0.021192  -0.000057 -1.000000 0.000333  1.000000 0.866701  1  18 1.000000
0  0.072543 -0.006916 -0.036857  -0.000057 -1.000000 0.000333  1.000000 1.000000  1  18 1.000000
Material
0  0.079764 -0.006906 -0.005444  0.217723 0.974711 -0.050358  0.000000 0.000000  1  18 1.000000
0  0.072543 -0.006916 -0.036857  0.217723 0.974711 -0.050358  0.000000 0.000000  1  18 1.000000
0  -0.007704 0.011273 -0.031762  0.217723 0.974711 -0.050358  0.135206 0.000000  1  18 1.000000
Material
0  -0.011358 0.012781 -0.018369  0.199490 0.979150 -0.038327  0.146386 0.000000  1  18 1.000000
0  -0.022911 0.016696 0.021520  0.199490 0.979150 -0.038327  0.179615 0.000000  1  18 1.000000
0  0.026500 0.007391 0.040991  0.199490 0.979150 -0.038327  0.106177 0.000000  1  18 1.000000
Material
0  0.079764 -0.006906 -0.005444  0.217723 0.974711 -0.050358  0.000000 0.000000  1  18 1.000000
0  -0.007704 0.011273 -0.031762  0.217723 0.974711 -0.050358  0.135206 0.000000  1  18 1.000000
0  -0.011358 0.012781 -0.018369  0.217723 0.974711 -0.050358  0.146386 0.000000  1  18 1.000000
Material
0  -0.029799 0.010367 0.004521  -0.654101 0.018247 -0.756187  0.435876 0.002371  1  19 1.000000
0  0.021755 -0.003469 -0.040407  -0.654101 0.018247 -0.756187  0.681602 0.342408  1  19 1.000000
0  -0.030204 -0.003452 0.004538  -0.654101 0.018247 -0.756187  0.433626 0.094152  1  19 1.000000
Material
0  -0.029799 0.010367 0.004521  -0.364658 0.011825 0.931067  0.764725 0.622233  1  19 1.000000
0  -0.030204 -0.003452 0.004538  -0.364658 0.011825 0.931067  0.815885 0.613180  1  19 1.000000
0  0.038249 -0.003447 0.031348  -0.364658 0.011825 0.931067  0.815928 0.759518  1  19 1.000000
Material
0  0.021755 -0.003469 -0.040407  -0.000057 -1.000000 0.000333  0.922346 0.922346  1  19 1.000000
0  0.038249 -0.003447 0.031348  -0.000057 -1.000000 0.000333  0.757544 0.757544  1  19 1.000000
0  -0.030204 -0.003452 0.004538  -0.000057 -1.000000 0.000333  0.894342 0.819132  1  19 1.000000
Material
0  0.021755 -0.003469 -0.040407  0.217723 0.974711 -0.050358  0.000000 0.000000  1  19 1.000000
0  -0.029799 0.010367 0.004521  0.217723 0.974711 -0.050358  0.102763 0.000000  1  19 1.000000
0  0.038249 -0.003447 0.031348  0.217723 0.974711 -0.050358  0.000000 0.000000  1  19 1.000000
Material
0  -0.060454 0.030621 -0.009847  -0.736025 -0.344659 -0.582648  0.632740 0.477008  1  20 1.000000
0  -0.047444 0.014715 -0.016872  -0.736025 -0.344659 -0.582648  0.519769 0.519769  1  20 1.000000
0  -0.051980 0.001105 -0.003092  -0.736025 -0.344659 -0.582648  0.422674 0.422674  1  20 1.000000
Material
0  -0.022723 -0.015268 -0.030107  -0.733659 -0.347036 -0.584217  0.628192 0.241830  1  20 1.000000
0  -0.051980 0.001105 -0.003092  -0.733659 -0.347036 -0.584217  1.000000 0.422674  1  20 1.000000
0  -0.047444 0.014715 -0.016872  -0.733659 -0.347036 -0.584217  1.000000 0.519769  1  20 1.000000
Material
0  0.012347 -0.015340 0.022311  0.514478 -0.826818 0.227342  0.915326 0.624162  1  20 1.000000
0  0.059943 0.003332 -0.017491  0.514478 -0.826818 0.227342  0.685779 0.300817  1  20 1.000000
0  0.049912 0.007536 0.020498  0.514478 -0.826818 0.227342  1.000000 0.530820  1  20 1.000000
Material
0  0.049912 0.007536 0.020498  0.514693 -0.826157 0.229252  0.530820 0.530820  1  20 1.000000
0  0.045995 0.009169 0.035178  0.514693 -0.826157 0.229252  0.587470 0.451440  1  20 1.000000
0  0.026178 -0.005279 0.027600  0.514693 -0.826157 0.229252  0.622366 0.622366  1  20 1.000000
Material
0  0.045995 0.009169 0.035178  -0.364658 0.011825 0.931066  0.724982 0.515673  1  20 1.000000
0  -0.051980 0.001105 -0.003092  -0.364658 0.011825 0.931066  0.754750 0.301450  1  20 1.000000
0  0.012347 -0.015340 0.022311  -0.364658 0.011825 0.931066  0.815688 0.429223  1  20 1.000000
Material
0  -0.047444 0.014715 -0.016872  0.040520 0.431257 -0.901319  0.776469 0.090498  1  20 1.000000
0  0.059943 0.003332 -0.017491  0.040520 0.431257 -0.901319  0.860742 0.000000  1  20 1.000000
0  0.034426 -0.015314 -0.027560  0.040520 0.431257 -0.901319  1.000000 0.170631  1  20 1.000000
Material
0  -0.046200 -0.015276 -0.000620  -0.000764 -0.999999 -0.000848  0.288118 0.222866  1  20 1.000000
0  0.034426 -0.015314 -0.027560  -0.000764 -0.999999 -0.000848  0.170631 0.170631  1  20 1.000000
0  0.012347 -0.015340 0.022311  -0.000764 -0.999999 -0.000848  0.189312 0.080631  1  20 1.000000
Material
0  0.059943 0.003332 -0.017491  0.217683 0.974719 -0.050365  0.139258 0.000000  1  20 1.000000
0  0.045995 0.009169 0.035178  0.217683 0.974719 -0.050365  0.182526 0.000000  1  20 1.000000
0  0.049912 0.007536 0.020498  0.217683 0.974719 -0.050365  0.170418 0.000000  1  20 1.000000
Material
0  -0.022723 -0.015268 -0.030107  -0.733659 -0.347036 -0.584217  0.628192 0.241830  1  20 1.000000
0  -0.046200 -0.015276 -0.000620  -0.733659 -0.347036 -0.584217  0.879625 0.285084  1  20 1.000000
0  -0.051980 0.001105 -0.003092  -0.733659 -0.347036 -0.584217  1.000000 0.422674  1  20 1.000000
Material
0  0.049912 0.007536 0.020498  0.514478 -0.826818 0.227342  1.000000 0.530820  1  20 1.000000
0  0.026178 -0.005279 0.027600  0.514478 -0.826818 0.227342  1.000000 0.622366  1  20 1.000000
0  0.012347 -0.015340 0.022311  0.514478 -0.826818 0.227342  0.915326 0.624162  1  20 1.000000
Material
0  0.012347 -0.015340 0.022311  0.514478 -0.826818 0.227342  0.915326 0.624162  1  20 1.000000
0  0.034426 -0.015314 -0.027560  0.514478 -0.826818 0.227342  0.526767 0.302432  1  20 1.000000
0  0.059943 0.003332 -0.017491  0.514478 -0.826818 0.227342  0.685779 0.300817  1  20 1.000000
Material
0  0.012347 -0.015340 0.022311  -0.364775 0.011726 0.931022  0.815688 0.429223  1  20 1.000000
0  0.026178 -0.005279 0.027600  -0.364775 0.011726 0.931022  0.778455 0.464750  1  20 1.000000
0  0.045995 0.009169 0.035178  -0.364775 0.011726 0.931022  0.724982 0.515673  1  20 1.000000
Material
0  0.045995 0.009169 0.035178  -0.369324 0.105275 0.923319  0.724982 0.515673  1  20 1.000000
0  -0.060454 0.030621 -0.009847  -0.369324 0.105275 0.923319  0.643343 0.296778  1  20 1.000000
0  -0.051980 0.001105 -0.003092  -0.369324 0.105275 0.923319  0.754750 0.301450  1  20 1.000000
Material
0  -0.051980 0.001105 -0.003092  -0.364658 0.011825 0.931066  0.754750 0.301450  1  20 1.000000
0  -0.046200 -0.015276 -0.000620  -0.364658 0.011825 0.931066  0.815398 0.304102  1  20 1.000000
0  0.012347 -0.015340 0.022311  -0.364658 0.011825 0.931066  0.815688 0.429223  1  20 1.000000
Material
0  0.034426 -0.015314 -0.027560  0.040520 0.431257 -0.901319  1.000000 0.170631  1  20 1.000000
0  -0.022723 -0.015268 -0.030107  0.040520 0.431257 -0.901319  1.000000 0.260779  1  20 1.000000
0  -0.047444 0.014715 -0.016872  0.040520 0.431257 -0.901319  0.776469 0.090498  1  20 1.000000
Material
0  -0.047444 0.014715 -0.016872  0.040520 0.431257 -0.901319  0.776469 0.090498  1  20 1.000000
0  -0.060454 0.030621 -0.009847  0.040520 0.431257 -0.901319  0.657888 0.000000  1  20 1.000000
0  0.059943 0.003332 -0.017491  0.040520 0.431257 -0.901319  0.860742 0.000000  1  20 1.000000
Material
0  -0.046200 -0.015276 -0.000620  -0.000764 -0.999999 -0.000847  0.288118 0.222866  1  20 1.000000
0  -0.022723 -0.015268 -0.030107  -0.000764 -0.999999 -0.000847  0.260779 0.260779  1  20 1.000000
0  0.034426 -0.015314 -0.027560  -0.000764 -0.999999 -0.000847  0.170631 0.170631  1  20 1.000000
Material
0  0.059943 0.003332 -0.017491  0.217723 0.974711 -0.050358  0.139258 0.000000  1  20 1.000000
0  -0.060454 0.030621 -0.009847  0.217723 0.974711 -0.050358  0.346376 0.000000  1  20 1.000000
0  0.045995 0.009169 0.035178  0.217723 0.974711 -0.050358  0.182526 0.000000  1  20 1.000000
Material
0  0.070724 0.060232 -0.101973  0.100892 -0.591887 -0.799681  1.000000 0.547557  1  21 1.000000
0  0.079838 0.058332 -0.099417  0.100892 -0.591887 -0.799681  0.462416 0.000000  1  21 1.000000
0  0.039740 -0.056348 -0.019595  0.100892 -0.591887 -0.799681  1.000000 0.000000  1  21 1.000000
Material
0  0.059316 -0.044169 -0.026073  0.974732 -0.206559 0.085034  1.000000 0.000000  1  21 1.000000
0  0.086946 0.056852 -0.097392  0.974732 -0.206559 0.085034  1.000000 0.502227  1  21 1.000000
0  0.075377 0.067693 0.061547  0.974732 -0.206559 0.085034  0.442674 0.000000  1  21 1.000000
Material
0  0.086946 0.056852 -0.097392  0.104297 -0.592472 -0.798811  0.502227 0.502227  1  21 1.000000
0  0.039740 -0.056348 -0.019595  0.104297 -0.592472 -0.798811  1.000000 0.000000  1  21 1.000000
0  0.079838 0.058332 -0.099417  0.104297 -0.592472 -0.798811  1.000000 0.537584  1  21 1.000000
Material
0  0.025645 -0.063528 -0.007103  0.559816 -0.812030 0.164966  1.000000 0.873768  1  21 1.000000
0  0.039740 -0.056348 -0.019595  0.559816 -0.812030 0.164966  1.000000 1.000000  1  21 1.000000
0  0.059316 -0.044169 -0.026073  0.559816 -0.812030 0.164966  0.000000 0.000000  1  21 1.000000
Material
0  0.008102 -0.063527 -0.007245  0.003965 -0.868930 -0.494919  1.000000 0.874330  1  21 1.000000
0  0.039740 -0.056348 -0.019595  0.003965 -0.868930 -0.494919  1.000000 1.000000  1  21 1.000000
0  0.025645 -0.063528 -0.007103  0.003965 -0.868930 -0.494919  0.873768 0.873768  1  21 1.000000
Material
0  0.054851 -0.020045 0.080747  0.974036 -0.208658 0.087842  0.321994 0.000000  1  21 1.000000
0  0.075377 0.067693 0.061547  0.974036 -0.208658 0.087842  1.000000 0.557326  1  21 1.000000
0  0.073917 0.069029 0.080913  0.974036 -0.208658 0.087842  0.858731 0.538936  1  21 1.000000
Material
0  0.020219 -0.063522 0.008412  0.572510 -0.794290 0.203313  1.000000 0.720207  1  21 1.000000
0  0.054851 -0.020045 0.080747  0.572510 -0.794290 0.203313  0.321994 0.321994  1  21 1.000000
0  -0.005406 -0.063497 0.080670  0.572510 -0.794290 0.203313  0.672753 0.224999  1  21 1.000000
Material
0  0.020219 -0.063522 0.008412  0.570569 -0.796566 0.199836  0.720207 0.720207  1  21 1.000000
0  0.025645 -0.063528 -0.007103  0.570569 -0.796566 0.199836  1.000000 0.719707  1  21 1.000000
0  0.059316 -0.044169 -0.026073  0.570569 -0.796566 0.199836  1.000000 1.000000  1  21 1.000000
Material
0  -0.065573 0.091384 -0.088724  -0.911232 0.366928 -0.187135  0.426323 0.000000  1  21 1.000000
0  -0.086085 0.054930 -0.060325  -0.911232 0.366928 -0.187135  0.304547 0.304547  1  21 1.000000
0  -0.094283 0.106646 0.080999  -0.911232 0.366928 -0.187135  0.000000 0.000000  1  21 1.000000
Material
0  -0.161547 -0.063488 0.080684  -0.000764 -0.999999 -0.000848  1.000000 0.000000  1  21 1.000000
0  -0.151611 -0.063454 0.031765  -0.000764 -0.999999 -0.000848  1.000000 0.105491  1  21 1.000000
0  -0.030170 -0.063521 0.002110  -0.000764 -0.999999 -0.000848  0.819568 0.000000  1  21 1.000000
Material
0  -0.161547 -0.063488 0.080684  -0.913730 0.361595 -0.185328  0.000000 0.000000  1  21 1.000000
0  -0.086085 0.054930 -0.060325  -0.913730 0.361595 -0.185328  1.000000 0.304547  1  21 1.000000
0  -0.151611 -0.063454 0.031765  -0.913730 0.361595 -0.185328  0.105491 0.105491  1  21 1.000000
Material
0  0.073917 0.069029 0.080913  0.000089 -0.001886 0.999998  1.000000 0.778958  1  21 1.000000
0  -0.161547 -0.063488 0.080684  0.000089 -0.001886 0.999998  0.000000 0.000000  1  21 1.000000
0  -0.005406 -0.063497 0.080670  0.000089 -0.001886 0.999998  0.188529 0.000000  1  21 1.000000
Material
0  0.020219 -0.063522 0.008412  -0.000057 -1.000000 0.000333  0.926426 0.165950  1  21 1.000000
0  -0.161547 -0.063488 0.080684  -0.000057 -1.000000 0.000333  1.000000 0.000000  1  21 1.000000
0  0.008102 -0.063527 -0.007245  -0.000057 -1.000000 0.000333  0.972673 0.201911  1  21 1.000000
Material
0  0.079838 0.058332 -0.099417  0.217816 0.974674 -0.050661  0.793299 0.426389  1  21 1.000000
0  -0.065573 0.091384 -0.088724  0.217816 0.974674 -0.050661  1.000000 0.573677  1  21 1.000000
0  0.073917 0.069029 0.080913  0.217816 0.974674 -0.050661  0.778958 0.778958  1  21 1.000000
Material
0  0.008102 -0.063527 -0.007245  -0.201538 -0.529323 -0.824136  0.874330 0.874330  1  21 1.000000
0  -0.151611 -0.063454 0.031765  -0.201538 -0.529323 -0.824136  0.374459 0.239760  1  21 1.000000
0  -0.065573 0.091384 -0.088724  -0.201538 -0.529323 -0.824136  0.694738 0.225191  1  21 1.000000
Material
0  0.086946 0.056852 -0.097392  0.104296 -0.592472 -0.798811  0.502227 0.502227  1  21 1.000000
0  0.059316 -0.044169 -0.026073  0.104296 -0.592472 -0.798811  0.000000 0.000000  1  21 1.000000
0  0.039740 -0.056348 -0.019595  0.104296 -0.592472 -0.798811  1.000000 0.000000  1  21 1.000000
Material
0  0.054851 -0.020045 0.080747  0.974036 -0.208659 0.087842  0.321994 0.000000  1  21 1.000000
0  0.059316 -0.044169 -0.026073  0.974036 -0.208659 0.087842  1.000000 0.000000  1  21 1.000000
0  0.075377 0.067693 0.061547  0.974036 -0.208659 0.087842  1.000000 0.557326  1  21 1.000000
Material
0  0.020219 -0.063522 0.008412  0.572510 -0.794290 0.203313  1.000000 0.720207  1  21 1.000000
0  0.059316 -0.044169 -0.026073  0.572510 -0.794290 0.203313  1.000000 1.000000  1  21 1.000000
0  0.054851 -0.020045 0.080747  0.572510 -0.794290 0.203313  0.321994 0.321994  1  21 1.000000
Material
0  -0.161547 -0.063488 0.080684  -0.913730 0.361595 -0.185328  0.000000 0.000000  1  21 1.000000
0  -0.094283 0.106646 0.080999  -0.913730 0.361595 -0.185328  1.000000 0.000000  1  21 1.000000
0  -0.086085 0.054930 -0.060325  -0.913730 0.361595 -0.185328  1.000000 0.304547  1  21 1.000000
Material
0  -0.005406 -0.063497 0.080670  0.000089 -0.001886 0.999998  0.188529 0.000000  1  21 1.000000
0  0.054851 -0.020045 0.080747  0.000089 -0.001886 0.999998  0.495954 0.255413  1  21 1.000000
0  0.073917 0.069029 0.080913  0.000089 -0.001886 0.999998  1.000000 0.778958  1  21 1.000000
Material
0  0.073917 0.069029 0.080913  0.000089 -0.001886 0.999998  1.000000 0.778958  1  21 1.000000
0  -0.094283 0.106646 0.080999  0.000089 -0.001886 0.999998  1.000000 1.000000  1  21 1.000000
0  -0.161547 -0.063488 0.080684  0.000089 -0.001886 0.999998  0.000000 0.000000  1  21 1.000000
Material
0  0.008102 -0.063527 -0.007245  -0.000057 -1.000000 0.000334  0.972673 0.201911  1  21 1.000000
0  0.025645 -0.063528 -0.007103  -0.000057 -1.000000 0.000334  0.951200 0.201581  1  21 1.000000
0  0.020219 -0.063522 0.008412  -0.000057 -1.000000 0.000334  0.926426 0.165950  1  21 1.000000
Material
0  0.020219 -0.063522 0.008412  -0.000057 -1.000000 0.000333  0.926426 0.165950  1  21 1.000000
0  -0.005406 -0.063497 0.080670  -0.000057 -1.000000 0.000333  0.811471 0.000000  1  21 1.000000
0  -0.161547 -0.063488 0.080684  -0.000057 -1.000000 0.000333  1.000000 0.000000  1  21 1.000000
Material
0  -0.161547 -0.063488 0.080684  -0.000058 -1.000000 0.000333  1.000000 0.000000  1  21 1.000000
0  -0.030170 -0.063521 0.002110  -0.000058 -1.000000 0.000333  1.000000 0.180432  1  21 1.000000
0  0.008102 -0.063527 -0.007245  -0.000058 -1.000000 0.000333  0.972673 0.201911  1  21 1.000000
Material
0  0.075377 0.067693 0.061547  0.217408 0.974765 -0.050663  0.779616 0.739246  1  21 1.000000
0  0.086946 0.056852 -0.097392  0.217408 0.974765 -0.050663  0.782456 0.425687  1  21 1.000000
0  0.079838 0.058332 -0.099417  0.217408 0.974765 -0.050663  0.793299 0.426389  1  21 1.000000
Material
0  0.079838 0.058332 -0.099417  0.217718 0.974632 -0.051872  0.793299 0.426389  1  21 1.000000
0  0.070724 0.060232 -0.101973  0.217718 0.974632 -0.051872  0.807172 0.427469  1  21 1.000000
0  -0.065573 0.091384 -0.088724  0.217718 0.974632 -0.051872  1.000000 0.573677  1  21 1.000000
Material
0  -0.065573 0.091384 -0.088724  0.217947 0.974639 -0.050774  1.000000 0.573677  1  21 1.000000
0  -0.094283 0.106646 0.080999  0.217947 0.974639 -0.050774  1.000000 1.000000  1  21 1.000000
0  0.073917 0.069029 0.080913  0.217947 0.974639 -0.050774  0.778958 0.778958  1  21 1.000000
Material
0  0.073917 0.069029 0.080913  0.220608 0.974053 -0.050532  0.778958 0.778958  1  21 1.000000
0  0.075377 0.067693 0.061547  0.220608 0.974053 -0.050532  0.779616 0.739246  1  21 1.000000
0  0.079838 0.058332 -0.099417  0.220608 0.974053 -0.050532  0.793299 0.426389  1  21 1.000000
Material
0  0.070724 0.060232 -0.101973  -0.201779 -0.528883 -0.824359  0.547557 0.547557  1  21 1.000000
0  0.039740 -0.056348 -0.019595  -0.201779 -0.528883 -0.824359  1.000000 1.000000  1  21 1.000000
0  0.008102 -0.063527 -0.007245  -0.201779 -0.528883 -0.824359  0.874330 0.874330  1  21 1.000000
Material
0  0.008102 -0.063527 -0.007245  -0.201591 -0.529316 -0.824127  0.874330 0.874330  1  21 1.000000
0  -0.030170 -0.063521 0.002110  -0.201591 -0.529316 -0.824127  0.754501 0.722268  1  21 1.000000
0  -0.151611 -0.063454 0.031765  -0.201591 -0.529316 -0.824127  0.374459 0.239760  1  21 1.000000
Material
0  -0.151611 -0.063454 0.031765  -0.100850 -0.575499 -0.811560  0.374459 0.239760  1  21 1.000000
0  -0.086085 0.054930 -0.060325  -0.100850 -0.575499 -0.811560  0.523585 0.018889  1  21 1.000000
0  -0.065573 0.091384 -0.088724  -0.100850 -0.575499 -0.811560  0.694738 0.225191  1  21 1.000000
Material
0  -0.065573 0.091384 -0.088724  -0.201084 -0.529206 -0.824322  0.694738 0.225191  1  21 1.000000
0  0.070724 0.060232 -0.101973  -0.201084 -0.529206 -0.824322  0.547557 0.547557  1  21 1.000000
0  0.008102 -0.063527 -0.007245  -0.201084 -0.529206 -0.824322  0.874330 0.874330  1  21 1.000000
Material
0  -0.048741 -0.061007 -0.039818  -0.308813 -0.490106 -0.815126  0.000000 0.000000  1  22 1.000000
0  -0.014075 -0.011232 -0.082880  -0.308813 -0.490106 -0.815126  0.248493 0.000000  1  22 1.000000
0  -0.043482 -0.061551 -0.041483  -0.308813 -0.490106 -0.815126  0.037677 0.037677  1  22 1.000000
Material
0  0.037918 -0.041623 0.058375  -0.031171 -0.975006 0.219983  0.379919 0.000000  1  22 1.000000
0  -0.043482 -0.061551 -0.041483  -0.031171 -0.975006 0.219983  1.000000 0.037677  1  22 1.000000
0  0.035659 -0.053502 0.005405  -0.031171 -0.975006 0.219983  0.644886 0.249098  1  22 1.000000
Material
0  0.038322 -0.039437 0.067912  -0.036858 -0.973720 0.224748  0.374741 0.319646  1  22 1.000000
0  -0.048741 -0.061007 -0.039818  -0.036858 -0.973720 0.224748  1.000000 1.000000  1  22 1.000000
0  0.037918 -0.041623 0.058375  -0.036858 -0.973720 0.224748  0.379919 0.379919  1  22 1.000000
Material
0  -0.034111 0.051681 0.068091  -0.974785 0.206810 -0.083810  0.849734 0.317129  1  22 1.000000
0  -0.048741 -0.061007 -0.039818  -0.974785 0.206810 -0.083810  1.000000 1.000000  1  22 1.000000
0  -0.052697 -0.035988 0.067927  -0.974785 0.206810 -0.083810  0.319084 0.319084  1  22 1.000000
Material
0  -0.048741 -0.061007 -0.039818  -0.973726 0.210002 -0.088071  1.000000 1.000000  1  22 1.000000
0  -0.032642 0.050282 0.047550  -0.973726 0.210002 -0.088071  0.446906 0.446906  1  22 1.000000
0  -0.020686 0.039398 -0.110592  -0.973726 0.210002 -0.088071  1.000000 0.499579  1  22 1.000000
Material
0  0.011154 0.031898 -0.118344  -0.313235 -0.487117 -0.815231  0.942527 0.536290  1  22 1.000000
0  -0.048741 -0.061007 -0.039818  -0.313235 -0.487117 -0.815231  1.000000 1.000000  1  22 1.000000
0  -0.020686 0.039398 -0.110592  -0.313235 -0.487117 -0.815231  0.499579 0.499579  1  22 1.000000
Material
0  0.023856 0.029680 -0.106457  0.410857 -0.710303 -0.571547  1.000000 0.477604  1  22 1.000000
0  -0.043482 -0.061551 -0.041483  0.410857 -0.710303 -0.571547  0.782159 0.618233  1  22 1.000000
0  -0.014075 -0.011232 -0.082880  0.410857 -0.710303 -0.571547  0.881327 0.515970  1  22 1.000000
Material
0  0.023856 0.029680 -0.106457  0.996274 0.064726 -0.056996  0.477604 0.477604  1  22 1.000000
0  0.033883 0.029003 0.068042  0.996274 0.064726 -0.056996  0.865455 0.000000  1  22 1.000000
0  0.037918 -0.041623 0.058375  0.996274 0.064726 -0.056996  0.940776 0.597042  1  22 1.000000
Material
0  0.033883 0.029003 0.068042  0.995925 0.071839 -0.054528  0.865455 0.865455  1  22 1.000000
0  0.032307 0.035801 0.048215  0.995925 0.071839 -0.054528  0.812181 0.812181  1  22 1.000000
0  0.033336 0.036597 0.068056  0.995925 0.071839 -0.054528  0.865557 0.806016  1  22 1.000000
Material
0  0.033883 0.029003 0.068042  0.000089 -0.001886 0.999998  0.959653 0.643215  1  22 1.000000
0  -0.034111 0.051681 0.068091  0.000089 -0.001886 0.999998  1.000000 0.776483  1  22 1.000000
0  -0.052697 -0.035988 0.067927  0.000089 -0.001886 0.999998  0.504117 0.261191  1  22 1.000000
Material
0  -0.034111 0.051681 0.068091  0.217920 0.974658 -0.050516  0.776483 0.776483  1  22 1.000000
0  0.032307 0.035801 0.048215  0.217920 0.974658 -0.050516  0.689725 0.658502  1  22 1.000000
0  0.011154 0.031898 -0.118344  0.217920 0.974658 -0.050516  0.732700 0.387778  1  22 1.000000
Material
0  0.037918 -0.041623 0.058375  -0.031171 -0.975006 0.219982  0.379919 0.000000  1  22 1.000000
0  -0.048741 -0.061007 -0.039818  -0.031171 -0.975006 0.219982  1.000000 0.000000  1  22 1.000000
0  -0.043482 -0.061551 -0.041483  -0.031171 -0.975006 0.219982  1.000000 0.037677  1  22 1.000000
Material
0  0.038322 -0.039437 0.067912  -0.036858 -0.973720 0.224747  0.374741 0.319646  1  22 1.000000
0  -0.052697 -0.035988 0.067927  -0.036858 -0.973720 0.224747  1.000000 0.319084  1  22 1.000000
0  -0.048741 -0.061007 -0.039818  -0.036858 -0.973720 0.224747  1.000000 1.000000  1  22 1.000000
Material
0  -0.034111 0.051681 0.068091  -0.974785 0.206810 -0.083810  0.849734 0.317129  1  22 1.000000
0  -0.032642 0.050282 0.047550  -0.974785 0.206810 -0.083810  1.000000 0.446906  1  22 1.000000
0  -0.048741 -0.061007 -0.039818  -0.974785 0.206810 -0.083810  1.000000 1.000000  1  22 1.000000
Material
0  0.011154 0.031898 -0.118344  -0.313232 -0.487117 -0.815231  0.942527 0.536290  1  22 1.000000
0  -0.014075 -0.011232 -0.082880  -0.313232 -0.487117 -0.815231  1.000000 0.751507  1  22 1.000000
0  -0.048741 -0.061007 -0.039818  -0.313232 -0.487117 -0.815231  1.000000 1.000000  1  22 1.000000
Material
0  -0.014075 -0.011232 -0.082880  0.410857 -0.710303 -0.571547  0.881327 0.515970  1  22 1.000000
0  0.011154 0.031898 -0.118344  0.410857 -0.710303 -0.571547  0.966388 0.428396  1  22 1.000000
0  0.023856 0.029680 -0.106457  0.410857 -0.710303 -0.571547  1.000000 0.477604  1  22 1.000000
Material
0  0.023856 0.029680 -0.106457  0.410857 -0.710303 -0.571547  1.000000 0.477604  1  22 1.000000
0  0.035659 -0.053502 0.005405  0.410857 -0.710303 -0.571547  1.000000 0.839597  1  22 1.000000
0  -0.043482 -0.061551 -0.041483  0.410857 -0.710303 -0.571547  0.782159 0.618233  1  22 1.000000
Material
0  0.037918 -0.041623 0.058375  0.996274 0.064726 -0.056996  0.940776 0.597042  1  22 1.000000
0  0.035659 -0.053502 0.005405  0.996274 0.064726 -0.056996  0.839598 0.839598  1  22 1.000000
0  0.023856 0.029680 -0.106457  0.996274 0.064726 -0.056996  0.477604 0.477604  1  22 1.000000
Material
0  0.023856 0.029680 -0.106457  0.996274 0.064724 -0.056996  0.477604 0.477604  1  22 1.000000
0  0.032307 0.035801 0.048215  0.996274 0.064724 -0.056996  0.812180 0.000000  1  22 1.000000
0  0.033883 0.029003 0.068042  0.996274 0.064724 -0.056996  0.865455 0.000000  1  22 1.000000
Material
0  0.033883 0.029003 0.068042  0.996274 0.064726 -0.056996  0.865455 0.000000  1  22 1.000000
0  0.038322 -0.039437 0.067912  0.996274 0.064726 -0.056996  0.958930 0.552985  1  22 1.000000
0  0.037918 -0.041623 0.058375  0.996274 0.064726 -0.056996  0.940776 0.597042  1  22 1.000000
Material
0  -0.052697 -0.035988 0.067927  0.000089 -0.001886 0.999998  0.504117 0.261191  1  22 1.000000
0  0.038322 -0.039437 0.067912  0.000089 -0.001886 0.999998  0.595420 0.240951  1  22 1.000000
0  0.033883 0.029003 0.068042  0.000089 -0.001886 0.999998  0.959653 0.643215  1  22 1.000000
Material
0  0.033883 0.029003 0.068042  0.000089 -0.001885 0.999998  0.959653 0.643215  1  22 1.000000
0  0.033336 0.036597 0.068056  0.000089 -0.001885 0.999998  1.000000 0.687847  1  22 1.000000
0  -0.034111 0.051681 0.068091  0.000089 -0.001885 0.999998  1.000000 0.776483  1  22 1.000000
Material
0  -0.020686 0.039398 -0.110592  0.177734 0.982586 -0.054181  0.779127 0.423407  1  22 1.000000
0  -0.032642 0.050282 0.047550  0.177734 0.982586 -0.054181  0.777257 0.734575  1  22 1.000000
0  -0.034111 0.051681 0.068091  0.177734 0.982586 -0.054181  0.776483 0.776483  1  22 1.000000
Material
0  -0.034111 0.051681 0.068091  0.217951 0.974657 -0.050411  0.776483 0.776483  1  22 1.000000
0  0.033336 0.036597 0.068056  0.217951 0.974657 -0.050411  0.687847 0.687847  1  22 1.000000
0  0.032307 0.035801 0.048215  0.217951 0.974657 -0.050411  0.689725 0.658502  1  22 1.000000
Material
0  0.032307 0.035801 0.048215  0.217355 0.974788 -0.050448  0.689725 0.658502  1  22 1.000000
0  0.023856 0.029680 -0.106457  0.217355 0.974788 -0.050448  0.711680 0.404702  1  22 1.000000
0  0.011154 0.031898 -0.118344  0.217355 0.974788 -0.050448  0.732700 0.387778  1  22 1.000000
Material
0  0.011154 0.031898 -0.118344  0.217290 0.974790 -0.050683  0.732700 0.387778  1  22 1.000000
0  -0.020686 0.039398 -0.110592  0.217290 0.974790 -0.050683  0.779127 0.423407  1  22 1.000000
0  -0.034111 0.051681 0.068091  0.217290 0.974790 -0.050683  0.776483 0.776483  1  22 1.000000
Material
0  -0.023049 -0.053750 0.044611  -0.908506 0.369958 0.194289  0.896437 0.000000  1  23 1.000000
0  -0.023684 -0.049852 0.034223  -0.908506 0.369958 0.194289  1.000000 0.033473  1  23 1.000000
0  -0.024336 -0.053752 0.038600  -0.908506 0.369958 0.194289  0.917106 0.020603  1  23 1.000000
Material
0  -0.020896 -0.047978 0.043690  -0.906649 0.375314 0.192682  0.000000 0.000000  1  23 1.000000
0  -0.013188 0.009493 -0.031985  -0.906649 0.375314 0.192682  0.267513 0.000000  1  23 1.000000
0  -0.023684 -0.049852 0.034223  -0.906649 0.375314 0.192682  0.033473 0.033473  1  23 1.000000
Material
0  0.057734 0.058920 -0.042430  -0.410865 0.710313 0.571528  0.925584 0.391693  1  23 1.000000
0  0.002581 -0.035552 0.035331  -0.410865 0.710313 0.571528  1.000000 0.000000  1  23 1.000000
0  0.025150 0.003078 0.003547  -0.410865 0.710313 0.571528  1.000000 0.189241  1  23 1.000000
Material
0  0.002581 -0.035552 0.035331  0.313591 0.045584 0.948463  0.000000 0.000000  1  23 1.000000
0  -0.020896 -0.047978 0.043690  0.313591 0.045584 0.948463  1.000000 0.000000  1  23 1.000000
0  -0.014230 -0.050319 0.041599  0.313591 0.045584 0.948463  1.000000 0.057303  1  23 1.000000
Material
0  -0.018184 -0.053751 0.043021  0.310581 0.035752 0.949874  0.103715 0.027244  1  23 1.000000
0  -0.020896 -0.047978 0.043690  0.310581 0.035752 0.949874  0.000000 0.000000  1  23 1.000000
0  -0.023049 -0.053750 0.044611  0.310581 0.035752 0.949874  0.103563 0.000000  1  23 1.000000
Material
0  -0.013188 0.009493 -0.031985  -0.905111 0.377916 0.194815  0.267514 0.267514  1  23 1.000000
0  0.010360 0.069647 -0.039273  -0.905111 0.377916 0.194815  0.549408 0.000000  1  23 1.000000
0  -0.002546 0.069442 -0.098839  -0.905111 0.377916 0.194815  0.546878 0.454560  1  23 1.000000
Material
0  -0.020896 -0.047978 0.043690  -0.100953 0.591205 0.800178  1.000000 1.000000  1  23 1.000000
0  0.017760 0.068104 -0.037199  -0.100953 0.591205 0.800178  0.512912 0.000000  1  23 1.000000
0  0.010360 0.069647 -0.039273  -0.100953 0.591205 0.800178  1.000000 0.450592  1  23 1.000000
Material
0  0.017760 0.068104 -0.037199  -0.091237 0.579852 0.809597  0.487088 0.000000  1  23 1.000000
0  0.002581 -0.035552 0.035331  -0.091237 0.579852 0.809597  1.000000 0.000000  1  23 1.000000
0  0.026527 0.066268 -0.034896  -0.091237 0.579852 0.809597  1.000000 0.503056  1  23 1.000000
Material
0  -0.023684 -0.049852 0.034223  0.410858 -0.710303 -0.571547  0.698831 0.585483  1  23 1.000000
0  0.025150 0.003078 0.003547  0.410858 -0.710303 -0.571547  0.851718 0.535082  1  23 1.000000
0  -0.014230 -0.050319 0.041599  0.410858 -0.710303 -0.571547  0.724304 0.617493  1  23 1.000000
Material
0  -0.023049 -0.053750 0.044611  -0.000057 -1.000000 0.000335  0.962065 0.231573  1  23 1.000000
0  -0.024336 -0.053752 0.038600  -0.000057 -1.000000 0.000335  0.975755 0.245378  1  23 1.000000
0  -0.018184 -0.053751 0.043021  -0.000057 -1.000000 0.000335  0.959401 0.235225  1  23 1.000000
Material
0  0.026527 0.066268 -0.034896  0.217349 0.974790 -0.050441  0.781145 0.420339  1  23 1.000000
0  -0.002546 0.069442 -0.098839  0.217349 0.974790 -0.050441  0.835430 0.305062  1  23 1.000000
0  0.010360 0.069647 -0.039273  0.217349 0.974790 -0.050441  0.805783 0.422374  1  23 1.000000
Material
0  -0.023049 -0.053750 0.044611  -0.908505 0.369959 0.194289  0.896437 0.000000  1  23 1.000000
0  -0.020896 -0.047978 0.043690  -0.908505 0.369959 0.194289  1.000000 0.000000  1  23 1.000000
0  -0.023684 -0.049852 0.034223  -0.908505 0.369959 0.194289  1.000000 0.033473  1  23 1.000000
Material
0  0.057734 0.058920 -0.042430  0.311768 0.488694 0.814849  0.925584 0.391693  1  23 1.000000
0  0.026527 0.066268 -0.034896  0.311768 0.488694 0.814849  0.496944 0.000000  1  23 1.000000
0  0.002581 -0.035552 0.035331  0.311768 0.488694 0.814849  1.000000 0.000000  1  23 1.000000
Material
0  -0.018184 -0.053751 0.043021  0.310582 0.035752 0.949874  0.103715 0.027244  1  23 1.000000
0  -0.014230 -0.050319 0.041599  0.310582 0.035752 0.949874  0.042219 0.042219  1  23 1.000000
0  -0.020896 -0.047978 0.043690  0.310582 0.035752 0.949874  0.000000 0.000000  1  23 1.000000
Material
0  -0.013188 0.009493 -0.031985  -0.905111 0.377916 0.194815  0.267514 0.267514  1  23 1.000000
0  -0.020896 -0.047978 0.043690  -0.905111 0.377916 0.194815  0.000000 0.000000  1  23 1.000000
0  0.010360 0.069647 -0.039273  -0.905111 0.377916 0.194815  0.549408 0.000000  1  23 1.000000
Material
0  -0.020896 -0.047978 0.043690  -0.012677 0.574507 0.818401  1.000000 1.000000  1  23 1.000000
0  0.002581 -0.035552 0.035331  -0.012677 0.574507 0.818401  0.000000 0.000000  1  23 1.000000
0  0.017760 0.068104 -0.037199  -0.012677 0.574507 0.818401  0.512912 0.000000  1  23 1.000000
Material
0  -0.018184 -0.053751 0.043021  0.410858 -0.710302 -0.571548  0.712253 0.618243  1  23 1.000000
0  -0.024336 -0.053752 0.038600  0.410858 -0.710302 -0.571548  0.695562 0.598603  1  23 1.000000
0  -0.023684 -0.049852 0.034223  0.410858 -0.710302 -0.571548  0.698831 0.585483  1  23 1.000000
Material
0  -0.023684 -0.049852 0.034223  0.410639 -0.710377 -0.571612  0.698831 0.585483  1  23 1.000000
0  -0.013188 0.009493 -0.031985  0.410639 -0.710377 -0.571612  0.750161 0.387635  1  23 1.000000
0  -0.002546 0.069442 -0.098839  0.410639 -0.710377 -0.571612  0.802118 0.187901  1  23 1.000000
Material
0  -0.002546 0.069442 -0.098839  0.410857 -0.710303 -0.571547  0.802118 0.187901  1  23 1.000000
0  0.057734 0.058920 -0.042430  0.410857 -0.710303 -0.571547  0.961632 0.421432  1  23 1.000000
0  0.025150 0.003078 0.003547  0.410857 -0.710303 -0.571547  0.851718 0.535082  1  23 1.000000
Material
0  0.025150 0.003078 0.003547  0.410857 -0.710303 -0.571547  0.851718 0.535082  1  23 1.000000
0  0.002581 -0.035552 0.035331  0.410857 -0.710303 -0.571547  0.775605 0.613608  1  23 1.000000
0  -0.014230 -0.050319 0.041599  0.410857 -0.710303 -0.571547  0.724304 0.617493  1  23 1.000000
Material
0  -0.014230 -0.050319 0.041599  0.410858 -0.710304 -0.571546  0.724304 0.617493  1  23 1.000000
0  -0.018184 -0.053751 0.043021  0.410858 -0.710304 -0.571546  0.712253 0.618243  1  23 1.000000
0  -0.023684 -0.049852 0.034223  0.410858 -0.710304 -0.571546  0.698831 0.585483  1  23 1.000000
Material
0  -0.023684 -0.049852 0.034223  0.410857 -0.710303 -0.571547  0.698831 0.585483  1  23 1.000000
0  -0.002546 0.069442 -0.098839  0.410857 -0.710303 -0.571547  0.802118 0.187901  1  23 1.000000
0  0.025150 0.003078 0.003547  0.410857 -0.710303 -0.571547  0.851718 0.535082  1  23 1.000000
Material
0  0.010360 0.069647 -0.039273  0.217358 0.974786 -0.050477  0.805783 0.422374  1  23 1.000000
0  0.017760 0.068104 -0.037199  0.217358 0.974786 -0.050477  0.794507 0.421540  1  23 1.000000
0  0.026527 0.066268 -0.034896  0.217358 0.974786 -0.050477  0.781145 0.420339  1  23 1.000000
Material
0  0.026527 0.066268 -0.034896  0.217349 0.974790 -0.050441  0.781145 0.420339  1  23 1.000000
0  0.057734 0.058920 -0.042430  0.217349 0.974790 -0.050441  0.735674 0.385383  1  23 1.000000
0  -0.002546 0.069442 -0.098839  0.217349 0.974790 -0.050441  0.835430 0.305062  1  23 1.000000
Material
0  0.018539 0.074647 -0.015952  0.202411 0.529820 0.823602  1.000000 0.700025  1  24 1.000000
0  -0.070116 0.053248 0.019602  0.202411 0.529820 0.823602  0.789428 0.410318  1  24 1.000000
0  -0.131465 -0.057527 0.105940  0.202411 0.529820 0.823602  1.000000 0.209723  1  24 1.000000
Material
0  -0.131465 -0.057527 0.105940  0.204957 0.527640 0.824372  0.209723 0.209723  1  24 1.000000
0  -0.014590 -0.064525 0.081362  0.204957 0.527640 0.824372  1.000000 0.184900  1  24 1.000000
0  0.059135 0.065353 -0.020097  0.204957 0.527640 0.824372  1.000000 0.666016  1  24 1.000000
Material
0  0.045777 -0.064537 0.066283  0.206036 0.527091 0.824454  0.916767 0.000000  1  24 1.000000
0  0.085128 0.059417 -0.022797  0.206036 0.527091 0.824454  1.000000 0.554117  1  24 1.000000
0  -0.014590 -0.064525 0.081362  0.206036 0.527091 0.824454  0.184900 0.184900  1  24 1.000000
Material
0  0.085128 0.059417 -0.022797  0.910086 -0.370034 -0.186596  0.554117 0.554117  1  24 1.000000
0  0.050412 -0.064541 0.053696  0.910086 -0.370034 -0.186596  0.444898 0.072759  1  24 1.000000
0  0.054862 -0.039543 0.025829  0.910086 -0.370034 -0.186596  1.000000 0.277148  1  24 1.000000
Material
0  0.082978 0.059360 -0.033170  0.909224 -0.371066 -0.188737  0.643669 0.643669  1  24 1.000000
0  0.054862 -0.039543 0.025829  0.909224 -0.371066 -0.188737  0.277148 0.277148  1  24 1.000000
0  0.072270 0.059104 -0.084253  0.909224 -0.371066 -0.188737  0.643007 0.253020  1  24 1.000000
Material
0  -0.021767 0.075523 -0.172154  -0.911232 0.366928 -0.187135  0.841294 0.000000  1  24 1.000000
0  -0.070116 0.053248 0.019602  -0.911232 0.366928 -0.187135  0.308526 0.308526  1  24 1.000000
0  -0.049321 0.090170 -0.009261  -0.911232 0.366928 -0.187135  0.432126 0.000000  1  24 1.000000
Material
0  -0.101384 -0.064342 -0.055669  -0.000764 -0.999999 -0.000847  1.000000 0.470371  1  24 1.000000
0  -0.006870 -0.064529 0.079435  -0.000764 -0.999999 -0.000847  0.809353 0.000000  1  24 1.000000
0  -0.014590 -0.064525 0.081362  -0.000764 -0.999999 -0.000847  0.820809 0.006604  1  24 1.000000
Material
0  -0.135301 -0.064458 0.111330  -0.913730 0.361595 -0.185328  0.110252 0.110252  1  24 1.000000
0  -0.070116 0.053248 0.019602  -0.913730 0.361595 -0.185328  1.000000 0.308526  1  24 1.000000
0  -0.062405 0.004608 -0.113317  -0.913730 0.361595 -0.185328  1.000000 0.594959  1  24 1.000000
Material
0  -0.006870 -0.064529 0.079435  0.194482 -0.880056 0.433218  1.000000 0.190647  1  24 1.000000
0  0.050412 -0.064541 0.053696  0.194482 -0.880056 0.433218  0.982797 0.249750  1  24 1.000000
0  0.053830 -0.060006 0.061374  0.194482 -0.880056 0.433218  0.963677 0.230378  1  24 1.000000
Material
0  -0.049321 0.090170 -0.009261  0.218133 0.974687 -0.049025  1.000000 0.567874  1  24 1.000000
0  0.059135 0.065353 -0.020097  0.218133 0.974687 -0.049025  0.847412 0.447871  1  24 1.000000
0  0.082978 0.059360 -0.033170  0.218133 0.974687 -0.049025  0.814664 0.403016  1  24 1.000000
Material
0  0.054862 -0.039543 0.025829  0.410793 -0.710310 -0.571585  0.710074 0.506902  1  24 1.000000
0  0.043941 -0.064542 0.049046  0.410793 -0.710310 -0.571585  0.670816 0.569487  1  24 1.000000
0  -0.062405 0.004608 -0.113317  0.410793 -0.710310 -0.571585  0.931606 0.557522  1  24 1.000000
Material
0  0.018539 0.074647 -0.015952  0.202411 0.529820 0.823602  1.000000 0.700025  1  24 1.000000
0  -0.049321 0.090170 -0.009261  0.202411 0.529820 0.823602  0.720378 0.478311  1  24 1.000000
0  -0.070116 0.053248 0.019602  0.202411 0.529820 0.823602  0.789428 0.410318  1  24 1.000000
Material
0  0.059135 0.065353 -0.020097  0.204957 0.527640 0.824372  1.000000 0.666016  1  24 1.000000
0  0.018539 0.074647 -0.015952  0.204957 0.527640 0.824372  0.700025 0.700025  1  24 1.000000
0  -0.131465 -0.057527 0.105940  0.204957 0.527640 0.824372  0.209723 0.209723  1  24 1.000000
Material
0  -0.131465 -0.057527 0.105940  0.204957 0.527640 0.824371  0.209723 0.209723  1  24 1.000000
0  -0.135301 -0.064458 0.111330  0.204957 0.527640 0.824371  0.210366 0.184047  1  24 1.000000
0  -0.014590 -0.064525 0.081362  0.204957 0.527640 0.824371  1.000000 0.184900  1  24 1.000000
Material
0  -0.014590 -0.064525 0.081362  0.206253 0.525815 0.825214  0.184900 0.184900  1  24 1.000000
0  -0.006870 -0.064529 0.079435  0.206253 0.525815 0.825214  0.278503 0.161239  1  24 1.000000
0  0.045777 -0.064537 0.066283  0.206253 0.525815 0.825214  0.916767 0.000000  1  24 1.000000
Material
0  0.045777 -0.064537 0.066283  0.206036 0.527092 0.824453  0.916767 0.000000  1  24 1.000000
0  0.053830 -0.060006 0.061374  0.206036 0.527092 0.824453  1.000000 0.000000  1  24 1.000000
0  0.085128 0.059417 -0.022797  0.206036 0.527092 0.824453  1.000000 0.554117  1  24 1.000000
Material
0  0.085128 0.059417 -0.022797  0.206036 0.527091 0.824454  1.000000 0.554117  1  24 1.000000
0  0.059135 0.065353 -0.020097  0.206036 0.527091 0.824454  0.666016 0.666016  1  24 1.000000
0  -0.014590 -0.064525 0.081362  0.206036 0.527091 0.824454  0.184900 0.184900  1  24 1.000000
Material
0  0.054862 -0.039543 0.025829  0.910086 -0.370034 -0.186596  1.000000 0.277148  1  24 1.000000
0  0.082978 0.059360 -0.033170  0.910086 -0.370034 -0.186596  1.000000 0.643669  1  24 1.000000
0  0.085128 0.059417 -0.022797  0.910086 -0.370034 -0.186596  0.554117 0.554117  1  24 1.000000
Material
0  0.085128 0.059417 -0.022797  0.910086 -0.370034 -0.186596  0.554117 0.554117  1  24 1.000000
0  0.053830 -0.060006 0.061374  0.910086 -0.370034 -0.186596  0.083432 0.000000  1  24 1.000000
0  0.050412 -0.064541 0.053696  0.910086 -0.370034 -0.186596  0.444898 0.072759  1  24 1.000000
Material
0  -0.021767 0.075523 -0.172154  -0.911233 0.366928 -0.187135  0.841294 0.000000  1  24 1.000000
0  -0.062405 0.004608 -0.113317  -0.911233 0.366928 -0.187135  0.594959 0.594959  1  24 1.000000
0  -0.070116 0.053248 0.019602  -0.911233 0.366928 -0.187135  0.308526 0.308526  1  24 1.000000
Material
0  -0.014590 -0.064525 0.081362  -0.000764 -0.999999 -0.000848  0.820809 0.006604  1  24 1.000000
0  -0.135301 -0.064458 0.111330  -0.000764 -0.999999 -0.000848  1.000000 0.110252  1  24 1.000000
0  -0.101384 -0.064342 -0.055669  -0.000764 -0.999999 -0.000848  1.000000 0.470371  1  24 1.000000
Material
0  -0.101384 -0.064342 -0.055669  -0.000764 -0.999999 -0.000847  1.000000 0.470371  1  24 1.000000
0  0.043941 -0.064542 0.049046  -0.000764 -0.999999 -0.000847  0.739569 0.000000  1  24 1.000000
0  -0.006870 -0.064529 0.079435  -0.000764 -0.999999 -0.000847  0.809353 0.000000  1  24 1.000000
Material
0  -0.062405 0.004608 -0.113317  -0.913730 0.361595 -0.185328  1.000000 0.594959  1  24 1.000000
0  -0.101384 -0.064342 -0.055669  -0.913730 0.361595 -0.185328  0.470371 0.470371  1  24 1.000000
0  -0.135301 -0.064458 0.111330  -0.913730 0.361595 -0.185328  0.110252 0.110252  1  24 1.000000
Material
0  -0.135301 -0.064458 0.111330  -0.914247 0.359621 -0.186617  0.110252 0.110252  1  24 1.000000
0  -0.131465 -0.057527 0.105940  -0.914247 0.359621 -0.186617  0.162622 0.121903  1  24 1.000000
0  -0.070116 0.053248 0.019602  -0.914247 0.359621 -0.186617  1.000000 0.308526  1  24 1.000000
Material
0  0.053830 -0.060006 0.061374  -0.206036 -0.527091 -0.824454  0.963677 0.230378  1  24 1.000000
0  0.045777 -0.064537 0.066283  -0.206036 -0.527091 -0.824454  0.962979 0.220843  1  24 1.000000
0  -0.006870 -0.064529 0.079435  -0.206036 -0.527091 -0.824454  1.000000 0.190647  1  24 1.000000
Material
0  -0.006870 -0.064529 0.079435  -0.000057 -1.000000 0.000335  1.000000 0.190647  1  24 1.000000
0  0.043941 -0.064542 0.049046  -0.000057 -1.000000 0.000335  1.000000 0.260431  1  24 1.000000
0  0.050412 -0.064541 0.053696  -0.000057 -1.000000 0.000335  0.982797 0.249750  1  24 1.000000
Material
0  0.082978 0.059360 -0.033170  0.217349 0.974790 -0.050441  0.814664 0.403016  1  24 1.000000
0  0.072270 0.059104 -0.084253  0.217349 0.974790 -0.050441  0.839698 0.301625  1  24 1.000000
0  0.026347 0.067120 -0.127227  0.217349 0.974790 -0.050441  0.915693 0.240435  1  24 1.000000
Material
0  0.026347 0.067120 -0.127227  0.217690 0.974694 -0.050822  0.915693 0.240435  1  24 1.000000
0  -0.021767 0.075523 -0.172154  0.217690 0.974694 -0.050822  1.000000 0.158707  1  24 1.000000
0  -0.049321 0.090170 -0.009261  0.217690 0.974694 -0.050822  1.000000 0.567874  1  24 1.000000
Material
0  -0.049321 0.090170 -0.009261  0.217941 0.974633 -0.050912  1.000000 0.567874  1  24 1.000000
0  0.018539 0.074647 -0.015952  0.217941 0.974633 -0.050912  0.905313 0.489938  1  24 1.000000
0  0.059135 0.065353 -0.020097  0.217941 0.974633 -0.050912  0.847412 0.447871  1  24 1.000000
Material
0  0.059135 0.065353 -0.020097  0.217377 0.974783 -0.050446  0.847412 0.447871  1  24 1.000000
0  0.085128 0.059417 -0.022797  0.217377 0.974783 -0.050446  0.809747 0.423127  1  24 1.000000
0  0.082978 0.059360 -0.033170  0.217377 0.974783 -0.050446  0.814664 0.403016  1  24 1.000000
Material
0  0.082978 0.059360 -0.033170  0.217820 0.974669 -0.050734  0.814664 0.403016  1  24 1.000000
0  0.026347 0.067120 -0.127227  0.217820 0.974669 -0.050734  0.915693 0.240435  1  24 1.000000
0  -0.049321 0.090170 -0.009261  0.217820 0.974669 -0.050734  1.000000 0.567874  1  24 1.000000
Material
0  -0.062405 0.004608 -0.113317  0.410381 -0.709988 -0.572280  0.931606 0.557522  1  24 1.000000
0  -0.021767 0.075523 -0.172154  0.410381 -0.709988 -0.572280  0.679083 0.295912  1  24 1.000000
0  0.026347 0.067120 -0.127227  0.410381 -0.709988 -0.572280  0.673772 0.000000  1  24 1.000000
Material
0  0.026347 0.067120 -0.127227  0.410857 -0.710303 -0.571547  0.673772 0.000000  1  24 1.000000
0  0.072270 0.059104 -0.084253  0.410857 -0.710303 -0.571547  0.795293 0.177908  1  24 1.000000
0  0.054862 -0.039543 0.025829  0.410857 -0.710303 -0.571547  0.710074 0.506902  1  24 1.000000
Material
0  0.054862 -0.039543 0.025829  0.410857 -0.710303 -0.571547  0.710074 0.506902  1  24 1.000000
0  0.050412 -0.064541 0.053696  0.410857 -0.710303 -0.571547  0.688374 0.590146  1  24 1.000000
0  0.043941 -0.064542 0.049046  0.410857 -0.710303 -0.571547  0.670816 0.569487  1  24 1.000000
Material
0  0.043941 -0.064542 0.049046  0.410910 -0.710213 -0.571621  0.670816 0.569487  1  24 1.000000
0  -0.101384 -0.064342 -0.055669  0.410910 -0.710213 -0.571621  0.276570 0.104603  1  24 1.000000
0  -0.062405 0.004608 -0.113317  0.410910 -0.710213 -0.571621  0.931606 0.557522  1  24 1.000000
Material
0  -0.062405 0.004608 -0.113317  0.410750 -0.710353 -0.571562  0.931606 0.557522  1  24 1.000000
0  0.026347 0.067120 -0.127227  0.410750 -0.710353 -0.571562  0.673772 0.000000  1  24 1.000000
0  0.054862 -0.039543 0.025829  0.410750 -0.710353 -0.571562  0.710074 0.506902  1  24 1.000000
Material
0  -0.028228 0.005693 -0.060604  0.034814 0.974421 -0.222019  0.000000 0.000000  1  25 1.000000
0  0.058637 0.024916 0.037387  0.034814 0.974421 -0.222019  0.624300 0.000000  1  25 1.000000
0  0.056457 0.013309 -0.013898  0.034814 0.974421 -0.222019  0.608926 0.242651  1  25 1.000000
Material
0  -0.050669 -0.012133 -0.051813  -0.360672 -0.005902 -0.932674  1.000000 0.000000  1  25 1.000000
0  -0.033486 -0.002814 -0.058517  -0.360672 -0.005902 -0.932674  0.874764 0.874764  1  25 1.000000
0  -0.043909 -0.012134 -0.054427  -0.360672 -0.005902 -0.932674  0.813025 0.436509  1  25 1.000000
Material
0  -0.050669 -0.012133 -0.051813  -0.625405 0.486452 -0.610109  0.000000 0.000000  1  25 1.000000
0  -0.059294 -0.012129 -0.042969  -0.625405 0.486452 -0.610109  1.000000 0.735466  1  25 1.000000
0  -0.028228 0.005693 -0.060604  -0.625405 0.486452 -0.610109  1.000000 1.000000  1  25 1.000000
Material
0  -0.028228 0.005693 -0.060604  -0.572267 0.793800 -0.205896  1.000000 1.000000  1  25 1.000000
0  -0.091443 -0.012097 0.046509  -0.572267 0.793800 -0.205896  0.489419 0.026388  1  25 1.000000
0  -0.033001 0.030054 0.046583  -0.572267 0.793800 -0.205896  1.000000 0.320818  1  25 1.000000
Material
0  0.059029 0.026977 0.046569  0.032571 0.974927 -0.220129  0.947267 0.317490  1  25 1.000000
0  -0.028228 0.005693 -0.060604  0.032571 0.974927 -0.220129  1.000000 1.000000  1  25 1.000000
0  -0.033001 0.030054 0.046583  0.032571 0.974927 -0.220129  0.320818 0.320818  1  25 1.000000
Material
0  0.060855 -0.001182 0.046516  0.266735 -0.500843 0.823412  0.795954 0.795954  1  25 1.000000
0  0.040404 -0.012105 0.046497  0.266735 -0.500843 0.823412  0.790892 0.504093  1  25 1.000000
0  0.061179 -0.012108 0.039765  0.266735 -0.500843 0.823412  0.902866 0.902866  1  25 1.000000
Material
0  -0.033486 -0.002814 -0.058517  0.410857 -0.710303 -0.571547  0.749740 0.621807  1  25 1.000000
0  0.056457 0.013309 -0.013898  0.410857 -0.710303 -0.571547  1.000000 0.846188  1  25 1.000000
0  -0.043909 -0.012134 -0.054427  0.410857 -0.710303 -0.571547  0.717871 0.624854  1  25 1.000000
Material
0  0.060855 -0.001182 0.046516  0.996274 0.064727 -0.056996  1.000000 0.795954  1  25 1.000000
0  0.060065 -0.012115 0.020291  0.996274 0.064727 -0.056996  0.956828 0.956828  1  25 1.000000
0  0.058637 0.024916 0.037387  0.996274 0.064727 -0.056996  0.944004 0.610488  1  25 1.000000
Material
0  0.060855 -0.001182 0.046516  0.000089 -0.001886 0.999998  0.435384 0.064206  1  25 1.000000
0  -0.033001 0.030054 0.046583  0.000089 -0.001886 0.999998  0.490716 0.247771  1  25 1.000000
0  -0.091443 -0.012097 0.046509  0.000089 -0.001886 0.999998  0.192503 0.000000  1  25 1.000000
Material
0  0.060065 -0.012115 0.020291  -0.000058 -1.000000 0.000334  0.677471 0.060183  1  25 1.000000
0  0.040404 -0.012105 0.046497  -0.000058 -1.000000 0.000334  0.648301 0.000000  1  25 1.000000
0  -0.059294 -0.012129 -0.042969  -0.000058 -1.000000 0.000334  0.949340 0.205494  1  25 1.000000
Material
0  -0.050669 -0.012133 -0.051813  -0.360673 -0.005900 -0.932674  1.000000 0.000000  1  25 1.000000
0  -0.028228 0.005693 -0.060604  -0.360673 -0.005900 -0.932674  1.000000 1.000000  1  25 1.000000
0  -0.033486 -0.002814 -0.058517  -0.360673 -0.005900 -0.932674  0.874764 0.874764  1  25 1.000000
Material
0  -0.050669 -0.012133 -0.051813  0.000058 1.000000 -0.000333  0.000000 0.000000  1  25 1.000000
0  -0.056595 -0.012131 -0.047890  0.000058 1.000000 -0.000333  0.078325 0.000000  1  25 1.000000
0  -0.059294 -0.012129 -0.042969  0.000058 1.000000 -0.000333  1.000000 0.735466  1  25 1.000000
Material
0  -0.028228 0.005693 -0.060604  -0.572266 0.793800 -0.205896  1.000000 1.000000  1  25 1.000000
0  -0.059294 -0.012129 -0.042969  -0.572266 0.793800 -0.205896  0.735466 0.735466  1  25 1.000000
0  -0.091443 -0.012097 0.046509  -0.572266 0.793800 -0.205896  0.489419 0.026388  1  25 1.000000
Material
0  0.059029 0.026977 0.046569  0.032571 0.974927 -0.220130  0.947267 0.317490  1  25 1.000000
0  0.058637 0.024916 0.037387  0.032571 0.974927 -0.220130  1.000000 0.375700  1  25 1.000000
0  -0.028228 0.005693 -0.060604  0.032571 0.974927 -0.220130  1.000000 1.000000  1  25 1.000000
Material
0  -0.033486 -0.002814 -0.058517  0.458563 -0.468663 -0.755033  0.749740 0.621807  1  25 1.000000
0  -0.028228 0.005693 -0.060604  0.458563 -0.468663 -0.755033  0.777995 0.619934  1  25 1.000000
0  0.056457 0.013309 -0.013898  0.458563 -0.468663 -0.755033  1.000000 0.846188  1  25 1.000000
Material
0  0.056457 0.013309 -0.013898  0.410857 -0.710303 -0.571547  1.000000 0.846188  1  25 1.000000
0  0.060065 -0.012115 0.020291  0.410857 -0.710303 -0.571547  1.000000 0.956828  1  25 1.000000
0  -0.043909 -0.012134 -0.054427  0.410857 -0.710303 -0.571547  0.717871 0.624854  1  25 1.000000
Material
0  0.058637 0.024916 0.037387  0.996274 0.064727 -0.056996  0.944004 0.610488  1  25 1.000000
0  0.059029 0.026977 0.046569  0.996274 0.064727 -0.056996  0.961541 0.568435  1  25 1.000000
0  0.060855 -0.001182 0.046516  0.996274 0.064727 -0.056996  1.000000 0.795954  1  25 1.000000
Material
0  0.060855 -0.001182 0.046516  0.996274 0.064727 -0.056996  1.000000 0.795954  1  25 1.000000
0  0.061179 -0.012108 0.039765  0.996274 0.064727 -0.056996  1.000000 0.902866  1  25 1.000000
0  0.060065 -0.012115 0.020291  0.996274 0.064727 -0.056996  0.956828 0.956828  1  25 1.000000
Material
0  0.060065 -0.012115 0.020291  0.996274 0.064726 -0.056996  0.956828 0.956828  1  25 1.000000
0  0.056457 0.013309 -0.013898  0.996274 0.064726 -0.056996  0.846188 0.846188  1  25 1.000000
0  0.058637 0.024916 0.037387  0.996274 0.064726 -0.056996  0.944004 0.610488  1  25 1.000000
Material
0  -0.091443 -0.012097 0.046509  0.000089 -0.001886 0.999998  0.192503 0.000000  1  25 1.000000
0  0.040404 -0.012105 0.046497  0.000089 -0.001886 0.999998  0.351699 0.000000  1  25 1.000000
0  0.060855 -0.001182 0.046516  0.000089 -0.001886 0.999998  0.435384 0.064206  1  25 1.000000
Material
0  0.060855 -0.001182 0.046516  0.000089 -0.001886 0.999998  0.435384 0.064206  1  25 1.000000
0  0.059029 0.026977 0.046569  0.000089 -0.001886 0.999998  0.585243 0.229712  1  25 1.000000
0  -0.033001 0.030054 0.046583  0.000089 -0.001886 0.999998  0.490716 0.247771  1  25 1.000000
Material
0  -0.050669 -0.012133 -0.051813  -0.000057 -1.000000 0.000333  0.956782 0.225805  1  25 1.000000
0  -0.043909 -0.012134 -0.054427  -0.000057 -1.000000 0.000333  0.953897 0.231807  1  25 1.000000
0  0.060065 -0.012115 0.020291  -0.000057 -1.000000 0.000333  0.677471 0.060183  1  25 1.000000
Material
0  0.060065 -0.012115 0.020291  -0.000058 -1.000000 0.000334  0.677471 0.060183  1  25 1.000000
0  0.061179 -0.012108 0.039765  -0.000058 -1.000000 0.000334  0.636805 0.015457  1  25 1.000000
0  0.040404 -0.012105 0.046497  -0.000058 -1.000000 0.000334  0.648301 0.000000  1  25 1.000000
Material
0  0.040404 -0.012105 0.046497  -0.000057 -1.000000 0.000333  0.648301 0.000000  1  25 1.000000
0  -0.091443 -0.012097 0.046509  -0.000057 -1.000000 0.000333  0.807497 0.000000  1  25 1.000000
0  -0.059294 -0.012129 -0.042969  -0.000057 -1.000000 0.000333  0.949340 0.205494  1  25 1.000000
Material
0  -0.059294 -0.012129 -0.042969  -0.000057 -1.000000 0.000333  0.949340 0.205494  1  25 1.000000
0  -0.050669 -0.012133 -0.051813  -0.000057 -1.000000 0.000333  0.956782 0.225805  1  25 1.000000
0  0.060065 -0.012115 0.020291  -0.000057 -1.000000 0.000333  0.677471 0.060183  1  25 1.000000
Material
0  0.011339 -0.000068 -0.002404  0.341859 -0.926355 -0.158112  1.000000 0.178832  1  26 1.000000
0  -0.004992 -0.006662 0.000917  0.341859 -0.926355 -0.158112  0.020019 0.000000  1  26 1.000000
0  -0.002568 -0.004714 -0.005252  0.341859 -0.926355 -0.158112  0.431508 0.000000  1  26 1.000000
Material
0  -0.002568 -0.004714 -0.005252  -0.442116 -0.790764 -0.423351  0.780658 0.000000  1  26 1.000000
0  -0.004992 -0.006662 0.000917  -0.442116 -0.790764 -0.423351  0.986481 0.000000  1  26 1.000000
0  -0.014912 0.001017 -0.003065  -0.442116 -0.790764 -0.423351  0.881955 0.843712  1  26 1.000000
Material
0  0.011339 -0.000068 -0.002404  0.835346 0.416309 0.359004  0.555952 0.065491  1  26 1.000000
0  0.002232 0.013118 0.003496  0.835346 0.416309 0.359004  0.639978 0.187597  1  26 1.000000
0  0.008902 -0.002691 0.006309  0.835346 0.416309 0.359004  0.529611 0.098103  1  26 1.000000
Material
0  -0.004992 -0.006662 0.000917  -0.364658 0.011825 0.931066  0.713533 0.260545  1  26 1.000000
0  0.002232 0.013118 0.003496  -0.364658 0.011825 0.931066  0.639857 0.287432  1  26 1.000000
0  -0.014912 0.001017 -0.003065  -0.364658 0.011825 0.931066  0.684642 0.243612  1  26 1.000000
Material
0  -0.014912 0.001017 -0.003065  0.040520 0.431257 -0.901319  0.739919 0.111660  1  26 1.000000
0  0.011339 -0.000068 -0.002404  0.040520 0.431257 -0.901319  0.747328 0.077678  1  26 1.000000
0  -0.002568 -0.004714 -0.005252  0.040520 0.431257 -0.901319  0.771441 0.127050  1  26 1.000000
Material
0  0.011339 -0.000068 -0.002404  0.335510 -0.923829 -0.184317  1.000000 0.178832  1  26 1.000000
0  0.008902 -0.002691 0.006309  0.335510 -0.923829 -0.184317  0.461575 0.159006  1  26 1.000000
0  -0.004992 -0.006662 0.000917  0.335510 -0.923829 -0.184317  0.020019 0.000000  1  26 1.000000
Material
0  -0.004992 -0.006662 0.000917  -0.364658 0.011825 0.931067  0.713533 0.260545  1  26 1.000000
0  0.008902 -0.002691 0.006309  -0.364658 0.011825 0.931067  0.698390 0.292324  1  26 1.000000
0  0.002232 0.013118 0.003496  -0.364658 0.011825 0.931067  0.639857 0.287432  1  26 1.000000
Material
0  -0.014912 0.001017 -0.003065  0.040520 0.431257 -0.901319  0.739919 0.111660  1  26 1.000000
0  0.002232 0.013118 0.003496  0.040520 0.431257 -0.901319  0.652818 0.000000  1  26 1.000000
0  0.011339 -0.000068 -0.002404  0.040520 0.431257 -0.901319  0.747328 0.077678  1  26 1.000000
Material
0  0.006609 -0.008610 0.007160  -0.517526 -0.846539 0.124652  0.705998 0.000000  1  27 1.000000
0  0.013323 -0.014871 -0.007484  -0.517526 -0.846539 0.124652  1.000000 0.362489  1  27 1.000000
0  0.015157 -0.014878 0.000077  -0.517526 -0.846539 0.124652  0.792026 0.173974  1  27 1.000000
Material
0  0.011976 -0.014865 -0.013142  -0.518312 -0.846368 0.122532  0.894519 0.298227  1  27 1.000000
0  -0.021374 0.008432 0.006702  -0.518312 -0.846368 0.122532  0.054083 0.000000  1  27 1.000000
0  -0.013739 0.001875 -0.006288  -0.518312 -0.846368 0.122532  0.986586 0.000000  1  27 1.000000
Material
0  -0.021374 0.008432 0.006702  -0.879896 -0.308226 -0.361634  0.052487 0.000000  1  27 1.000000
0  -0.019554 0.012704 -0.001368  -0.879896 -0.308226 -0.361634  0.544244 0.000000  1  27 1.000000
0  -0.013739 0.001875 -0.006288  -0.879896 -0.308226 -0.361634  0.986586 0.986586  1  27 1.000000
Material
0  -0.002546 -0.000219 0.013761  -0.494139 -0.802420 0.334588  0.194556 0.112335  1  27 1.000000
0  -0.021374 0.008432 0.006702  -0.494139 -0.802420 0.334588  0.023512 0.000000  1  27 1.000000
0  0.006609 -0.008610 0.007160  -0.494139 -0.802420 0.334588  0.294002 0.000000  1  27 1.000000
Material
0  -0.021374 0.008432 0.006702  -0.432448 0.833567 0.343736  1.000000 0.947513  1  27 1.000000
0  -0.007950 0.017552 0.001473  -0.432448 0.833567 0.343736  0.864212 0.000000  1  27 1.000000
0  -0.019554 0.012704 -0.001368  -0.432448 0.833567 0.343736  1.000000 0.455756  1  27 1.000000
Material
0  0.001737 0.013797 0.000112  0.677690 0.396150 0.619517  0.510885 0.000000  1  27 1.000000
0  -0.008814 0.013958 0.011551  0.677690 0.396150 0.619517  0.510351 0.082486  1  27 1.000000
0  -0.002546 -0.000219 0.013761  0.677690 0.396150 0.619517  0.411416 0.000000  1  27 1.000000
Material
0  0.025176 -0.014875 -0.012553  0.735689 0.343565 0.583716  0.646981 0.396838  1  27 1.000000
0  -0.002546 -0.000219 0.013761  0.735689 0.343565 0.583716  1.000000 0.588584  1  27 1.000000
0  0.006609 -0.008610 0.007160  0.735689 0.343565 0.583716  0.871518 0.540488  1  27 1.000000
Material
0  -0.021374 0.008432 0.006702  -0.355697 -0.011578 0.934529  0.732807 0.266365  1  27 1.000000
0  -0.002546 -0.000219 0.013761  -0.355697 -0.011578 0.934529  0.759709 0.297449  1  27 1.000000
0  -0.008814 0.013958 0.011551  -0.355697 -0.011578 0.934529  0.708605 0.293178  1  27 1.000000
Material
0  0.025176 -0.014875 -0.012553  0.040520 0.431257 -0.901319  1.000000 0.264866  1  27 1.000000
0  -0.013739 0.001875 -0.006288  0.040520 0.431257 -0.901319  0.876176 0.209477  1  27 1.000000
0  -0.007950 0.017552 0.001473  0.040520 0.431257 -0.901319  0.748495 0.072935  1  27 1.000000
Material
0  0.011976 -0.014865 -0.013142  -0.000759 -0.999999 -0.000857  0.285688 0.285688  1  27 1.000000
0  0.015157 -0.014878 0.000077  -0.000759 -0.999999 -0.000857  0.276519 0.248574  1  27 1.000000
0  0.013323 -0.014871 -0.007484  -0.000759 -0.999999 -0.000857  0.281786 0.269823  1  27 1.000000
Material
0  0.006609 -0.008610 0.007160  -0.517558 -0.846523 0.124630  0.705998 0.000000  1  27 1.000000
0  -0.021374 0.008432 0.006702  -0.517558 -0.846523 0.124630  1.000000 0.011644  1  27 1.000000
0  0.013323 -0.014871 -0.007484  -0.517558 -0.846523 0.124630  1.000000 0.362489  1  27 1.000000
Material
0  0.011976 -0.014865 -0.013142  -0.518312 -0.846368 0.122532  0.894519 0.298227  1  27 1.000000
0  0.013323 -0.014871 -0.007484  -0.518312 -0.846368 0.122532  0.362489 0.362489  1  27 1.000000
0  -0.021374 0.008432 0.006702  -0.518312 -0.846368 0.122532  0.054083 0.000000  1  27 1.000000
Material
0  -0.021374 0.008432 0.006702  -0.471257 0.842762 0.260133  1.000000 0.947513  1  27 1.000000
0  -0.008814 0.013958 0.011551  -0.471257 0.842762 0.260133  0.845265 0.533565  1  27 1.000000
0  -0.007950 0.017552 0.001473  -0.471257 0.842762 0.260133  0.864212 0.000000  1  27 1.000000
Material
0  0.001737 0.013797 0.000112  0.381040 0.860028 0.339353  0.510885 0.000000  1  27 1.000000
0  -0.007950 0.017552 0.001473  0.381040 0.860028 0.339353  0.539798 0.061877  1  27 1.000000
0  -0.008814 0.013958 0.011551  0.381040 0.860028 0.339353  0.510351 0.082486  1  27 1.000000
Material
0  0.006609 -0.008610 0.007160  0.735689 0.343565 0.583716  0.871518 0.540488  1  27 1.000000
0  0.015157 -0.014878 0.000077  0.735689 0.343565 0.583716  0.756813 0.488874  1  27 1.000000
0  0.025176 -0.014875 -0.012553  0.735689 0.343565 0.583716  0.646981 0.396838  1  27 1.000000
Material
0  0.025176 -0.014875 -0.012553  0.735689 0.343565 0.583716  0.646981 0.396838  1  27 1.000000
0  0.001737 0.013797 0.000112  0.735689 0.343565 0.583716  1.000000 0.489115  1  27 1.000000
0  -0.002546 -0.000219 0.013761  0.735689 0.343565 0.583716  1.000000 0.588584  1  27 1.000000
Material
0  -0.007950 0.017552 0.001473  0.040520 0.431257 -0.901319  0.748495 0.072935  1  27 1.000000
0  0.001737 0.013797 0.000112  0.040520 0.431257 -0.901319  0.786239 0.101708  1  27 1.000000
0  0.025176 -0.014875 -0.012553  0.040520 0.431257 -0.901319  1.000000 0.264866  1  27 1.000000
Material
0  0.025176 -0.014875 -0.012553  0.040520 0.431256 -0.901319  1.000000 0.264866  1  27 1.000000
0  0.011976 -0.014865 -0.013142  0.040520 0.431256 -0.901319  1.000000 0.285688  1  27 1.000000
0  -0.013739 0.001875 -0.006288  0.040520 0.431256 -0.901319  0.876176 0.209477  1  27 1.000000
Material
0  -0.013739 0.001875 -0.006288  0.040520 0.431257 -0.901319  0.876176 0.209477  1  27 1.000000
0  -0.019554 0.012704 -0.001368  0.040520 0.431257 -0.901319  0.796672 0.143051  1  27 1.000000
0  -0.007950 0.017552 0.001473  0.040520 0.431257 -0.901319  0.748495 0.072935  1  27 1.000000
Material
0  0.011976 -0.014865 -0.013142  -0.000764 -0.999999 -0.000848  0.285688 0.285688  1  27 1.000000
0  0.025176 -0.014875 -0.012553  -0.000764 -0.999999 -0.000848  0.264866 0.264866  1  27 1.000000
0  0.015157 -0.014878 0.000077  -0.000764 -0.999999 -0.000848  0.276519 0.248574  1  27 1.000000
Material
0  -0.015766 0.015230 0.006001  0.158168 0.310521 0.937315  1.000000 0.966297  1  28 1.000000
0  -0.005216 -0.003327 0.010368  0.158168 0.310521 0.937315  0.846458 0.699771  1  28 1.000000
0  0.013250 -0.003339 0.007256  0.158168 0.310521 0.937315  1.000000 0.698185  1  28 1.000000
Material
0  -0.007065 0.011366 -0.006158  0.333436 0.843951 0.420199  1.000000 0.000000  1  28 1.000000
0  0.013250 -0.003339 0.007256  0.333436 0.843951 0.420199  0.682207 0.682207  1  28 1.000000
0  0.018519 -0.003339 0.003076  0.333436 0.843951 0.420199  0.666333 0.427387  1  28 1.000000
Material
0  -0.015766 0.015230 0.006001  -0.797292 0.084991 -0.597580  0.923126 0.923126  1  28 1.000000
0  -0.006498 -0.003310 -0.009001  -0.797292 0.084991 -0.597580  0.227438 0.000000  1  28 1.000000
0  -0.012731 -0.003312 -0.000686  -0.797292 0.084991 -0.597580  1.000000 0.698515  1  28 1.000000
Material
0  -0.015766 0.015230 0.006001  -0.812849 0.075238 -0.577594  0.958341 0.958341  1  28 1.000000
0  -0.012731 -0.003312 -0.000686  -0.812849 0.075238 -0.577594  0.698515 0.698515  1  28 1.000000
0  -0.017239 -0.003314 0.005659  -0.812849 0.075238 -0.577594  0.835175 0.699764  1  28 1.000000
Material
0  -0.007065 0.011366 -0.006158  0.519757 0.846008 -0.118840  1.000000 0.000000  1  28 1.000000
0  0.017544 -0.003333 -0.003173  0.519757 0.846008 -0.118840  1.000000 0.278241  1  28 1.000000
0  0.015202 -0.003323 -0.013342  0.519757 0.846008 -0.118840  0.749435 0.000000  1  28 1.000000
Material
0  -0.007065 0.011366 -0.006158  -0.192852 0.179474 -0.964675  1.000000 1.000000  1  28 1.000000
0  0.015202 -0.003323 -0.013342  -0.192852 0.179474 -0.964675  0.749435 0.749435  1  28 1.000000
0  -0.006498 -0.003310 -0.009001  -0.192852 0.179474 -0.964675  1.000000 0.772562  1  28 1.000000
Material
0  -0.017239 -0.003314 0.005659  -0.000764 -0.999999 -0.000847  0.334866 0.290161  1  28 1.000000
0  -0.006498 -0.003310 -0.009001  -0.000764 -0.999999 -0.000847  0.322729 0.310377  1  28 1.000000
0  0.017544 -0.003333 -0.003173  -0.000764 -0.999999 -0.000847  0.283294 0.260777  1  28 1.000000
Material
0  -0.005216 -0.003327 0.010368  -0.364658 0.011825 0.931067  0.815321 0.270600  1  28 1.000000
0  -0.015766 0.015230 0.006001  -0.364658 0.011825 0.931067  0.746608 0.259041  1  28 1.000000
0  -0.017239 -0.003314 0.005659  -0.364658 0.011825 0.931067  0.815261 0.244904  1  28 1.000000
Material
0  0.018519 -0.003339 0.003076  0.518301 0.851441 -0.080079  0.666333 0.427387  1  28 1.000000
0  0.017544 -0.003333 -0.003173  0.518301 0.851441 -0.080079  0.721759 0.000000  1  28 1.000000
0  -0.007065 0.011366 -0.006158  0.518301 0.851441 -0.080079  1.000000 0.000000  1  28 1.000000
Material
0  -0.007065 0.011366 -0.006158  0.532003 0.839024 0.114064  1.000000 0.000000  1  28 1.000000
0  -0.015766 0.015230 0.006001  0.532003 0.839024 0.114064  0.968665 0.968665  1  28 1.000000
0  0.013250 -0.003339 0.007256  0.532003 0.839024 0.114064  0.682207 0.682207  1  28 1.000000
Material
0  -0.015766 0.015230 0.006001  -0.797292 0.084991 -0.597580  0.923126 0.923126  1  28 1.000000
0  -0.007065 0.011366 -0.006158  -0.797292 0.084991 -0.597580  0.000000 0.000000  1  28 1.000000
0  -0.006498 -0.003310 -0.009001  -0.797292 0.084991 -0.597580  0.227438 0.000000  1  28 1.000000
Material
0  0.017544 -0.003333 -0.003173  -0.000764 -0.999999 -0.000848  0.283294 0.260777  1  28 1.000000
0  0.018519 -0.003339 0.003076  -0.000764 -0.999999 -0.000848  0.283242 0.239175  1  28 1.000000
0  0.013250 -0.003339 0.007256  -0.000764 -0.999999 -0.000848  0.286695 0.241481  1  28 1.000000
Material
0  0.013250 -0.003339 0.007256  -0.000764 -0.999999 -0.000847  0.286695 0.241481  1  28 1.000000
0  -0.005216 -0.003327 0.010368  -0.000764 -0.999999 -0.000847  0.314575 0.260951  1  28 1.000000
0  -0.017239 -0.003314 0.005659  -0.000764 -0.999999 -0.000847  0.334866 0.290161  1  28 1.000000
Material
0  -0.017239 -0.003314 0.005659  -0.000766 -0.999999 -0.000850  0.334866 0.290161  1  28 1.000000
0  -0.012731 -0.003312 -0.000686  -0.000766 -0.999999 -0.000850  0.329832 0.299116  1  28 1.000000
0  -0.006498 -0.003310 -0.009001  -0.000766 -0.999999 -0.000850  0.322729 0.310377  1  28 1.000000
Material
0  -0.006498 -0.003310 -0.009001  -0.000764 -0.999999 -0.000847  0.322729 0.310377  1  28 1.000000
0  0.015202 -0.003323 -0.013342  -0.000764 -0.999999 -0.000847  0.290184 0.289175  1  28 1.000000
0  0.017544 -0.003333 -0.003173  -0.000764 -0.999999 -0.000847  0.283294 0.260777  1  28 1.000000
Material
0  0.017544 -0.003333 -0.003173  -0.000764 -0.999999 -0.000848  0.283294 0.260777  1  28 1.000000
0  0.013250 -0.003339 0.007256  -0.000764 -0.999999 -0.000848  0.286695 0.241481  1  28 1.000000
0  -0.017239 -0.003314 0.005659  -0.000764 -0.999999 -0.000848  0.334866 0.290161  1  28 1.000000
Material
0  0.005003 0.005734 0.002968  -0.040543 -0.431252 0.901320  0.693547 0.234900  1  29 1.000000
0  -0.004973 -0.005692 -0.002947  -0.040543 -0.431252 0.901320  0.736909 0.206228  1  29 1.000000
0  -0.000030 -0.000042 -0.000021  -0.040543 -0.431252 0.901320  0.709040 0.224693  1  29 1.000000
Material
0  0.013576 0.002633 -0.002895  0.815496 -0.074518 0.573945  1.000000 0.000502  1  30 1.000000
0  0.003462 -0.013080 0.009436  0.815496 -0.074518 0.573945  1.000000 0.239599  1  30 1.000000
0  0.014279 -0.013075 -0.005934  0.815496 -0.074518 0.573945  0.759960 0.000000  1  30 1.000000
Material
0  0.003462 -0.013080 0.009436  0.800304 -0.045996 0.597828  0.239599 0.239599  1  30 1.000000
0  0.013576 0.002633 -0.002895  0.800304 -0.045996 0.597828  0.003517 0.000000  1  30 1.000000
0  0.004705 0.010931 0.009618  0.800304 -0.045996 0.597828  0.945745 0.000000  1  30 1.000000
Material
0  0.013576 0.002633 -0.002895  0.836113 0.140034 -0.530382  1.000000 0.001884  1  30 1.000000
0  0.014279 -0.013075 -0.005934  0.836113 0.140034 -0.530382  1.000000 0.240040  1  30 1.000000
0  0.011377 -0.013069 -0.010507  0.836113 0.140034 -0.530382  0.921903 0.238550  1  30 1.000000
Material
0  0.006610 0.014057 0.002257  0.857490 0.354854 0.372544  0.482254 0.000000  1  30 1.000000
0  0.004705 0.010931 0.009618  0.857490 0.354854 0.372544  1.000000 0.054255  1  30 1.000000
0  0.013576 0.002633 -0.002895  0.857490 0.354854 0.372544  1.000000 0.996483  1  30 1.000000
Material
0  -0.005530 0.020844 0.004959  0.510476 0.736041 0.444588  0.848037 0.000000  1  30 1.000000
0  0.004705 0.010931 0.009618  0.510476 0.736041 0.444588  0.946915 0.946915  1  30 1.000000
0  0.006610 0.014057 0.002257  0.510476 0.736041 0.444588  0.482254 0.482254  1  30 1.000000
Material
0  -0.008340 -0.013067 0.004814  -0.890629 -0.449883 -0.066220  0.815309 0.318403  1  30 1.000000
0  -0.017881 0.006866 -0.002284  -0.890629 -0.449883 -0.066220  0.901787 0.456238  1  30 1.000000
0  -0.007146 -0.013054 -0.011333  -0.890629 -0.449883 -0.066220  0.703731 0.324064  1  30 1.000000
Material
0  0.003462 -0.013080 0.009436  -0.341024 0.033585 0.939455  0.815252 0.241066  1  30 1.000000
0  -0.005530 0.020844 0.004959  -0.341024 0.033585 0.939455  0.690240 0.241603  1  30 1.000000
0  -0.015113 0.010012 0.001868  -0.341024 0.033585 0.939455  0.729747 0.215040  1  30 1.000000
Material
0  0.014279 -0.013075 -0.005934  -0.000764 -0.999999 -0.000847  0.325866 0.316369  1  30 1.000000
0  -0.008340 -0.013067 0.004814  -0.000764 -0.999999 -0.000847  0.357813 0.323194  1  30 1.000000
0  -0.007146 -0.013054 -0.011333  -0.000764 -0.999999 -0.000847  0.361073 0.361073  1  30 1.000000
Material
0  0.011377 -0.013069 -0.010507  0.040520 0.431257 -0.901319  1.000000 0.331854  1  30 1.000000
0  -0.017881 0.006866 -0.002284  0.040520 0.431257 -0.901319  0.851455 0.238934  1  30 1.000000
0  -0.005530 0.020844 0.004959  0.040520 0.431257 -0.901319  0.762821 0.128539  1  30 1.000000
Material
0  -0.017881 0.006866 -0.002284  -0.360131 0.155161 0.919908  0.742218 0.206880  1  30 1.000000
0  -0.008340 -0.013067 0.004814  -0.360131 0.155161 0.919908  0.815194 0.215845  1  30 1.000000
0  0.003462 -0.013080 0.009436  -0.360131 0.155161 0.919908  0.815252 0.241066  1  30 1.000000
Material
0  0.003462 -0.013080 0.009436  -0.403031 0.013934 0.915080  0.815252 0.241066  1  30 1.000000
0  0.004705 0.010931 0.009618  -0.403031 0.013934 0.915080  0.726360 0.257951  1  30 1.000000
0  -0.005530 0.020844 0.004959  -0.403031 0.013934 0.915080  0.690240 0.241603  1  30 1.000000
Material
0  -0.015113 0.010012 0.001868  -0.664383 -0.311799 0.679247  0.729747 0.215040  1  30 1.000000
0  -0.017881 0.006866 -0.002284  -0.664383 -0.311799 0.679247  0.742218 0.206880  1  30 1.000000
0  0.003462 -0.013080 0.009436  -0.664383 -0.311799 0.679247  0.815252 0.241066  1  30 1.000000
Material
0  -0.007146 -0.013054 -0.011333  -0.000764 -0.999999 -0.000848  0.361073 0.361073  1  30 1.000000
0  0.011377 -0.013069 -0.010507  -0.000764 -0.999999 -0.000848  0.331854 0.331854  1  30 1.000000
0  0.014279 -0.013075 -0.005934  -0.000764 -0.999999 -0.000848  0.325866 0.316369  1  30 1.000000
Material
0  0.014279 -0.013075 -0.005934  -0.000764 -0.999999 -0.000847  0.325866 0.316369  1  30 1.000000
0  0.003462 -0.013080 0.009436  -0.000764 -0.999999 -0.000847  0.337897 0.294523  1  30 1.000000
0  -0.008340 -0.013067 0.004814  -0.000764 -0.999999 -0.000847  0.357813 0.323194  1  30 1.000000
Material
0  0.006610 0.014057 0.002257  0.040520 0.431257 -0.901319  0.799764 0.149945  1  30 1.000000
0  0.013576 0.002633 -0.002895  0.040520 0.431257 -0.901319  0.883702 0.218702  1  30 1.000000
0  0.011377 -0.013069 -0.010507  0.040520 0.431257 -0.901319  1.000000 0.331854  1  30 1.000000
Material
0  0.011377 -0.013069 -0.010507  0.040520 0.431257 -0.901319  1.000000 0.331854  1  30 1.000000
0  -0.007146 -0.013054 -0.011333  0.040520 0.431257 -0.901319  1.000000 0.361073  1  30 1.000000
0  -0.017881 0.006866 -0.002284  0.040520 0.431257 -0.901319  0.851455 0.238934  1  30 1.000000
Material
0  -0.017881 0.006866 -0.002284  -0.748480 0.663149 -0.003345  0.851455 0.238934  1  30 1.000000
0  -0.015113 0.010012 0.001868  -0.748480 0.663149 -0.003345  0.816660 0.199282  1  30 1.000000
0  -0.005530 0.020844 0.004959  -0.748480 0.663149 -0.003345  0.762821 0.128539  1  30 1.000000
Material
0  -0.005530 0.020844 0.004959  0.040520 0.431257 -0.901319  0.762821 0.128539  1  30 1.000000
0  0.006610 0.014057 0.002257  0.040520 0.431257 -0.901319  0.799764 0.149945  1  30 1.000000
0  0.011377 -0.013069 -0.010507  0.040520 0.431257 -0.901319  1.000000 0.331854  1  30 1.000000
Material
0  0.010468 -0.003942 -0.001415  0.040520 0.431256 -0.901319  1.000000 0.303154  1  31 1.000000
0  -0.006033 -0.003929 -0.002151  0.040520 0.431256 -0.901319  1.000000 0.329183  1  31 1.000000
0  -0.004435 0.007870 0.003566  0.040520 0.431256 -0.901319  0.912563 0.244244  1  31 1.000000
Material
0  -0.000742 0.006802 0.002329  0.488513 0.803315 -0.340647  0.912654 0.801506  1  32 1.000000
0  0.006611 0.000079 -0.002981  0.488513 0.803315 -0.340647  1.000000 0.726352  1  32 1.000000
0  -0.012940 0.012165 -0.002516  0.488513 0.803315 -0.340647  1.000000 0.927710  1  32 1.000000
Material
0  -0.012940 0.012165 -0.002516  -0.166029 -0.231717 -0.958510  0.927710 0.927710  1  32 1.000000
0  0.008662 -0.006351 -0.001782  -0.166029 -0.231717 -0.958510  0.690260 0.631359  1  32 1.000000
0  -0.005435 -0.006343 0.000658  -0.166029 -0.231717 -0.958510  0.810218 0.651971  1  32 1.000000
Material
0  0.006611 0.000079 -0.002981  0.735689 0.343565 0.583716  0.888872 0.553895  1  32 1.000000
0  0.003844 -0.006353 0.004292  0.735689 0.343565 0.583716  0.897660 0.606901  1  32 1.000000
0  0.008662 -0.006351 -0.001782  0.735689 0.343565 0.583716  0.844839 0.562638  1  32 1.000000
Material
0  -0.005435 -0.006343 0.000658  -0.364658 0.011825 0.931066  0.815343 0.280036  1  32 1.000000
0  -0.000742 0.006802 0.002329  -0.364658 0.011825 0.931066  0.766682 0.297857  1  32 1.000000
0  -0.012940 0.012165 -0.002516  -0.364658 0.011825 0.931066  0.746817 0.274958  1  32 1.000000
Material
0  0.008662 -0.006351 -0.001782  -0.000764 -0.999999 -0.000847  0.285858 0.235516  1  32 1.000000
0  0.003844 -0.006353 0.004292  -0.000764 -0.999999 -0.000847  0.291463 0.227681  1  32 1.000000
0  -0.005435 -0.006343 0.000658  -0.000764 -0.999999 -0.000847  0.307122 0.250223  1  32 1.000000
Material
0  -0.012940 0.012165 -0.002516  -0.166029 -0.231717 -0.958510  0.927710 0.927710  1  32 1.000000
0  0.006611 0.000079 -0.002981  -0.166029 -0.231717 -0.958510  0.726352 0.726352  1  32 1.000000
0  0.008662 -0.006351 -0.001782  -0.166029 -0.231717 -0.958510  0.690260 0.631359  1  32 1.000000
Material
0  0.006611 0.000079 -0.002981  0.735689 0.343565 0.583716  0.888872 0.553895  1  32 1.000000
0  -0.000742 0.006802 0.002329  0.735689 0.343565 0.583716  0.992005 0.592587  1  32 1.000000
0  0.003844 -0.006353 0.004292  0.735689 0.343565 0.583716  0.897660 0.606901  1  32 1.000000
Material
0  -0.005435 -0.006343 0.000658  -0.364658 0.011825 0.931066  0.815343 0.280036  1  32 1.000000
0  0.003844 -0.006353 0.004292  -0.364658 0.011825 0.931066  0.815389 0.299866  1  32 1.000000
0  -0.000742 0.006802 0.002329  -0.364658 0.011825 0.931066  0.766682 0.297857  1  32 1.000000
Material
0  -0.005399 -0.001903 -0.002090  -0.364658 0.011825 0.931066  0.814963 0.116105  1  33 1.000000
0  0.002697 -0.001912 0.001081  -0.364658 0.011825 0.931066  0.815003 0.133408  1  33 1.000000
0  0.002702 0.003815 0.001010  -0.364658 0.011825 0.931066  0.793801 0.136810  1  33 1.000000
Material
0  0.001288 0.003022 0.000466  -0.364658 0.011825 0.931066  0.728736 0.200471  1  34 1.000000
0  -0.004884 -0.001335 -0.001896  -0.364658 0.011825 0.931066  0.744860 0.184695  1  34 1.000000
0  0.003597 -0.001687 0.001430  -0.364658 0.011825 0.931066  0.746173 0.202617  1  34 1.000000
Material
0  -0.000299 0.010968 -0.000194  -0.691672 0.249135 0.677880  0.995339 0.749434  1  35 1.000000
0  -0.002439 -0.005650 0.003730  -0.691672 0.249135 0.677880  0.390843 0.138909  1  35 1.000000
0  0.001502 0.006934 0.003126  -0.691672 0.249135 0.677880  0.849423 0.568031  1  35 1.000000
Material
0  0.001502 0.006934 0.003126  0.890903 0.449782 0.063147  1.000000 0.574021  1  35 1.000000
0  0.006988 -0.002600 -0.006359  0.890903 0.449782 0.063147  1.000000 0.638568  1  35 1.000000
0  -0.000299 0.010968 -0.000194  0.890903 0.449782 0.063147  0.949942 0.546617  1  35 1.000000
Material
0  0.007522 -0.005661 0.007631  0.891242 0.448966 0.064163  0.664286 0.537871  1  35 1.000000
0  0.006988 -0.002600 -0.006359  0.891242 0.448966 0.064163  0.638568 0.638568  1  35 1.000000
0  0.001502 0.006934 0.003126  0.891242 0.448966 0.064163  0.596899 0.554680  1  35 1.000000
Material
0  -0.002439 -0.005650 0.003730  -0.360031 0.156867 0.919658  0.815134 0.189785  1  35 1.000000
0  0.007522 -0.005661 0.007631  -0.360031 0.156867 0.919658  0.815183 0.211073  1  35 1.000000
0  0.001502 0.006934 0.003126  -0.360031 0.156867 0.919658  0.780150 0.206787  1  35 1.000000
Material
0  0.006988 -0.002600 -0.006359  0.040520 0.431257 -0.901319  1.000000 0.364743  1  35 1.000000
0  -0.013273 -0.003990 -0.007935  0.040520 0.431257 -0.901319  1.000000 0.397894  1  35 1.000000
0  -0.000299 0.010968 -0.000194  0.040520 0.431257 -0.901319  0.883620 0.269004  1  35 1.000000
Material
0  0.006988 -0.002600 -0.006359  0.083530 -0.972817 -0.215987  0.364743 0.364743  1  35 1.000000
0  -0.002439 -0.005650 0.003730  0.083530 -0.972817 -0.215987  0.378393 0.352819  1  35 1.000000
0  -0.013273 -0.003990 -0.007935  0.083530 -0.972817 -0.215987  0.397894 0.397894  1  35 1.000000
Material
0  -0.000299 0.010968 -0.000194  -0.691672 0.249135 0.677881  0.995339 0.749434  1  35 1.000000
0  -0.013273 -0.003990 -0.007935  -0.691672 0.249135 0.677881  0.447211 0.357846  1  35 1.000000
0  -0.002439 -0.005650 0.003730  -0.691672 0.249135 0.677881  0.390843 0.138909  1  35 1.000000
Material
0  0.006988 -0.002600 -0.006359  0.083530 -0.972817 -0.215987  0.364743 0.364743  1  35 1.000000
0  0.007522 -0.005661 0.007631  0.083530 -0.972817 -0.215987  0.361582 0.328620  1  35 1.000000
0  -0.002439 -0.005650 0.003730  0.083530 -0.972817 -0.215987  0.378393 0.352819  1  35 1.000000
Material
0  0.009320 0.008065 0.001922  0.056317 0.936510 0.346090  0.782579 0.000000  1  36 1.000000
0  -0.000466 0.008703 0.001787  0.056317 0.936510 0.346090  0.857991 0.069980  1  36 1.000000
0  0.013455 0.005933 0.007019  0.056317 0.936510 0.346090  0.723661 0.011921  1  36 1.000000
Material
0  0.006265 -0.008051 0.004636  0.699994 -0.245647 -0.670572  0.397129 0.214345  1  36 1.000000
0  0.009320 0.008065 0.001922  0.699994 -0.245647 -0.670572  1.000000 0.266176  1  36 1.000000
0  0.013455 0.005933 0.007019  0.699994 -0.245647 -0.670572  0.906452 0.290022  1  36 1.000000
Material
0  -0.000466 0.008703 0.001787  -0.527334 -0.067832 0.846946  0.753081 0.176652  1  36 1.000000
0  -0.011393 -0.007142 -0.006286  -0.527334 -0.067832 0.846946  0.815012 0.137384  1  36 1.000000
0  0.006265 -0.008051 0.004636  -0.527334 -0.067832 0.846946  0.815114 0.181114  1  36 1.000000
Material
0  -0.014124 -0.000937 -0.003440  0.040520 0.431257 -0.901319  0.947119 0.371245  1  36 1.000000
0  0.009320 0.008065 0.001922  0.040520 0.431257 -0.901319  0.885952 0.276301  1  36 1.000000
0  -0.003057 -0.006570 -0.005638  0.040520 0.431257 -0.901319  1.000000 0.402058  1  36 1.000000
Material
0  -0.003057 -0.006570 -0.005638  0.083530 -0.972817 -0.215987  0.402058 0.402058  1  36 1.000000
0  0.006265 -0.008051 0.004636  0.083530 -0.972817 -0.215987  0.385240 0.362676  1  36 1.000000
0  -0.011393 -0.007142 -0.006286  0.083530 -0.972817 -0.215987  0.415698 0.415698  1  36 1.000000
Material
0  0.006265 -0.008051 0.004636  0.699994 -0.245647 -0.670572  0.397129 0.214345  1  36 1.000000
0  -0.003057 -0.006570 -0.005638  0.699994 -0.245647 -0.670572  0.450358 0.068134  1  36 1.000000
0  0.009320 0.008065 0.001922  0.699994 -0.245647 -0.670572  1.000000 0.266176  1  36 1.000000
Material
0  0.006265 -0.008051 0.004636  -0.348357 0.019410 0.937161  0.815114 0.181114  1  36 1.000000
0  0.013455 0.005933 0.007019  -0.348357 0.019410 0.937161  0.755157 0.203723  1  36 1.000000
0  -0.000466 0.008703 0.001787  -0.348357 0.019410 0.937161  0.753081 0.176652  1  36 1.000000
Material
0  -0.000466 0.008703 0.001787  -0.040520 -0.431257 0.901319  0.753081 0.176652  1  36 1.000000
0  -0.014124 -0.000937 -0.003440  -0.040520 -0.431257 0.901319  0.788759 0.141743  1  36 1.000000
0  -0.011393 -0.007142 -0.006286  -0.040520 -0.431257 0.901319  0.815012 0.137384  1  36 1.000000
Material
0  -0.003057 -0.006570 -0.005638  0.040520 0.431257 -0.901319  1.000000 0.402058  1  36 1.000000
0  -0.011393 -0.007142 -0.006286  0.040520 0.431257 -0.901319  1.000000 0.415698  1  36 1.000000
0  -0.014124 -0.000937 -0.003440  0.040520 0.431257 -0.901319  0.947119 0.371245  1  36 1.000000
Material
0  -0.014124 -0.000937 -0.003440  0.040520 0.431257 -0.901319  0.947119 0.371245  1  36 1.000000
0  -0.000466 0.008703 0.001787  0.040520 0.431257 -0.901319  0.875119 0.282291  1  36 1.000000
0  0.009320 0.008065 0.001922  0.040520 0.431257 -0.901319  0.885952 0.276301  1  36 1.000000
Material
0  0.009212 -0.007701 0.004712  0.726754 -0.534331 0.431647  0.553655 0.118821  1  37 1.000000
0  0.016358 -0.007697 -0.007314  0.726754 -0.534331 0.431647  0.462295 0.000000  1  37 1.000000
0  0.015450 0.000503 0.004364  0.726754 -0.534331 0.431647  0.551102 0.000000  1  37 1.000000
Material
0  0.015473 0.003165 -0.002156  0.997306 0.066606 0.030722  1.000000 0.490154  1  37 1.000000
0  0.015450 0.000503 0.004364  0.997306 0.066606 0.030722  0.448898 0.000000  1  37 1.000000
0  0.016358 -0.007697 -0.007314  0.997306 0.066606 0.030722  0.537705 0.000000  1  37 1.000000
Material
0  0.015473 0.003165 -0.002156  0.238733 0.867761 -0.435886  0.490154 0.490154  1  37 1.000000
0  0.000976 0.010105 0.003721  0.238733 0.867761 -0.435886  0.543823 0.265900  1  37 1.000000
0  0.013776 0.006739 0.004030  0.238733 0.867761 -0.435886  0.545142 0.545142  1  37 1.000000
Material
0  -0.014663 -0.007674 -0.006382  -0.761745 0.438182 -0.477222  1.000000 0.452151  1  37 1.000000
0  -0.018803 -0.007676 0.000225  -0.761745 0.438182 -0.477222  1.000000 0.498272  1  37 1.000000
0  -0.010880 0.001178 -0.004292  -0.761745 0.438182 -0.477222  0.527025 0.000000  1  37 1.000000
Material
0  -0.012052 -0.007685 0.004481  -0.847687 0.425550 0.316756  0.608524 0.414163  1  37 1.000000
0  -0.004831 0.009914 0.000160  -0.847687 0.425550 0.316756  0.867352 0.451267  1  37 1.000000
0  -0.010880 0.001178 -0.004292  -0.847687 0.425550 0.316756  0.761633 0.464047  1  37 1.000000
Material
0  -0.012052 -0.007685 0.004481  -0.010818 0.050582 0.998661  0.925693 0.187271  1  37 1.000000
0  0.015450 0.000503 0.004364  -0.010818 0.050582 0.998661  0.994713 0.217698  1  37 1.000000
0  0.013776 0.006739 0.004030  -0.010818 0.050582 0.998661  0.995570 0.240731  1  37 1.000000
Material
0  -0.004831 0.009914 0.000160  0.040520 0.431257 -0.901319  0.868745 0.481017  1  37 1.000000
0  0.016358 -0.007697 -0.007314  0.040520 0.431257 -0.901319  1.000000 0.570480  1  37 1.000000
0  -0.010880 0.001178 -0.004292  0.040520 0.431257 -0.901319  0.933953 0.551610  1  37 1.000000
Material
0  -0.012052 -0.007685 0.004481  -0.000764 -0.999999 -0.000847  0.611147 0.583235  1  37 1.000000
0  -0.014663 -0.007674 -0.006382  -0.000764 -0.999999 -0.000847  0.615345 0.615345  1  37 1.000000
0  0.016358 -0.007697 -0.007314  -0.000764 -0.999999 -0.000847  0.570480 0.570480  1  37 1.000000
Material
0  0.015473 0.003165 -0.002156  0.958332 0.263261 0.110872  1.000000 0.490154  1  37 1.000000
0  0.013776 0.006739 0.004030  0.958332 0.263261 0.110872  1.000000 0.545142  1  37 1.000000
0  0.015450 0.000503 0.004364  0.958332 0.263261 0.110872  0.448898 0.000000  1  37 1.000000
Material
0  0.015473 0.003165 -0.002156  0.238733 0.867761 -0.435886  0.490154 0.490154  1  37 1.000000
0  -0.004831 0.009914 0.000160  0.238733 0.867761 -0.435886  0.512927 0.088661  1  37 1.000000
0  0.000976 0.010105 0.003721  0.238733 0.867761 -0.435886  0.543823 0.265900  1  37 1.000000
Material
0  -0.010880 0.001178 -0.004292  -0.394119 0.672303 0.626640  0.761633 0.464047  1  37 1.000000
0  -0.018803 -0.007676 0.000225  -0.394119 0.672303 0.626640  0.594433 0.449109  1  37 1.000000
0  -0.012052 -0.007685 0.004481  -0.394119 0.672303 0.626640  0.608524 0.414163  1  37 1.000000
Material
0  -0.012052 -0.007685 0.004481  -0.490153 0.392193 0.778418  0.608524 0.414163  1  37 1.000000
0  0.000976 0.010105 0.003721  -0.490153 0.392193 0.778418  0.882218 0.422048  1  37 1.000000
0  -0.004831 0.009914 0.000160  -0.490153 0.392193 0.778418  0.867352 0.451267  1  37 1.000000
Material
0  -0.004831 0.009914 0.000160  -0.040520 -0.431257 0.901319  0.867352 0.451267  1  37 1.000000
0  -0.010015 0.006829 -0.001549  -0.040520 -0.431257 0.901319  0.813720 0.465020  1  37 1.000000
0  -0.010880 0.001178 -0.004292  -0.040520 -0.431257 0.901319  0.761633 0.464047  1  37 1.000000
Material
0  0.013776 0.006739 0.004030  -0.010818 0.050582 0.998661  0.995570 0.240731  1  37 1.000000
0  0.000976 0.010105 0.003721  -0.010818 0.050582 0.998661  0.968839 0.253086  1  37 1.000000
0  -0.012052 -0.007685 0.004481  -0.010818 0.050582 0.998661  0.925693 0.187271  1  37 1.000000
Material
0  -0.012052 -0.007685 0.004481  -0.010818 0.050582 0.998661  0.925693 0.187271  1  37 1.000000
0  0.009212 -0.007701 0.004712  -0.010818 0.050582 0.998661  0.974288 0.187346  1  37 1.000000
0  0.015450 0.000503 0.004364  -0.010818 0.050582 0.998661  0.994713 0.217698  1  37 1.000000
Material
0  -0.004831 0.009914 0.000160  0.040520 0.431257 -0.901319  0.868745 0.481017  1  37 1.000000
0  0.015473 0.003165 -0.002156  0.040520 0.431257 -0.901319  0.918977 0.496018  1  37 1.000000
0  0.016358 -0.007697 -0.007314  0.040520 0.431257 -0.901319  1.000000 0.570480  1  37 1.000000
Material
0  0.016358 -0.007697 -0.007314  -0.028964 0.241392 -0.969995  1.000000 0.570480  1  37 1.000000
0  -0.014663 -0.007674 -0.006382  -0.028964 0.241392 -0.969995  1.000000 0.615345  1  37 1.000000
0  -0.010880 0.001178 -0.004292  -0.028964 0.241392 -0.969995  0.933953 0.551610  1  37 1.000000
Material
0  0.016358 -0.007697 -0.007314  -0.000764 -0.999999 -0.000847  0.570480 0.570480  1  37 1.000000
0  0.009212 -0.007701 0.004712  -0.000764 -0.999999 -0.000847  0.577833 0.551452  1  37 1.000000
0  -0.012052 -0.007685 0.004481  -0.000764 -0.999999 -0.000847  0.611147 0.583235  1  37 1.000000
Material
0  -0.012052 -0.007685 0.004481  -0.000764 -0.999999 -0.000847  0.611147 0.583235  1  37 1.000000
0  -0.018803 -0.007676 0.000225  -0.000764 -0.999999 -0.000847  0.623053 0.603593  1  37 1.000000
0  -0.014663 -0.007674 -0.006382  -0.000764 -0.999999 -0.000847  0.615345 0.615345  1  37 1.000000
Material
0  0.000113 -0.001242 -0.007765  0.240357 0.875161 -0.419907  0.459721 0.000000  1  38 1.000000
0  -0.002222 0.004994 0.003896  0.240357 0.875161 -0.419907  0.593073 0.034899  1  38 1.000000
0  0.007686 -0.001252 -0.003450  0.240357 0.875161 -0.419907  0.668244 0.173814  1  38 1.000000
Material
0  -0.002222 0.004994 0.003896  -0.691892 0.569896 -0.443288  1.000000 0.442487  1  38 1.000000
0  0.000113 -0.001242 -0.007765  -0.691892 0.569896 -0.443288  0.940599 0.484996  1  38 1.000000
0  -0.006832 -0.001246 0.003068  -0.691892 0.569896 -0.443288  0.562098 0.000000  1  38 1.000000
Material
0  0.001255 -0.001253 0.004250  0.696324 0.420442 0.581689  0.187385 0.187385  1  38 1.000000
0  0.007686 -0.001252 -0.003450  0.696324 0.420442 0.581689  0.487296 0.186623  1  38 1.000000
0  -0.002222 0.004994 0.003896  0.696324 0.420442 0.581689  0.208452 0.208452  1  38 1.000000
Material
0  0.001255 -0.001253 0.004250  -0.144642 -0.024423 0.989183  1.000000 0.187385  1  38 1.000000
0  -0.002222 0.004994 0.003896  -0.144642 -0.024423 0.989183  0.996746 0.210447  1  38 1.000000
0  -0.006832 -0.001246 0.003068  -0.144642 -0.024423 0.989183  0.980031 0.187354  1  38 1.000000
Material
0  0.001255 -0.001253 0.004250  -0.000764 -0.999999 -0.000847  0.560206 0.534636  1  38 1.000000
0  0.000113 -0.001242 -0.007765  -0.000764 -0.999999 -0.000847  0.561044 0.561044  1  38 1.000000
0  0.007686 -0.001252 -0.003450  -0.000764 -0.999999 -0.000847  0.552596 0.544095  1  38 1.000000
Material
0  0.001255 -0.001253 0.004250  -0.000764 -0.999999 -0.000847  0.560206 0.534636  1  38 1.000000
0  -0.006832 -0.001246 0.003068  -0.000764 -0.999999 -0.000847  0.573222 0.549408  1  38 1.000000
0  0.000113 -0.001242 -0.007765  -0.000764 -0.999999 -0.000847  0.561044 0.561044  1  38 1.000000
Material
0  0.008353 -0.006158 -0.004085  -0.321709 -0.887872 0.328917  0.533529 0.201235  1  39 1.000000
0  -0.003513 0.002044 0.006449  -0.321709 -0.887872 0.328917  0.441060 0.000000  1  39 1.000000
0  -0.001066 -0.002445 -0.003275  -0.321709 -0.887872 0.328917  0.525692 0.000000  1  39 1.000000
Material
0  -0.003513 0.002044 0.006449  -0.964307 -0.225673 -0.138507  0.441060 0.441060  1  39 1.000000
0  -0.003774 0.006559 0.000911  -0.964307 -0.225673 -0.138507  1.000000 0.489898  1  39 1.000000
0  -0.001066 -0.002445 -0.003275  -0.964307 -0.225673 -0.138507  0.525692 0.525692  1  39 1.000000
Material
0  -0.003774 0.006559 0.000911  0.735582 0.541637 0.406877  0.284463 0.243140  1  39 1.000000
0  -0.003513 0.002044 0.006449  0.735582 0.541637 0.406877  0.218981 0.217677  1  39 1.000000
0  0.008353 -0.006158 -0.004085  0.735582 0.541637 0.406877  0.636664 0.186244  1  39 1.000000
Material
0  -0.003774 0.006559 0.000911  0.098342 0.443734 -0.890746  0.872323 0.449411  1  39 1.000000
0  0.008353 -0.006158 -0.004085  0.098342 0.443734 -0.890746  1.000000 0.550418  1  39 1.000000
0  -0.001066 -0.002445 -0.003275  0.098342 0.443734 -0.890746  0.972363 0.538479  1  39 1.000000
Material
0  0.002970 -0.001790 0.004631  0.744444 0.474868 0.469364  0.504837 0.504837  1  40 1.000000
0  0.006327 -0.001788 -0.000694  0.744444 0.474868 0.469364  0.462250 0.446954  1  40 1.000000
0  0.001334 0.005350 0.000004  0.744444 0.474868 0.469364  0.534780 0.474409  1  40 1.000000
Material
0  0.001334 0.005350 0.000004  -0.490153 0.392193 0.778418  0.685761 0.497833  1  40 1.000000
0  -0.010631 -0.001772 -0.003942  -0.490153 0.392193 0.778418  0.561987 0.529573  1  40 1.000000
0  0.002970 -0.001790 0.004631  -0.490153 0.392193 0.778418  0.630779 0.468937  1  40 1.000000
Material
0  0.006327 -0.001788 -0.000694  0.183633 0.222011 -0.957596  1.000000 0.622799  1  40 1.000000
0  -0.010631 -0.001772 -0.003942  0.183633 0.222011 -0.957596  1.000000 0.650466  1  40 1.000000
0  0.001334 0.005350 0.000004  0.183633 0.222011 -0.957596  0.946798 0.581783  1  40 1.000000
Material
0  0.002970 -0.001790 0.004631  -0.000764 -0.999999 -0.000847  0.626482 0.609456  1  40 1.000000
0  -0.010631 -0.001772 -0.003942  -0.000764 -0.999999 -0.000847  0.650466 0.650466  1  40 1.000000
0  0.006327 -0.001788 -0.000694  -0.000764 -0.999999 -0.000847  0.622926 0.617599  1  40 1.000000
Material
0  0.002211 0.004796 0.001286  -0.564541 0.446424 -0.694262  0.914431 0.538143  1  41 1.000000
0  0.000532 -0.003961 -0.002979  -0.564541 0.446424 -0.694262  0.979771 0.601965  1  41 1.000000
0  -0.002743 -0.000835 0.001693  -0.564541 0.446424 -0.694262  0.937112 0.569278  1  41 1.000000
Material
0  0.006483 -0.003626 0.000841  -0.192225 -0.208344 0.958980  0.998582 0.251156  1  42 1.000000
0  -0.002467 0.002709 0.000424  -0.192225 -0.208344 0.958980  0.982881 0.274505  1  42 1.000000
0  -0.009199 -0.001298 -0.001796  -0.192225 -0.208344 0.958980  0.973853 0.260734  1  42 1.000000
Material
0  0.006483 -0.003626 0.000841  -0.010818 0.050582 0.998661  0.998582 0.251156  1  42 1.000000
0  0.005184 0.002215 0.000531  -0.010818 0.050582 0.998661  1.000000 0.272731  1  42 1.000000
0  -0.002467 0.002709 0.000424  -0.010818 0.050582 0.998661  0.982881 0.274505  1  42 1.000000
end
